频率 (Hz)	电平 (dB)
5.859375	-90.943954
11.718750	-96.217476
17.578125	-97.655472
23.437500	-99.227516
29.296875	-98.928406
35.156250	-95.825211
41.015625	-88.783485
46.875000	-82.576324
52.734375	-76.762161
58.593750	-72.446770
64.453125	-69.180672
70.312500	-64.627213
76.171875	-58.176762
82.031250	-58.392258
87.890625	-59.653458
93.750000	-53.540886
99.609375	-51.235321
105.468750	-56.297989
111.328125	-58.702202
117.187500	-59.745865
123.046875	-60.401787
128.906250	-61.786484
134.765625	-63.465004
140.625000	-62.838505
146.484375	-62.638279
152.343750	-62.367630
158.203125	-64.075386
164.062500	-64.910667
169.921875	-62.069691
175.781250	-58.964539
181.640625	-61.215382
187.500000	-63.610016
193.359375	-54.120457
199.218750	-51.434669
205.078125	-57.455254
210.937500	-61.781380
216.796875	-61.268383
222.656250	-63.008633
228.515625	-65.891426
234.375000	-65.916573
240.234375	-64.818443
246.093750	-65.139130
251.953125	-61.280087
257.812500	-61.296726
263.671875	-65.127258
269.531250	-65.056541
275.390625	-59.559990
281.250000	-57.541077
287.109375	-56.773773
292.968750	-54.217384
298.828125	-57.823177
304.687500	-61.604919
310.546875	-59.219070
316.406250	-61.203526
322.265625	-68.009216
328.125000	-63.794922
333.984375	-62.466740
339.843750	-64.553909
345.703125	-66.182396
351.562500	-68.534012
357.421875	-65.858040
363.281250	-64.463501
369.140625	-66.569229
375.000000	-67.561447
380.859375	-61.930553
386.718750	-55.205757
392.578125	-49.741547
398.437500	-53.113438
404.296875	-60.611691
410.156250	-62.289009
416.015625	-64.094200
421.875000	-69.499634
427.734375	-66.334976
433.593750	-63.193256
439.453125	-64.497169
445.312500	-67.178154
451.171875	-64.552025
457.031250	-64.305145
462.890625	-64.182816
468.750000	-60.661930
474.609375	-58.890430
480.468750	-58.411091
486.328125	-53.764660
492.187500	-51.289951
498.046875	-56.848148
503.906250	-62.076195
509.765625	-63.010723
515.625000	-63.777981
521.484375	-66.909386
527.343750	-65.582962
533.203125	-64.883377
539.062500	-67.274361
544.921875	-63.710976
550.781250	-60.583881
556.640625	-62.610989
562.500000	-64.594795
568.359375	-62.877743
574.218750	-60.636581
580.078125	-61.119476
585.937500	-58.725761
591.796875	-59.366718
597.656250	-63.051159
603.515625	-66.843285
609.375000	-66.146332
615.234375	-66.650108
621.093750	-66.726112
626.953125	-65.201988
632.812500	-64.838585
638.671875	-62.741570
644.531250	-62.061558
650.390625	-60.625050
656.250000	-61.338116
662.109375	-63.850220
667.968750	-64.124634
673.828125	-64.066978
679.687500	-59.655121
685.546875	-55.470501
691.406250	-57.270367
697.265625	-61.868179
703.125000	-64.832230
708.984375	-67.009354
714.843750	-67.763718
720.703125	-67.464394
726.562500	-65.787987
732.421875	-63.358086
738.281250	-64.769592
744.140625	-64.439278
750.000000	-63.284344
755.859375	-62.359505
761.718750	-63.146648
767.578125	-63.110252
773.437500	-63.575302
779.296875	-65.655312
785.156250	-62.031139
791.015625	-62.219498
796.875000	-60.530361
802.734375	-59.741665
808.593750	-60.345131
814.453125	-63.582901
820.312500	-65.779167
826.171875	-62.452335
832.031250	-61.482143
837.890625	-64.191032
843.750000	-62.208389
849.609375	-61.772141
855.468750	-63.074280
861.328125	-62.505928
867.187500	-61.782238
873.046875	-60.644100
878.906250	-55.348717
884.765625	-53.760227
890.625000	-58.747639
896.484375	-57.482895
902.343750	-58.904976
908.203125	-63.635857
914.062500	-63.764584
919.921875	-62.707493
925.781250	-61.748993
931.640625	-62.645729
937.500000	-64.073914
943.359375	-61.744541
949.218750	-61.483910
955.078125	-63.466869
960.937500	-59.719719
966.796875	-58.594814
972.656250	-63.276733
978.515625	-59.869606
984.375000	-57.902611
990.234375	-58.727184
996.093750	-60.142536
1001.953125	-61.690762
1007.812500	-63.985386
1013.671875	-61.170296
1019.531250	-58.881874
1025.390625	-59.450706
1031.250000	-62.110481
1037.109375	-61.143158
1042.968750	-59.177223
1048.828125	-59.381374
1054.687500	-60.847832
1060.546875	-60.949085
1066.406250	-60.659206
1072.265625	-60.352177
1078.125000	-57.536709
1083.984375	-56.663002
1089.843750	-59.343819
1095.703125	-61.767738
1101.562500	-64.884010
1107.421875	-64.245407
1113.281250	-62.401588
1119.140625	-61.828579
1125.000000	-61.873543
1130.859375	-63.139793
1136.718750	-61.989841
1142.578125	-59.202587
1148.437500	-60.325565
1154.296875	-59.974594
1160.156250	-60.326332
1166.015625	-62.190266
1171.875000	-61.131786
1177.734375	-60.247120
1183.593750	-61.208076
1189.453125	-62.510014
1195.312500	-62.305370
1201.171875	-60.986588
1207.031250	-61.109894
1212.890625	-62.273937
1218.750000	-61.136593
1224.609375	-61.848713
1230.468750	-63.977432
1236.328125	-64.289780
1242.187500	-61.618210
1248.046875	-59.568115
1253.906250	-59.736301
1259.765625	-61.918034
1265.625000	-61.949989
1271.484375	-62.276524
1277.343750	-60.805378
1283.203125	-59.277573
1289.062500	-60.195560
1294.921875	-62.076881
1300.781250	-62.679756
1306.640625	-63.984970
1312.500000	-61.221935
1318.359375	-60.052353
1324.218750	-62.987652
1330.078125	-63.175274
1335.937500	-63.061440
1341.796875	-63.549492
1347.656250	-60.757187
1353.515625	-59.186901
1359.375000	-61.006145
1365.234375	-60.620930
1371.093750	-60.061440
1376.953125	-60.511520
1382.812500	-61.766865
1388.671875	-60.392166
1394.531250	-59.787514
1400.390625	-61.182995
1406.250000	-61.907124
1412.109375	-61.452652
1417.968750	-59.955112
1423.828125	-60.767426
1429.687500	-63.597080
1435.546875	-63.566799
1441.406250	-62.238331
1447.265625	-60.710682
1453.125000	-60.371017
1458.984375	-56.965004
1464.843750	-57.892750
1470.703125	-59.845345
1476.562500	-60.210762
1482.421875	-62.143826
1488.281250	-58.079483
1494.140625	-58.717529
1500.000000	-61.148621
1505.859375	-61.608337
1511.718750	-62.650917
1517.578125	-62.808308
1523.437500	-64.162392
1529.296875	-63.307144
1535.156250	-61.733154
1541.015625	-61.270477
1546.875000	-63.092293
1552.734375	-62.858345
1558.593750	-61.994129
1564.453125	-59.532539
1570.312500	-59.042004
1576.171875	-60.276379
1582.031250	-60.433445
1587.890625	-61.067345
1593.750000	-61.614513
1599.609375	-61.781197
1605.468750	-60.837402
1611.328125	-61.882179
1617.187500	-64.341042
1623.046875	-64.001350
1628.906250	-60.880779
1634.765625	-61.739273
1640.625000	-62.829552
1646.484375	-61.659370
1652.343750	-60.688240
1658.203125	-61.490223
1664.062500	-61.156357
1669.921875	-57.393116
1675.781250	-58.768566
1681.640625	-61.992649
1687.500000	-61.307686
1693.359375	-62.132393
1699.218750	-61.021252
1705.078125	-61.577126
1710.937500	-62.423416
1716.796875	-63.556526
1722.656250	-63.406410
1728.515625	-63.767311
1734.375000	-62.845333
1740.234375	-61.428349
1746.093750	-62.370789
1751.953125	-61.701889
1757.812500	-60.175549
1763.671875	-58.833385
1769.531250	-59.603310
1775.390625	-62.945339
1781.250000	-61.005753
1787.109375	-59.815468
1792.968750	-60.466827
1798.828125	-60.417080
1804.687500	-59.904079
1810.546875	-61.206932
1816.406250	-63.754520
1822.265625	-61.980549
1828.125000	-59.341801
1833.984375	-61.282486
1839.843750	-59.508888
1845.703125	-57.318287
1851.562500	-58.663250
1857.421875	-59.813309
1863.281250	-58.958164
1869.140625	-59.126648
1875.000000	-60.478550
1880.859375	-59.420036
1886.718750	-61.018620
1892.578125	-62.327133
1898.437500	-63.300213
1904.296875	-62.208279
1910.156250	-62.264046
1916.015625	-63.894703
1921.875000	-63.285236
1927.734375	-62.192963
1933.593750	-64.266518
1939.453125	-61.918186
1945.312500	-60.765831
1951.171875	-62.273678
1957.031250	-61.377083
1962.890625	-61.603737
1968.750000	-62.196911
1974.609375	-62.648548
1980.468750	-62.545391
1986.328125	-63.060551
1992.187500	-63.760571
1998.046875	-63.724266
2003.906250	-62.730320
2009.765625	-64.077919
2015.625000	-64.485130
2021.484375	-63.923538
2027.343750	-63.683475
2033.203125	-64.012329
2039.062500	-62.836353
2044.921875	-60.315937
2050.781250	-61.547882
2056.640625	-63.534412
2062.500000	-62.478966
2068.359375	-62.561050
2074.218750	-63.327164
2080.078125	-63.373299
2085.937500	-64.563980
2091.796875	-63.526604
2097.656250	-62.373554
2103.515625	-62.582111
2109.375000	-63.624249
2115.234375	-63.763252
2121.093750	-62.962791
2126.953125	-63.539848
2132.812500	-63.827911
2138.671875	-61.590427
2144.531250	-61.806641
2150.390625	-62.648056
2156.250000	-63.883144
2162.109375	-62.024906
2167.968750	-61.730576
2173.828125	-61.385994
2179.687500	-61.746658
2185.546875	-62.298073
2191.406250	-63.829224
2197.265625	-64.844833
2203.125000	-64.882217
2208.984375	-63.339355
2214.843750	-62.356804
2220.703125	-62.288170
2226.562500	-62.050629
2232.421875	-63.216347
2238.281250	-64.058563
2244.140625	-63.001839
2250.000000	-63.002884
2255.859375	-63.233913
2261.718750	-62.912010
2267.578125	-62.302361
2273.437500	-63.478149
2279.296875	-64.531288
2285.156250	-63.455654
2291.015625	-61.675789
2296.875000	-62.002140
2302.734375	-63.205338
2308.593750	-63.431156
2314.453125	-64.023834
2320.312500	-64.218185
2326.171875	-62.227066
2332.031250	-62.116196
2337.890625	-63.889126
2343.750000	-63.313934
2349.609375	-63.637077
2355.468750	-63.895412
2361.328125	-65.270805
2367.187500	-64.405937
2373.046875	-63.491421
2378.906250	-62.932751
2384.765625	-61.506481
2390.625000	-63.296314
2396.484375	-63.943970
2402.343750	-63.853016
2408.203125	-63.034523
2414.062500	-62.641331
2419.921875	-63.549389
2425.781250	-65.291641
2431.640625	-63.243771
2437.500000	-63.089142
2443.359375	-64.945587
2449.218750	-63.844334
2455.078125	-64.240196
2460.937500	-63.586147
2466.796875	-64.074936
2472.656250	-64.833778
2478.515625	-63.377270
2484.375000	-63.031002
2490.234375	-64.252991
2496.093750	-63.919556
2501.953125	-64.711975
2507.812500	-65.708939
2513.671875	-65.839783
2519.531250	-65.885880
2525.390625	-65.002914
2531.250000	-65.068970
2537.109375	-65.327934
2542.968750	-65.073318
2548.828125	-65.394653
2554.687500	-66.676682
2560.546875	-66.603699
2566.406250	-64.918205
2572.265625	-64.810570
2578.125000	-65.371002
2583.984375	-64.696312
2589.843750	-63.454128
2595.703125	-64.761543
2601.562500	-63.908997
2607.421875	-64.277832
2613.281250	-66.193939
2619.140625	-68.420959
2625.000000	-68.244789
2630.859375	-67.668045
2636.718750	-66.696541
2642.578125	-67.417419
2648.437500	-68.321442
2654.296875	-68.325974
2660.156250	-68.450722
2666.015625	-67.217628
2671.875000	-66.864418
2677.734375	-67.661720
2683.593750	-68.235336
2689.453125	-67.774551
2695.312500	-68.062927
2701.171875	-68.716339
2707.031250	-67.798996
2712.890625	-67.348198
2718.750000	-68.241737
2724.609375	-68.705017
2730.468750	-68.235443
2736.328125	-68.389427
2742.187500	-67.671112
2748.046875	-66.786522
2753.906250	-67.034195
2759.765625	-66.716545
2765.625000	-66.979759
2771.484375	-65.285423
2777.343750	-66.611862
2783.203125	-70.005096
2789.062500	-70.139221
2794.921875	-69.659370
2800.781250	-67.046326
2806.640625	-65.577156
2812.500000	-66.198929
2818.359375	-65.170403
2824.218750	-65.291573
2830.078125	-66.870026
2835.937500	-68.107162
2841.796875	-67.975937
2847.656250	-67.217567
2853.515625	-66.368408
2859.375000	-65.123520
2865.234375	-66.451660
2871.093750	-68.008476
2876.953125	-68.444221
2882.812500	-68.138092
2888.671875	-68.339493
2894.531250	-66.638542
2900.390625	-65.839203
2906.250000	-66.648445
2912.109375	-67.511482
2917.968750	-68.331100
2923.828125	-68.942848
2929.687500	-68.111862
2935.546875	-65.144531
2941.406250	-64.326378
2947.265625	-65.479805
2953.125000	-65.943748
2958.984375	-67.483963
2964.843750	-67.491852
2970.703125	-66.493187
2976.562500	-66.191330
2982.421875	-65.987762
2988.281250	-66.079620
2994.140625	-65.968666
3000.000000	-67.064285
3005.859375	-65.120155
3011.718750	-66.094986
3017.578125	-67.255035
3023.437500	-66.898567
3029.296875	-66.468925
3035.156250	-66.486084
3041.015625	-66.264328
3046.875000	-66.368919
3052.734375	-66.956963
3058.593750	-67.327194
3064.453125	-67.304665
3070.312500	-67.128082
3076.171875	-66.633728
3082.031250	-66.916161
3087.890625	-67.517578
3093.750000	-68.173805
3099.609375	-67.835625
3105.468750	-68.884377
3111.328125	-69.695290
3117.187500	-69.059875
3123.046875	-68.718826
3128.906250	-68.061028
3134.765625	-68.337341
3140.625000	-67.608238
3146.484375	-68.381485
3152.343750	-68.670250
3158.203125	-70.310555
3164.062500	-69.024124
3169.921875	-69.349022
3175.781250	-68.283119
3181.640625	-67.780182
3187.500000	-69.005013
3193.359375	-68.707779
3199.218750	-68.095146
3205.078125	-66.640427
3210.937500	-68.369774
3216.796875	-69.889427
3222.656250	-69.637917
3228.515625	-69.030624
3234.375000	-68.692764
3240.234375	-68.464226
3246.093750	-68.954758
3251.953125	-69.089554
3257.812500	-67.547470
3263.671875	-67.782440
3269.531250	-68.789886
3275.390625	-68.148872
3281.250000	-68.189133
3287.109375	-68.993073
3292.968750	-70.240654
3298.828125	-69.797707
3304.687500	-69.107994
3310.546875	-69.430290
3316.406250	-68.697243
3322.265625	-68.908058
3328.125000	-67.963554
3333.984375	-67.335236
3339.843750	-68.436890
3345.703125	-69.062469
3351.562500	-69.335152
3357.421875	-68.671288
3363.281250	-67.127396
3369.140625	-67.455833
3375.000000	-68.385643
3380.859375	-67.482941
3386.718750	-67.505623
3392.578125	-68.516731
3398.437500	-68.043602
3404.296875	-69.988373
3410.156250	-71.310608
3416.015625	-68.547180
3421.875000	-66.979607
3427.734375	-66.880699
3433.593750	-68.472290
3439.453125	-68.154091
3445.312500	-69.452866
3451.171875	-68.667412
3457.031250	-68.092178
3462.890625	-70.039650
3468.750000	-69.900848
3474.609375	-68.728081
3480.468750	-67.641930
3486.328125	-70.069580
3492.187500	-69.666306
3498.046875	-68.809311
3503.906250	-69.737114
3509.765625	-69.550774
3515.625000	-68.130890
3521.484375	-67.929710
3527.343750	-69.404121
3533.203125	-69.689674
3539.062500	-69.759087
3544.921875	-70.500984
3550.781250	-69.933182
3556.640625	-68.697914
3562.500000	-67.827667
3568.359375	-68.191887
3574.218750	-68.325996
3580.078125	-68.191132
3585.937500	-69.085114
3591.796875	-71.450478
3597.656250	-70.510849
3603.515625	-68.914917
3609.375000	-69.414322
3615.234375	-69.400261
3621.093750	-68.977402
3626.953125	-68.477905
3632.812500	-69.052780
3638.671875	-70.585701
3644.531250	-69.819679
3650.390625	-68.743416
3656.250000	-69.615250
3662.109375	-68.641357
3667.968750	-68.299660
3673.828125	-69.408844
3679.687500	-70.301003
3685.546875	-69.760422
3691.406250	-70.136581
3697.265625	-69.593216
3703.125000	-68.567177
3708.984375	-70.439713
3714.843750	-71.272346
3720.703125	-71.274200
3726.562500	-70.179504
3732.421875	-70.894569
3738.281250	-73.216156
3744.140625	-72.936279
3750.000000	-72.302338
3755.859375	-71.176392
3761.718750	-71.655869
3767.578125	-71.215561
3773.437500	-72.565392
3779.296875	-72.811226
3785.156250	-72.265648
3791.015625	-71.389893
3796.875000	-71.482948
3802.734375	-72.316666
3808.593750	-71.767090
3814.453125	-72.787498
3820.312500	-73.929497
3826.171875	-72.837593
3832.031250	-72.025711
3837.890625	-73.053123
3843.750000	-71.697418
3849.609375	-71.189117
3855.468750	-71.952423
3861.328125	-73.603905
3867.187500	-73.463051
3873.046875	-72.303154
3878.906250	-71.226952
3884.765625	-72.287117
3890.625000	-71.407440
3896.484375	-72.565422
3902.343750	-73.513145
3908.203125	-72.424065
3914.062500	-71.928757
3919.921875	-72.583794
3925.781250	-73.506477
3931.640625	-73.322052
3937.500000	-72.274261
3943.359375	-71.967613
3949.218750	-73.708374
3955.078125	-72.017227
3960.937500	-71.987022
3966.796875	-73.105873
3972.656250	-72.504562
3978.515625	-73.657410
3984.375000	-74.154350
3990.234375	-73.590172
3996.093750	-72.480736
4001.953125	-71.680138
4007.812500	-72.037094
4013.671875	-72.453209
4019.531250	-72.934174
4025.390625	-72.864235
4031.250000	-72.969368
4037.109375	-73.864937
4042.968750	-74.507904
4048.828125	-75.268639
4054.687500	-73.356819
4060.546875	-72.536270
4066.406250	-72.956009
4072.265625	-73.171219
4078.125000	-73.095192
4083.984375	-72.356995
4089.843750	-72.433235
4095.703125	-73.582977
4101.562500	-74.136360
4107.421875	-73.598335
4113.281250	-71.792831
4119.140625	-72.531387
4125.000000	-73.165977
4130.859375	-71.393707
4136.718750	-72.083755
4142.578125	-72.769524
4148.437500	-73.610703
4154.296875	-73.435211
4160.156250	-74.020210
4166.015625	-75.134102
4171.875000	-74.992142
4177.734375	-75.107750
4183.593750	-74.871124
4189.453125	-75.027275
4195.312500	-76.662468
4201.171875	-75.450951
4207.031250	-75.844536
4212.890625	-74.274429
4218.750000	-73.807724
4224.609375	-73.969139
4230.468750	-74.468864
4236.328125	-75.026711
4242.187500	-74.891731
4248.046875	-74.679077
4253.906250	-74.096176
4259.765625	-74.540482
4265.625000	-75.650032
4271.484375	-76.377884
4277.343750	-76.190727
4283.203125	-74.968697
4289.062500	-74.312958
4294.921875	-75.787056
4300.781250	-76.365303
4306.640625	-74.969437
4312.500000	-75.258141
4318.359375	-76.079826
4324.218750	-76.308243
4330.078125	-76.197433
4335.937500	-76.641426
4341.796875	-77.880447
4347.656250	-77.439102
4353.515625	-75.636299
4359.375000	-74.829269
4365.234375	-74.704590
4371.093750	-73.924698
4376.953125	-73.192909
4382.812500	-74.163780
4388.671875	-76.384201
4394.531250	-76.149620
4400.390625	-76.444443
4406.250000	-75.602287
4412.109375	-74.763672
4417.968750	-74.753693
4423.828125	-75.779755
4429.687500	-75.842735
4435.546875	-76.362862
4441.406250	-75.310020
4447.265625	-74.586433
4453.125000	-74.327850
4458.984375	-75.364174
4464.843750	-75.149803
4470.703125	-73.512520
4476.562500	-74.401955
4482.421875	-74.741096
4488.281250	-73.829033
4494.140625	-72.808144
4500.000000	-71.941841
4505.859375	-71.823158
4511.718750	-73.359497
4517.578125	-73.382072
4523.437500	-73.759911
4529.296875	-73.078941
4535.156250	-71.571976
4541.015625	-71.209366
4546.875000	-72.671654
4552.734375	-74.509987
4558.593750	-74.631386
4564.453125	-74.585281
4570.312500	-73.293793
4576.171875	-72.942886
4582.031250	-72.840752
4587.890625	-72.748245
4593.750000	-73.009720
4599.609375	-73.839638
4605.468750	-72.674995
4611.328125	-72.788002
4617.187500	-72.888168
4623.046875	-73.675362
4628.906250	-72.966194
4634.765625	-74.543617
4640.625000	-74.366760
4646.484375	-73.919281
4652.343750	-72.649178
4658.203125	-73.886604
4664.062500	-74.776024
4669.921875	-73.465500
4675.781250	-72.562843
4681.640625	-72.100327
4687.500000	-73.379120
4693.359375	-73.626678
4699.218750	-73.864059
4705.078125	-73.340378
4710.937500	-73.897583
4716.796875	-73.880119
4722.656250	-72.941216
4728.515625	-73.087463
4734.375000	-72.988312
4740.234375	-72.684090
4746.093750	-72.342949
4751.953125	-72.970840
4757.812500	-74.523285
4763.671875	-76.264839
4769.531250	-75.797859
4775.390625	-75.695763
4781.250000	-74.735710
4787.109375	-75.652542
4792.968750	-77.977745
4798.828125	-77.862267
4804.687500	-76.566910
4810.546875	-73.837936
4816.406250	-74.616470
4822.265625	-76.324944
4828.125000	-75.709526
4833.984375	-76.589439
4839.843750	-76.474937
4845.703125	-77.274940
4851.562500	-77.148010
4857.421875	-76.581703
4863.281250	-77.360756
4869.140625	-75.664665
4875.000000	-74.945015
4880.859375	-74.856522
4886.718750	-74.602806
4892.578125	-77.050552
4898.437500	-77.796150
4904.296875	-77.781189
4910.156250	-77.182579
4916.015625	-77.057442
4921.875000	-76.383598
4927.734375	-74.897675
4933.593750	-76.222046
4939.453125	-77.927521
4945.312500	-77.547379
4951.171875	-77.704132
4957.031250	-76.781296
4962.890625	-76.305931
4968.750000	-75.710999
4974.609375	-75.884514
4980.468750	-75.756462
4986.328125	-76.887856
4992.187500	-76.192513
4998.046875	-76.888870
5003.906250	-76.950279
5009.765625	-75.411812
5015.625000	-76.020233
5021.484375	-76.247612
5027.343750	-76.080811
5033.203125	-76.439270
5039.062500	-77.466621
5044.921875	-77.328415
5050.781250	-76.085098
5056.640625	-76.929871
5062.500000	-77.282387
5068.359375	-76.860901
5074.218750	-76.699051
5080.078125	-77.553238
5085.937500	-76.763527
5091.796875	-76.595901
5097.656250	-75.558846
5103.515625	-75.619560
5109.375000	-76.167679
5115.234375	-77.360802
5121.093750	-78.162796
5126.953125	-78.493980
5132.812500	-77.185722
5138.671875	-77.607101
5144.531250	-76.251686
5150.390625	-76.369576
5156.250000	-75.724052
5162.109375	-74.555946
5167.968750	-76.344780
5173.828125	-77.140472
5179.687500	-77.227776
5185.546875	-77.242500
5191.406250	-75.975906
5197.265625	-75.899017
5203.125000	-76.727249
5208.984375	-76.894142
5214.843750	-76.815384
5220.703125	-77.370987
5226.562500	-77.571960
5232.421875	-77.044937
5238.281250	-76.593590
5244.140625	-77.233513
5250.000000	-76.476906
5255.859375	-76.292900
5261.718750	-76.001045
5267.578125	-76.765717
5273.437500	-76.833427
5279.296875	-78.820526
5285.156250	-78.557312
5291.015625	-78.282013
5296.875000	-77.592499
5302.734375	-77.401413
5308.593750	-77.087799
5314.453125	-77.106361
5320.312500	-77.511818
5326.171875	-75.834183
5332.031250	-76.547600
5337.890625	-78.013588
5343.750000	-77.101112
5349.609375	-76.768738
5355.468750	-77.221413
5361.328125	-76.300201
5367.187500	-76.332603
5373.046875	-76.568436
5378.906250	-76.644402
5384.765625	-78.507965
5390.625000	-77.780861
5396.484375	-77.288948
5402.343750	-77.452332
5408.203125	-78.463501
5414.062500	-79.043388
5419.921875	-79.027679
5425.781250	-78.964645
5431.640625	-78.145302
5437.500000	-78.363663
5443.359375	-80.889160
5449.218750	-81.155952
5455.078125	-79.645393
5460.937500	-79.915855
5466.796875	-80.177559
5472.656250	-79.009521
5478.515625	-78.938644
5484.375000	-79.478981
5490.234375	-81.349976
5496.093750	-80.586510
5501.953125	-80.453400
5507.812500	-80.085983
5513.671875	-79.890198
5519.531250	-80.036163
5525.390625	-79.330070
5531.250000	-79.166458
5537.109375	-78.615463
5542.968750	-78.570023
5548.828125	-79.912598
5554.687500	-80.201477
5560.546875	-78.804779
5566.406250	-78.683556
5572.265625	-79.516502
5578.125000	-79.858719
5583.984375	-79.688675
5589.843750	-79.924484
5595.703125	-79.774971
5601.562500	-79.362488
5607.421875	-79.103638
5613.281250	-79.456848
5619.140625	-79.629829
5625.000000	-79.849411
5630.859375	-79.264885
5636.718750	-80.164383
5642.578125	-81.582596
5648.437500	-80.906593
5654.296875	-80.497131
5660.156250	-80.386147
5666.015625	-80.514946
5671.875000	-79.451836
5677.734375	-79.812119
5683.593750	-80.325142
5689.453125	-79.563782
5695.312500	-79.380249
5701.171875	-81.765366
5707.031250	-80.193962
5712.890625	-79.382393
5718.750000	-80.436600
5724.609375	-78.873245
5730.468750	-78.612389
5736.328125	-79.044510
5742.187500	-79.448654
5748.046875	-80.036316
5753.906250	-79.715828
5759.765625	-79.684570
5765.625000	-80.758644
5771.484375	-80.121941
5777.343750	-80.569931
5783.203125	-80.488686
5789.062500	-80.121910
5794.921875	-81.464279
5800.781250	-81.333603
5806.640625	-79.766304
5812.500000	-79.404823
5818.359375	-79.481918
5824.218750	-79.030861
5830.078125	-80.152283
5835.937500	-79.665314
5841.796875	-80.180748
5847.656250	-81.023445
5853.515625	-81.280350
5859.375000	-79.895988
5865.234375	-80.478012
5871.093750	-79.141327
5876.953125	-79.328873
5882.812500	-79.795670
5888.671875	-79.214493
5894.531250	-80.088257
5900.390625	-80.466438
5906.250000	-80.365250
5912.109375	-79.393921
5917.968750	-78.293602
5923.828125	-79.964073
5929.687500	-81.590103
5935.546875	-80.814781
5941.406250	-80.332436
5947.265625	-80.213318
5953.125000	-78.929253
5958.984375	-79.120834
5964.843750	-79.462379
5970.703125	-78.889015
5976.562500	-80.135376
5982.421875	-80.692970
5988.281250	-78.603447
5994.140625	-79.233208
6000.000000	-78.573090
6005.859375	-76.973183
6011.718750	-77.603836
6017.578125	-79.362549
6023.437500	-79.803711
6029.296875	-79.356804
6035.156250	-79.273933
6041.015625	-79.120338
6046.875000	-78.798279
6052.734375	-77.975128
6058.593750	-77.698074
6064.453125	-79.701431
6070.312500	-80.722168
6076.171875	-79.434982
6082.031250	-79.814857
6087.890625	-79.294930
6093.750000	-78.589218
6099.609375	-79.113029
6105.468750	-80.075378
6111.328125	-80.594795
6117.187500	-81.133194
6123.046875	-82.509056
6128.906250	-83.458939
6134.765625	-84.803383
6140.625000	-84.850281
6146.484375	-84.303017
6152.343750	-85.291641
6158.203125	-84.954445
6164.062500	-84.188843
6169.921875	-85.047256
6175.781250	-86.167015
6181.640625	-85.552261
6187.500000	-86.172646
6193.359375	-85.762482
6199.218750	-84.332848
6205.078125	-85.888962
6210.937500	-86.058983
6216.796875	-86.109428
6222.656250	-85.680992
6228.515625	-85.376068
6234.375000	-84.988182
6240.234375	-84.708626
6246.093750	-84.422699
6251.953125	-85.194138
6257.812500	-85.713753
6263.671875	-84.769211
6269.531250	-83.733688
6275.390625	-83.849091
6281.250000	-84.909546
6287.109375	-84.426849
6292.968750	-84.972237
6298.828125	-85.467125
6304.687500	-85.261353
6310.546875	-83.752197
6316.406250	-83.819313
6322.265625	-84.985519
6328.125000	-84.223503
6333.984375	-85.199493
6339.843750	-83.770790
6345.703125	-83.924004
6351.562500	-84.340179
6357.421875	-84.697739
6363.281250	-84.464996
6369.140625	-85.235306
6375.000000	-84.964920
6380.859375	-84.168510
6386.718750	-83.064110
6392.578125	-83.737160
6398.437500	-84.448250
6404.296875	-82.970055
6410.156250	-83.872940
6416.015625	-85.537018
6421.875000	-84.722862
6427.734375	-85.093864
6433.593750	-84.908508
6439.453125	-85.094475
6445.312500	-84.508934
6451.171875	-84.460388
6457.031250	-84.755241
6462.890625	-84.175858
6468.750000	-84.567459
6474.609375	-83.534409
6480.468750	-83.406731
6486.328125	-83.541573
6492.187500	-83.842262
6498.046875	-84.003204
6503.906250	-84.743118
6509.765625	-84.853340
6515.625000	-83.066124
6521.484375	-83.625481
6527.343750	-84.359520
6533.203125	-84.982262
6539.062500	-85.369843
6544.921875	-84.616028
6550.781250	-83.150665
6556.640625	-83.917282
6562.500000	-83.682014
6568.359375	-83.797844
6574.218750	-83.782623
6580.078125	-84.158249
6585.937500	-84.335304
6591.796875	-83.957886
6597.656250	-83.325188
6603.515625	-82.991135
6609.375000	-83.449623
6615.234375	-82.951614
6621.093750	-83.460526
6626.953125	-83.292366
6632.812500	-84.124359
6638.671875	-85.113190
6644.531250	-85.075722
6650.390625	-82.972115
6656.250000	-83.785980
6662.109375	-84.720726
6667.968750	-84.287895
6673.828125	-84.088310
6679.687500	-83.340607
6685.546875	-83.932564
6691.406250	-84.420807
6697.265625	-83.778526
6703.125000	-83.652176
6708.984375	-83.445190
6714.843750	-83.864174
6720.703125	-84.291496
6726.562500	-85.177925
6732.421875	-84.193901
6738.281250	-84.756866
6744.140625	-84.069511
6750.000000	-83.852287
6755.859375	-83.461594
6761.718750	-83.849426
6767.578125	-84.053894
6773.437500	-83.955757
6779.296875	-84.329292
6785.156250	-83.267471
6791.015625	-83.185806
6796.875000	-82.455688
6802.734375	-82.020485
6808.593750	-84.433334
6814.453125	-84.079231
6820.312500	-82.931541
6826.171875	-83.464073
6832.031250	-83.987061
6837.890625	-82.943672
6843.750000	-81.727379
6849.609375	-82.567764
6855.468750	-84.087547
6861.328125	-84.913582
6867.187500	-85.142143
6873.046875	-86.101807
6878.906250	-85.854332
6884.765625	-85.677010
6890.625000	-86.666183
6896.484375	-86.142258
6902.343750	-86.579010
6908.203125	-87.119751
6914.062500	-86.199364
6919.921875	-85.837517
6925.781250	-86.894981
6931.640625	-87.716911
6937.500000	-86.250206
6943.359375	-86.244453
6949.218750	-87.372528
6955.078125	-86.430412
6960.937500	-85.670319
6966.796875	-84.649704
6972.656250	-84.940048
6978.515625	-84.966728
6984.375000	-85.741081
6990.234375	-86.876846
6996.093750	-84.818214
7001.953125	-85.382088
7007.812500	-85.380592
7013.671875	-86.422523
7019.531250	-84.860519
7025.390625	-84.084229
7031.250000	-84.717392
7037.109375	-83.644623
7042.968750	-85.270523
7048.828125	-84.988686
7054.687500	-84.804588
7060.546875	-84.570328
7066.406250	-85.212189
7072.265625	-84.538872
7078.125000	-85.292542
7083.984375	-84.508995
7089.843750	-83.899483
7095.703125	-84.137627
7101.562500	-84.338043
7107.421875	-84.378975
7113.281250	-84.457611
7119.140625	-83.033966
7125.000000	-83.676247
7130.859375	-84.022949
7136.718750	-83.876366
7142.578125	-85.068611
7148.437500	-85.743912
7154.296875	-84.864059
7160.156250	-83.451294
7166.015625	-82.168091
7171.875000	-82.777214
7177.734375	-83.546463
7183.593750	-84.145195
7189.453125	-85.174973
7195.312500	-84.811455
7201.171875	-84.443573
7207.031250	-83.934547
7212.890625	-82.705811
7218.750000	-82.283203
7224.609375	-82.778061
7230.468750	-83.826469
7236.328125	-84.321175
7242.187500	-83.815964
7248.046875	-83.138100
7253.906250	-83.623047
7259.765625	-84.069870
7265.625000	-83.254173
7271.484375	-82.361031
7277.343750	-82.766663
7283.203125	-83.174553
7289.062500	-84.631836
7294.921875	-83.197380
7300.781250	-82.286606
7306.640625	-82.625435
7312.500000	-82.269691
7318.359375	-82.359818
7324.218750	-82.867401
7330.078125	-82.389381
7335.937500	-82.500298
7341.796875	-83.771339
7347.656250	-83.383293
7353.515625	-80.462799
7359.375000	-81.587364
7365.234375	-83.374077
7371.093750	-82.770401
7376.953125	-82.512825
7382.812500	-81.981522
7388.671875	-81.432732
7394.531250	-81.944710
7400.390625	-82.169090
7406.250000	-81.245140
7412.109375	-80.974693
7417.968750	-81.849396
7423.828125	-83.111473
7429.687500	-82.701080
7435.546875	-82.358841
7441.406250	-81.779228
7447.265625	-81.106880
7453.125000	-80.108055
7458.984375	-80.125778
7464.843750	-80.700935
7470.703125	-80.769844
7476.562500	-81.599937
7482.421875	-81.946068
7488.281250	-81.403221
7494.140625	-81.188820
7500.000000	-81.095116
7505.859375	-81.007332
7511.718750	-81.208763
7517.578125	-81.530243
7523.437500	-81.482903
7529.296875	-81.238861
7535.156250	-81.165825
7541.015625	-79.986519
7546.875000	-80.282387
7552.734375	-80.307388
7558.593750	-79.300728
7564.453125	-78.743179
7570.312500	-79.869942
7576.171875	-80.492851
7582.031250	-81.311928
7587.890625	-80.903549
7593.750000	-80.314163
7599.609375	-81.254936
7605.468750	-80.503357
7611.328125	-80.933243
7617.187500	-81.152824
7623.046875	-80.323730
7628.906250	-78.913574
7634.765625	-79.082489
7640.625000	-80.167290
7646.484375	-80.739555
7652.343750	-80.589417
7658.203125	-80.883446
7664.062500	-81.167465
7669.921875	-80.197990
7675.781250	-80.179855
7681.640625	-79.414124
7687.500000	-80.198921
7693.359375	-80.993675
7699.218750	-80.848602
7705.078125	-80.104759
7710.937500	-79.581978
7716.796875	-79.979408
7722.656250	-80.272171
7728.515625	-80.339020
7734.375000	-79.759644
7740.234375	-80.482651
7746.093750	-80.932175
7751.953125	-81.444839
7757.812500	-81.227112
7763.671875	-81.930855
7769.531250	-81.387573
7775.390625	-80.067993
7781.250000	-79.423492
7787.109375	-79.116592
7792.968750	-80.056412
7798.828125	-79.753265
7804.687500	-80.682159
7810.546875	-79.934082
7816.406250	-80.091438
7822.265625	-80.439888
7828.125000	-79.764397
7833.984375	-79.304970
7839.843750	-79.665115
7845.703125	-80.641006
7851.562500	-80.172157
7857.421875	-79.838509
7863.281250	-80.891899
7869.140625	-80.368294
7875.000000	-79.660942
7880.859375	-79.094788
7886.718750	-78.390526
7892.578125	-80.556122
7898.437500	-80.683891
7904.296875	-80.728958
7910.156250	-80.215439
7916.015625	-80.034592
7921.875000	-80.436783
7927.734375	-81.580482
7933.593750	-81.856316
7939.453125	-82.240189
7945.312500	-81.738190
7951.171875	-80.883369
7957.031250	-80.264610
7962.890625	-79.939331
7968.750000	-80.483948
7974.609375	-80.701889
7980.468750	-82.265854
7986.328125	-83.422684
7992.187500	-84.363190
7998.046875	-82.597282
8003.906250	-82.161026
8009.765625	-82.682884
8015.625000	-81.610603
8021.484375	-81.235107
8027.343750	-81.548523
8033.203125	-81.625534
8039.062500	-82.213356
8044.921875	-82.478539
8050.781250	-82.298676
8056.640625	-82.040436
8062.500000	-81.474205
8068.359375	-81.753464
8074.218750	-83.118835
8080.078125	-83.944534
8085.937500	-83.482094
8091.796875	-82.017769
8097.656250	-82.294754
8103.515625	-81.707199
8109.375000	-81.618378
8115.234375	-82.804039
8121.093750	-82.932297
8126.953125	-82.676552
8132.812500	-83.259026
8138.671875	-84.175064
8144.531250	-84.077698
8150.390625	-83.877914
8156.250000	-82.990013
8162.109375	-84.616745
8167.968750	-84.573257
8173.828125	-84.155998
8179.687500	-84.807487
8185.546875	-84.598114
8191.406250	-84.472679
8197.265625	-84.661835
8203.125000	-84.424133
8208.984375	-84.315651
8214.843750	-86.111412
8220.703125	-87.023628
8226.562500	-88.345856
8232.421875	-90.225830
8238.281250	-91.703781
8244.140625	-94.695503
8250.000000	-94.253059
8255.859375	-93.772781
8261.718750	-95.090897
8267.578125	-95.492149
8273.437500	-95.473976
8279.296875	-96.216560
8285.156250	-96.332008
8291.015625	-95.761124
8296.875000	-94.808029
8302.734375	-95.134529
8308.593750	-96.348724
8314.453125	-97.133492
8320.312500	-97.924011
8326.171875	-96.820229
8332.031250	-96.729088
8337.890625	-95.525848
8343.750000	-95.398849
8349.609375	-96.105286
8355.468750	-96.862488
8361.328125	-97.081528
8367.187500	-96.922028
8373.046875	-96.949112
8378.906250	-97.861320
8384.765625	-97.518402
8390.625000	-95.944305
8396.484375	-95.863686
8402.343750	-95.485992
8408.203125	-95.448875
8414.062500	-96.827919
8419.921875	-96.580284
8425.781250	-97.059311
8431.640625	-97.105156
8437.500000	-97.221306
8443.359375	-97.437927
8449.218750	-97.403053
8455.078125	-97.625542
8460.937500	-98.314476
8466.796875	-97.713486
8472.656250	-97.160049
8478.515625	-98.089211
8484.375000	-98.607422
8490.234375	-97.389137
8496.093750	-97.080612
8501.953125	-97.690750
8507.812500	-96.322762
8513.671875	-96.445412
8519.531250	-96.255577
8525.390625	-95.929420
8531.250000	-96.126480
8537.109375	-94.892998
8542.968750	-94.434555
8548.828125	-95.227142
8554.687500	-96.799255
8560.546875	-95.946579
8566.406250	-94.510834
8572.265625	-95.573387
8578.125000	-95.544327
8583.984375	-95.814407
8589.843750	-96.112671
8595.703125	-97.859947
8601.562500	-95.549812
8607.421875	-95.110916
8613.281250	-95.386726
8619.140625	-96.681038
8625.000000	-97.356407
8630.859375	-96.907402
8636.718750	-97.761871
8642.578125	-97.270493
8648.437500	-97.424751
8654.296875	-96.758957
8660.156250	-96.582191
8666.015625	-98.059517
8671.875000	-97.658257
8677.734375	-96.735817
8683.593750	-97.197701
8689.453125	-97.234528
8695.312500	-98.020844
8701.171875	-97.318108
8707.031250	-96.871819
8712.890625	-97.492821
8718.750000	-96.405785
8724.609375	-96.347458
8730.468750	-99.008537
8736.328125	-98.759567
8742.187500	-98.133194
8748.046875	-97.630585
8753.906250	-96.858498
8759.765625	-96.980835
8765.625000	-98.287132
8771.484375	-98.549637
8777.343750	-98.593193
8783.203125	-98.271393
8789.062500	-98.135635
8794.921875	-98.848412
8800.781250	-98.636154
8806.640625	-98.186798
8812.500000	-98.996307
8818.359375	-99.212616
8824.218750	-98.774216
8830.078125	-99.566956
8835.937500	-99.849777
8841.796875	-99.026299
8847.656250	-98.190125
8853.515625	-98.673630
8859.375000	-98.668221
8865.234375	-97.642982
8871.093750	-98.379517
8876.953125	-99.616837
8882.812500	-98.520638
8888.671875	-98.092583
8894.531250	-97.622803
8900.390625	-97.787674
8906.250000	-99.212540
8912.109375	-99.951797
8917.968750	-98.270828
8923.828125	-99.154716
8929.687500	-99.708221
8935.546875	-98.348747
8941.406250	-98.384384
8947.265625	-98.405945
8953.125000	-98.268967
8958.984375	-98.165543
8964.843750	-97.390244
8970.703125	-95.932640
8976.562500	-95.690598
8982.421875	-93.598251
8988.281250	-91.882919
8994.140625	-91.014740
9000.000000	-91.513237
9005.859375	-93.477051
9011.718750	-94.215775
9017.578125	-93.415924
9023.437500	-92.891235
9029.296875	-92.064102
9035.156250	-91.597298
9041.015625	-90.398193
9046.875000	-90.652512
9052.734375	-91.738907
9058.593750	-92.383781
9064.453125	-92.727623
9070.312500	-94.112198
9076.171875	-92.751434
9082.031250	-92.202744
9087.890625	-92.046135
9093.750000	-92.429573
9099.609375	-91.883156
9105.468750	-92.783752
9111.328125	-94.819275
9117.187500	-93.924629
9123.046875	-93.150002
9128.906250	-92.523247
9134.765625	-92.256767
9140.625000	-92.057877
9146.484375	-93.561195
9152.343750	-92.437431
9158.203125	-92.741486
9164.062500	-93.182678
9169.921875	-93.202065
9175.781250	-93.139816
9181.640625	-92.982353
9187.500000	-92.713364
9193.359375	-92.285088
9199.218750	-93.754250
9205.078125	-93.965393
9210.937500	-93.029587
9216.796875	-92.364410
9222.656250	-94.102608
9228.515625	-93.367500
9234.375000	-92.765251
9240.234375	-92.395821
9246.093750	-93.520973
9251.953125	-94.185661
9257.812500	-92.939796
9263.671875	-93.585175
9269.531250	-93.387665
9275.390625	-92.003510
9281.250000	-93.363541
9287.109375	-92.894615
9292.968750	-93.165176
9298.828125	-93.632828
9304.687500	-94.131592
9310.546875	-94.697136
9316.406250	-95.383270
9322.265625	-93.257111
9328.125000	-92.417114
9333.984375	-92.626373
9339.843750	-92.408119
9345.703125	-93.564430
9351.562500	-94.821861
9357.421875	-94.930428
9363.281250	-95.447029
9369.140625	-95.246109
9375.000000	-94.571770
9380.859375	-94.900688
9386.718750	-94.686363
9392.578125	-95.162666
9398.437500	-94.528427
9404.296875	-94.737999
9410.156250	-95.234383
9416.015625	-93.522125
9421.875000	-93.222534
9427.734375	-93.823387
9433.593750	-93.911728
9439.453125	-93.736938
9445.312500	-92.761482
9451.171875	-93.666206
9457.031250	-92.757919
9462.890625	-92.039490
9468.750000	-92.901756
9474.609375	-92.371582
9480.468750	-91.481689
9486.328125	-91.198486
9492.187500	-92.480232
9498.046875	-93.094978
9503.906250	-91.389275
9509.765625	-92.270935
9515.625000	-92.159164
9521.484375	-92.046974
9527.343750	-92.955292
9533.203125	-92.717430
9539.062500	-93.922966
9544.921875	-94.420929
9550.781250	-94.798111
9556.640625	-94.488754
9562.500000	-93.718124
9568.359375	-91.858643
9574.218750	-92.215935
9580.078125	-92.035500
9585.937500	-92.860855
9591.796875	-92.967781
9597.656250	-93.281387
9603.515625	-92.503181
9609.375000	-92.499069
9615.234375	-92.574005
9621.093750	-93.139122
9626.953125	-94.544693
9632.812500	-94.887672
9638.671875	-93.999367
9644.531250	-94.084724
9650.390625	-94.356628
9656.250000	-92.922638
9662.109375	-92.706505
9667.968750	-92.488518
9673.828125	-92.626999
9679.687500	-94.914368
9685.546875	-94.061897
9691.406250	-92.880859
9697.265625	-92.273438
9703.125000	-92.088501
9708.984375	-92.025116
9714.843750	-93.163597
9720.703125	-94.438393
9726.562500	-94.106941
9732.421875	-95.201584
9738.281250	-93.726471
9744.140625	-93.139839
9750.000000	-94.139038
9755.859375	-93.769531
9761.718750	-93.676140
9767.578125	-94.187447
9773.437500	-93.895256
9779.296875	-94.475586
9785.156250	-95.698830
9791.015625	-93.959457
9796.875000	-93.309647
9802.734375	-93.199387
9808.593750	-94.434654
9814.453125	-94.715195
9820.312500	-94.508278
9826.171875	-94.818626
9832.031250	-93.855453
9837.890625	-93.504539
9843.750000	-94.232033
9849.609375	-94.500404
9855.468750	-94.612480
9861.328125	-95.017166
9867.187500	-93.826279
9873.046875	-93.735123
9878.906250	-94.393944
9884.765625	-93.395348
9890.625000	-94.515388
9896.484375	-95.404343
9902.343750	-93.748787
9908.203125	-93.826958
9914.062500	-92.917305
9919.921875	-94.130463
9925.781250	-92.862076
9931.640625	-93.193298
9937.500000	-94.635002
9943.359375	-95.439445
9949.218750	-94.369125
9955.078125	-95.236649
9960.937500	-93.543243
9966.796875	-93.766701
9972.656250	-94.372665
9978.515625	-94.178787
9984.375000	-94.289017
9990.234375	-94.841537
9996.093750	-94.722649
10001.953125	-95.221298
10007.812500	-95.188538
10013.671875	-94.682869
10019.531250	-94.948524
10025.390625	-94.067581
10031.250000	-95.020050
10037.109375	-94.838074
10042.968750	-95.471100
10048.828125	-96.195244
10054.687500	-95.834572
10060.546875	-96.187325
10066.406250	-95.192261
10072.265625	-93.756210
10078.125000	-93.317970
10083.984375	-95.153664
10089.843750	-96.150299
10095.703125	-97.810112
10101.562500	-97.040833
10107.421875	-96.128578
10113.281250	-95.735367
10119.140625	-93.908295
10125.000000	-95.112991
10130.859375	-95.439705
10136.718750	-95.960136
10142.578125	-95.826782
10148.437500	-96.732117
10154.296875	-95.824821
10160.156250	-94.723846
10166.015625	-95.489113
10171.875000	-95.213058
10177.734375	-94.216415
10183.593750	-94.722023
10189.453125	-95.741005
10195.312500	-95.430016
10201.171875	-94.741234
10207.031250	-94.369072
10212.890625	-94.686554
10218.750000	-94.908852
10224.609375	-96.267967
10230.468750	-95.609879
10236.328125	-94.136520
10242.187500	-94.239662
10248.046875	-95.027817
10253.906250	-95.839607
10259.765625	-96.813332
10265.625000	-97.441872
10271.484375	-96.066299
10277.343750	-95.792114
10283.203125	-96.275330
10289.062500	-96.681000
10294.921875	-95.392975
10300.781250	-95.469116
10306.640625	-95.184723
10312.500000	-95.698921
10318.359375	-95.348228
10324.218750	-95.689735
10330.078125	-95.331955
10335.937500	-95.929085
10341.796875	-96.232689
10347.656250	-95.823341
10353.515625	-96.512474
10359.375000	-98.088997
10365.234375	-97.001244
10371.093750	-96.595787
10376.953125	-97.775978
10382.812500	-97.515961
10388.671875	-97.152855
10394.531250	-97.307159
10400.390625	-96.485428
10406.250000	-96.634132
10412.109375	-96.496506
10417.968750	-97.422134
10423.828125	-96.275986
10429.687500	-96.016891
10435.546875	-96.381020
10441.406250	-96.547096
10447.265625	-96.356209
10453.125000	-95.990952
10458.984375	-95.841400
10464.843750	-96.732445
10470.703125	-97.274727
10476.562500	-98.508736
10482.421875	-98.000603
10488.281250	-97.788765
10494.140625	-97.461906
10500.000000	-96.067917
10505.859375	-96.426170
10511.718750	-97.063042
10517.578125	-98.945099
10523.437500	-98.088257
10529.296875	-97.226791
10535.156250	-97.212341
10541.015625	-96.175308
10546.875000	-96.995171
10552.734375	-96.334206
10558.593750	-95.857819
10564.453125	-96.530647
10570.312500	-98.318024
10576.171875	-98.010872
10582.031250	-97.042130
10587.890625	-96.034302
10593.750000	-96.241280
10599.609375	-98.148026
10605.468750	-97.864449
10611.328125	-98.092979
10617.187500	-98.638214
10623.046875	-97.748383
10628.906250	-97.162956
10634.765625	-97.897797
10640.625000	-97.548538
10646.484375	-96.684364
10652.343750	-96.618652
10658.203125	-96.884735
10664.062500	-97.554634
10669.921875	-97.999672
10675.781250	-96.918571
10681.640625	-96.776581
10687.500000	-98.024849
10693.359375	-98.605705
10699.218750	-98.477905
10705.078125	-97.026505
10710.937500	-97.686028
10716.796875	-97.362236
10722.656250	-97.890099
10728.515625	-98.161301
10734.375000	-97.808533
10740.234375	-98.755997
10746.093750	-98.969185
10751.953125	-98.123314
10757.812500	-98.340912
10763.671875	-98.259552
10769.531250	-97.073936
10775.390625	-97.918266
10781.250000	-97.794090
10787.109375	-97.009964
10792.968750	-97.191200
10798.828125	-98.063972
10804.687500	-99.550903
10810.546875	-98.320335
10816.406250	-98.775497
10822.265625	-99.220818
10828.125000	-97.531860
10833.984375	-98.435966
10839.843750	-99.114525
10845.703125	-97.958046
10851.562500	-98.148323
10857.421875	-98.596100
10863.281250	-98.035828
10869.140625	-97.645164
10875.000000	-97.253281
10880.859375	-97.824860
10886.718750	-98.141998
10892.578125	-98.651489
10898.437500	-98.573792
10904.296875	-98.705666
10910.156250	-98.602982
10916.015625	-99.067490
10921.875000	-97.724731
10927.734375	-97.500656
10933.593750	-97.110184
10939.453125	-98.437347
10945.312500	-98.503189
10951.171875	-99.039566
10957.031250	-99.438522
10962.890625	-100.249474
10968.750000	-98.919067
10974.609375	-97.177086
10980.468750	-97.873230
10986.328125	-99.150589
10992.187500	-98.387894
10998.046875	-98.268555
11003.906250	-98.407173
11009.765625	-99.473442
11015.625000	-99.103409
11021.484375	-99.630730
11027.343750	-100.528908
11033.203125	-99.289009
11039.062500	-97.954384
11044.921875	-99.487473
11050.781250	-99.537727
11056.640625	-99.010582
11062.500000	-99.218369
11068.359375	-99.165100
11074.218750	-100.218964
11080.078125	-100.080536
11085.937500	-100.177032
11091.796875	-100.366455
11097.656250	-99.911835
11103.515625	-98.966393
11109.375000	-99.623177
11115.234375	-99.271851
11121.093750	-99.355782
11126.953125	-98.899857
11132.812500	-99.268707
11138.671875	-100.762192
11144.531250	-101.020248
11150.390625	-99.343376
11156.250000	-99.777870
11162.109375	-99.649467
11167.968750	-99.688744
11173.828125	-100.225960
11179.687500	-100.168434
11185.546875	-99.929642
11191.406250	-99.023994
11197.265625	-98.597534
11203.125000	-99.540726
11208.984375	-100.467476
11214.843750	-100.657303
11220.703125	-100.166824
11226.562500	-100.340103
11232.421875	-99.584099
11238.281250	-98.792877
11244.140625	-99.143097
11250.000000	-98.667564
11255.859375	-98.631561
11261.718750	-98.921158
11267.578125	-99.355331
11273.437500	-99.998497
11279.296875	-100.135567
11285.156250	-99.699615
11291.015625	-100.335098
11296.875000	-99.548302
11302.734375	-99.327522
11308.593750	-99.375099
11314.453125	-100.539902
11320.312500	-101.126999
11326.171875	-101.277077
11332.031250	-101.444702
11337.890625	-100.200066
11343.750000	-99.990646
11349.609375	-100.147552
11355.468750	-100.510674
11361.328125	-101.355148
11367.187500	-101.277374
11373.046875	-101.656311
11378.906250	-100.762199
11384.765625	-100.073479
11390.625000	-100.641220
11396.484375	-100.552711
11402.343750	-99.713905
11408.203125	-99.513596
11414.062500	-100.690765
11419.921875	-100.205986
11425.781250	-100.048889
11431.640625	-99.232269
11437.500000	-98.492210
11443.359375	-99.478592
11449.218750	-100.222580
11455.078125	-100.022041
11460.937500	-100.157967
11466.796875	-100.472473
11472.656250	-100.168228
11478.515625	-100.517052
11484.375000	-100.803558
11490.234375	-100.174393
11496.093750	-99.917046
11501.953125	-101.193306
11507.812500	-101.893120
11513.671875	-101.218056
11519.531250	-101.406311
11525.390625	-102.287933
11531.250000	-101.674171
11537.109375	-100.895653
11542.968750	-100.261490
11548.828125	-101.806076
11554.687500	-100.479515
11560.546875	-100.072495
11566.406250	-100.079041
11572.265625	-101.009018
11578.125000	-100.043633
11583.984375	-99.532578
11589.843750	-100.499702
11595.703125	-100.196503
11601.562500	-99.764198
11607.421875	-102.276619
11613.281250	-102.547943
11619.140625	-102.256226
11625.000000	-101.570580
11630.859375	-100.853470
11636.718750	-100.782242
11642.578125	-100.893501
11648.437500	-99.828125
11654.296875	-100.459885
11660.156250	-100.929634
11666.015625	-101.132866
11671.875000	-100.757675
11677.734375	-100.456688
11683.593750	-100.520287
11689.453125	-101.683563
11695.312500	-102.406082
11701.171875	-101.281540
11707.031250	-100.130653
11712.890625	-100.769829
11718.750000	-101.343399
11724.609375	-101.355606
11730.468750	-101.239235
11736.328125	-101.301880
11742.187500	-102.028419
11748.046875	-100.788513
11753.906250	-101.155846
11759.765625	-101.486588
11765.625000	-100.616142
11771.484375	-100.495193
11777.343750	-100.508827
11783.203125	-100.224159
11789.062500	-101.356522
11794.921875	-101.543297
11800.781250	-100.545906
11806.640625	-101.309746
11812.500000	-100.763748
11818.359375	-101.034378
11824.218750	-99.452919
11830.078125	-98.981133
11835.937500	-100.534653
11841.796875	-99.913734
11847.656250	-101.093079
11853.515625	-100.944405
11859.375000	-99.660934
11865.234375	-100.583961
11871.093750	-101.062416
11876.953125	-101.735878
11882.812500	-102.662941
11888.671875	-101.547783
11894.531250	-101.785721
11900.390625	-101.211128
11906.250000	-102.140594
11912.109375	-100.997604
11917.968750	-99.804306
11923.828125	-101.565079
11929.687500	-101.810768
11935.546875	-101.451355
11941.406250	-101.673706
11947.265625	-100.045738
11953.125000	-99.717232
11958.984375	-100.841759
11964.843750	-101.824516
11970.703125	-102.792580
11976.562500	-103.916084
11982.421875	-102.867599
11988.281250	-102.583786
11994.140625	-103.987183
12000.000000	-104.521774
12005.859375	-104.445374
12011.718750	-103.264488
12017.578125	-102.903481
12023.437500	-103.361458
12029.296875	-102.297127
12035.156250	-101.249695
12041.015625	-101.033417
12046.875000	-100.131065
12052.734375	-100.386147
12058.593750	-101.274452
12064.453125	-101.919708
12070.312500	-101.692368
12076.171875	-101.314240
12082.031250	-102.264977
12087.890625	-100.942513
12093.750000	-99.843102
12099.609375	-99.601715
12105.468750	-100.227676
12111.328125	-100.229904
12117.187500	-101.022781
12123.046875	-101.092827
12128.906250	-100.878899
12134.765625	-100.830009
12140.625000	-100.249939
12146.484375	-100.371468
12152.343750	-100.919220
12158.203125	-101.581039
12164.062500	-101.587196
12169.921875	-102.831902
12175.781250	-101.229584
12181.640625	-100.076431
12187.500000	-100.712875
12193.359375	-100.886841
12199.218750	-101.430092
12205.078125	-103.217445
12210.937500	-101.653427
12216.796875	-102.018616
12222.656250	-101.341125
12228.515625	-99.340492
12234.375000	-99.093422
12240.234375	-101.337830
12246.093750	-101.259438
12251.953125	-100.912865
12257.812500	-101.496002
12263.671875	-101.337906
12269.531250	-101.301384
12275.390625	-100.521057
12281.250000	-101.946404
12287.109375	-101.352013
12292.968750	-100.859612
12298.828125	-100.437225
12304.687500	-102.229630
12310.546875	-102.727211
12316.406250	-102.105278
12322.265625	-100.644775
12328.125000	-100.962036
12333.984375	-100.457748
12339.843750	-99.392540
12345.703125	-100.596962
12351.562500	-101.891899
12357.421875	-102.318489
12363.281250	-100.909584
12369.140625	-100.677521
12375.000000	-102.660324
12380.859375	-101.039856
12386.718750	-100.498993
12392.578125	-101.022408
12398.437500	-102.167931
12404.296875	-102.283043
12410.156250	-102.229897
12416.015625	-100.981865
12421.875000	-101.761208
12427.734375	-101.650604
12433.593750	-102.133675
12439.453125	-102.496353
12445.312500	-102.232681
12451.171875	-101.196243
12457.031250	-100.391975
12462.890625	-100.560127
12468.750000	-102.518440
12474.609375	-101.412064
12480.468750	-102.287659
12486.328125	-102.788864
12492.187500	-102.382156
12498.046875	-101.920982
12503.906250	-100.600876
12509.765625	-100.459312
12515.625000	-101.215675
12521.484375	-101.101067
12527.343750	-102.244537
12533.203125	-102.484306
12539.062500	-102.274109
12544.921875	-102.194046
12550.781250	-100.811447
12556.640625	-101.019325
12562.500000	-101.113594
12568.359375	-101.028595
12574.218750	-101.006615
12580.078125	-102.037018
12585.937500	-101.615097
12591.796875	-101.890038
12597.656250	-102.617424
12603.515625	-101.166718
12609.375000	-100.393227
12615.234375	-101.715530
12621.093750	-101.786201
12626.953125	-102.684578
12632.812500	-103.461395
12638.671875	-101.983650
12644.531250	-101.965187
12650.390625	-102.691422
12656.250000	-101.431335
12662.109375	-101.519585
12667.968750	-101.376457
12673.828125	-102.887772
12679.687500	-103.073120
12685.546875	-102.230835
12691.406250	-102.393875
12697.265625	-101.533318
12703.125000	-102.303978
12708.984375	-100.933395
12714.843750	-100.893433
12720.703125	-102.971855
12726.562500	-103.426895
12732.421875	-101.991127
12738.281250	-102.584778
12744.140625	-102.456055
12750.000000	-102.740807
12755.859375	-102.400810
12761.718750	-102.318321
12767.578125	-102.304329
12773.437500	-102.042099
12779.296875	-101.745468
12785.156250	-102.117073
12791.015625	-101.640770
12796.875000	-101.707123
12802.734375	-101.560211
12808.593750	-102.113579
12814.453125	-103.562973
12820.312500	-102.850250
12826.171875	-102.838211
12832.031250	-102.798027
12837.890625	-103.441246
12843.750000	-102.494484
12849.609375	-101.169022
12855.468750	-102.345329
12861.328125	-103.272026
12867.187500	-102.801224
12873.046875	-102.981277
12878.906250	-103.098709
12884.765625	-102.435371
12890.625000	-102.468544
12896.484375	-102.641075
12902.343750	-102.501892
12908.203125	-103.065994
12914.062500	-102.882431
12919.921875	-102.148010
12925.781250	-101.956627
12931.640625	-101.676247
12937.500000	-101.769173
12943.359375	-101.497025
12949.218750	-102.000290
12955.078125	-102.079895
12960.937500	-101.908859
12966.796875	-102.615906
12972.656250	-102.207603
12978.515625	-102.068687
12984.375000	-100.590424
12990.234375	-100.539398
12996.093750	-102.487541
13001.953125	-103.855301
13007.812500	-103.599457
13013.671875	-103.129036
13019.531250	-102.827530
13025.390625	-101.959999
13031.250000	-100.708374
13037.109375	-101.340126
13042.968750	-102.528191
13048.828125	-102.825256
13054.687500	-102.628365
13060.546875	-103.200905
13066.406250	-101.300400
13072.265625	-100.457802
13078.125000	-101.402222
13083.984375	-103.701019
13089.843750	-103.648300
13095.703125	-103.003258
13101.562500	-103.286812
13107.421875	-103.910545
13113.281250	-103.130905
13119.140625	-103.138855
13125.000000	-103.253227
13130.859375	-102.592972
13136.718750	-102.481010
13142.578125	-102.805771
13148.437500	-103.757614
13154.296875	-104.177284
13160.156250	-104.582207
13166.015625	-104.234550
13171.875000	-102.987221
13177.734375	-102.726494
13183.593750	-102.576958
13189.453125	-102.907745
13195.312500	-104.291565
13201.171875	-102.650932
13207.031250	-102.483513
13212.890625	-103.898926
13218.750000	-101.823463
13224.609375	-102.227325
13230.468750	-104.117805
13236.328125	-103.931038
13242.187500	-104.116798
13248.046875	-104.918709
13253.906250	-104.028404
13259.765625	-102.645744
13265.625000	-102.850227
13271.484375	-102.921204
13277.343750	-102.718636
13283.203125	-101.913963
13289.062500	-102.836082
13294.921875	-103.756241
13300.781250	-102.782913
13306.640625	-102.801216
13312.500000	-102.742432
13318.359375	-102.129547
13324.218750	-102.908409
13330.078125	-103.774567
13335.937500	-103.697281
13341.796875	-104.171837
13347.656250	-104.521225
13353.515625	-103.895279
13359.375000	-103.743996
13365.234375	-104.427498
13371.093750	-104.497841
13376.953125	-104.379738
13382.812500	-104.414894
13388.671875	-103.881721
13394.531250	-104.195557
13400.390625	-102.395592
13406.250000	-102.886772
13412.109375	-104.558624
13417.968750	-104.747108
13423.828125	-102.909012
13429.687500	-103.133339
13435.546875	-102.734474
13441.406250	-102.400223
13447.265625	-104.113937
13453.125000	-104.109718
13458.984375	-103.545731
13464.843750	-103.156105
13470.703125	-104.340141
13476.562500	-104.727570
13482.421875	-104.551132
13488.281250	-104.061409
13494.140625	-103.702431
13500.000000	-103.151222
13505.859375	-102.509399
13511.718750	-102.479263
13517.578125	-103.263641
13523.437500	-103.312119
13529.296875	-103.679741
13535.156250	-103.712181
13541.015625	-102.977699
13546.875000	-103.614120
13552.734375	-103.817284
13558.593750	-103.324104
13564.453125	-104.025307
13570.312500	-104.488548
13576.171875	-104.903122
13582.031250	-104.554947
13587.890625	-104.369743
13593.750000	-103.964912
13599.609375	-104.202805
13605.468750	-104.840286
13611.328125	-105.470161
13617.187500	-105.822624
13623.046875	-104.991089
13628.906250	-104.231750
13634.765625	-104.182785
13640.625000	-103.726242
13646.484375	-103.763824
13652.343750	-104.786438
13658.203125	-104.137772
13664.062500	-104.186218
13669.921875	-105.046318
13675.781250	-104.141914
13681.640625	-104.904259
13687.500000	-104.160095
13693.359375	-103.011154
13699.218750	-104.518036
13705.078125	-104.732689
13710.937500	-105.580727
13716.796875	-106.308029
13722.656250	-104.685616
13728.515625	-104.170502
13734.375000	-104.115303
13740.234375	-103.927864
13746.093750	-105.200920
13751.953125	-105.001610
13757.812500	-105.239853
13763.671875	-106.363365
13769.531250	-104.689812
13775.390625	-104.176758
13781.250000	-104.473122
13787.109375	-105.112312
13792.968750	-104.995018
13798.828125	-104.843216
13804.687500	-104.957703
13810.546875	-106.200264
13816.406250	-105.243294
13822.265625	-104.014931
13828.125000	-104.239555
13833.984375	-104.023903
13839.843750	-104.778290
13845.703125	-105.991257
13851.562500	-106.169136
13857.421875	-106.427994
13863.281250	-106.195549
13869.140625	-105.412430
13875.000000	-104.539970
13880.859375	-105.859520
13886.718750	-105.110748
13892.578125	-105.428024
13898.437500	-105.890617
13904.296875	-105.157059
13910.156250	-105.758759
13916.015625	-104.894073
13921.875000	-104.806725
13927.734375	-106.222778
13933.593750	-106.431877
13939.453125	-105.675255
13945.312500	-105.272987
13951.171875	-105.187500
13957.031250	-105.473122
13962.890625	-105.578812
13968.750000	-105.474472
13974.609375	-105.463585
13980.468750	-107.055763
13986.328125	-107.008911
13992.187500	-106.171280
13998.046875	-106.383865
14003.906250	-105.328522
14009.765625	-105.869759
14015.625000	-105.683403
14021.484375	-105.422424
14027.343750	-104.990822
14033.203125	-105.461670
14039.062500	-107.033875
14044.921875	-106.942322
14050.781250	-104.399834
14056.640625	-104.332291
14062.500000	-106.281975
14068.359375	-106.520363
14074.218750	-106.400345
14080.078125	-106.685799
14085.937500	-106.096130
14091.796875	-106.699760
14097.656250	-106.106514
14103.515625	-105.004166
14109.375000	-105.017227
14115.234375	-104.422691
14121.093750	-105.709312
14126.953125	-106.689529
14132.812500	-106.192459
14138.671875	-106.227600
14144.531250	-105.483841
14150.390625	-104.235184
14156.250000	-105.965546
14162.109375	-105.428429
14167.968750	-104.667419
14173.828125	-105.444778
14179.687500	-105.891754
14185.546875	-106.191803
14191.406250	-105.869179
14197.265625	-106.000679
14203.125000	-105.617439
14208.984375	-106.058586
14214.843750	-106.452583
14220.703125	-106.226845
14226.562500	-107.147972
14232.421875	-106.086044
14238.281250	-105.186516
14244.140625	-104.947433
14250.000000	-104.941162
14255.859375	-105.151886
14261.718750	-105.132469
14267.578125	-105.529839
14273.437500	-106.058395
14279.296875	-105.159668
14285.156250	-105.586861
14291.015625	-105.287422
14296.875000	-105.541824
14302.734375	-106.331696
14308.593750	-106.343193
14314.453125	-107.339325
14320.312500	-107.835968
14326.171875	-106.449203
14332.031250	-106.417725
14337.890625	-105.754143
14343.750000	-106.529282
14349.609375	-107.213211
14355.468750	-107.423393
14361.328125	-107.369606
14367.187500	-106.665169
14373.046875	-106.137947
14378.906250	-106.251083
14384.765625	-105.842484
14390.625000	-105.973549
14396.484375	-105.904701
14402.343750	-106.934242
14408.203125	-109.399689
14414.062500	-107.455795
14419.921875	-106.819679
14425.781250	-106.772118
14431.640625	-106.437065
14437.500000	-107.609299
14443.359375	-107.588745
14449.218750	-107.229362
14455.078125	-107.566147
14460.937500	-107.141747
14466.796875	-107.031410
14472.656250	-106.715576
14478.515625	-107.407784
14484.375000	-106.148567
14490.234375	-105.726044
14496.093750	-106.171944
14501.953125	-106.075775
14507.812500	-105.386604
14513.671875	-105.338783
14519.531250	-106.018929
14525.390625	-106.330475
14531.250000	-105.054733
14537.109375	-105.423523
14542.968750	-105.615555
14548.828125	-106.250854
14554.687500	-106.749474
14560.546875	-107.068573
14566.406250	-107.427704
14572.265625	-107.185738
14578.125000	-105.421120
14583.984375	-106.118828
14589.843750	-106.358299
14595.703125	-106.883110
14601.562500	-107.624901
14607.421875	-107.155914
14613.281250	-107.110039
14619.140625	-106.153008
14625.000000	-106.088623
14630.859375	-105.886116
14636.718750	-106.058601
14642.578125	-106.265038
14648.437500	-107.395012
14654.296875	-106.776001
14660.156250	-106.523476
14666.015625	-105.961838
14671.875000	-106.352127
14677.734375	-105.761871
14683.593750	-105.972771
14689.453125	-106.460007
14695.312500	-105.527901
14701.171875	-106.211983
14707.031250	-106.943092
14712.890625	-108.088516
14718.750000	-106.718994
14724.609375	-105.449394
14730.468750	-105.534706
14736.328125	-107.082428
14742.187500	-106.360695
14748.046875	-106.313515
14753.906250	-107.701385
14759.765625	-107.536438
14765.625000	-106.488579
14771.484375	-105.460739
14777.343750	-106.486763
14783.203125	-107.339149
14789.062500	-107.089531
14794.921875	-107.815918
14800.781250	-106.561058
14806.640625	-106.392822
14812.500000	-105.456848
14818.359375	-105.639961
14824.218750	-106.306885
14830.078125	-106.129410
14835.937500	-106.348198
14841.796875	-106.897652
14847.656250	-106.235313
14853.515625	-106.033409
14859.375000	-106.702797
14865.234375	-106.282578
14871.093750	-106.721222
14876.953125	-107.167206
14882.812500	-107.661201
14888.671875	-106.911667
14894.531250	-105.632637
14900.390625	-105.270096
14906.250000	-105.663246
14912.109375	-106.098495
14917.968750	-105.983208
14923.828125	-105.379257
14929.687500	-106.206116
14935.546875	-106.263985
14941.406250	-106.576851
14947.265625	-106.155373
14953.125000	-105.020317
14958.984375	-105.364891
14964.843750	-105.764297
14970.703125	-105.819031
14976.562500	-105.454697
14982.421875	-105.129478
14988.281250	-105.052994
14994.140625	-105.550064
15000.000000	-105.742622
15005.859375	-105.101990
15011.718750	-104.847870
15017.578125	-105.535172
15023.437500	-105.488731
15029.296875	-105.508003
15035.156250	-105.187874
15041.015625	-104.820351
15046.875000	-105.727539
15052.734375	-105.413033
15058.593750	-105.405937
15064.453125	-106.575974
15070.312500	-106.547806
15076.171875	-106.369568
15082.031250	-107.006561
15087.890625	-106.355415
15093.750000	-105.645683
15099.609375	-105.508110
15105.468750	-105.759674
15111.328125	-105.781693
15117.187500	-104.587608
15123.046875	-104.465805
15128.906250	-105.256973
15134.765625	-105.802612
15140.625000	-106.719017
15146.484375	-105.331360
15152.343750	-105.954323
15158.203125	-106.881493
15164.062500	-107.590576
15169.921875	-106.279884
15175.781250	-104.663361
15181.640625	-104.732162
15187.500000	-105.927750
15193.359375	-106.153008
15199.218750	-106.200089
15205.078125	-106.544518
15210.937500	-106.907425
15216.796875	-106.971313
15222.656250	-105.046364
15228.515625	-103.589668
15234.375000	-104.543808
15240.234375	-104.582283
15246.093750	-104.755112
15251.953125	-105.105377
15257.812500	-105.328476
15263.671875	-106.508858
15269.531250	-105.735535
15275.390625	-104.402351
15281.250000	-104.644829
15287.109375	-105.924797
15292.968750	-105.617378
15298.828125	-105.323486
15304.687500	-106.103973
15310.546875	-105.617752
15316.406250	-105.012558
15322.265625	-104.921692
15328.125000	-104.827156
15333.984375	-104.454147
15339.843750	-105.389999
15345.703125	-107.259636
15351.562500	-107.459557
15357.421875	-106.173813
15363.281250	-106.375488
15369.140625	-105.689392
15375.000000	-106.098701
15380.859375	-106.031219
15386.718750	-105.311996
15392.578125	-105.696304
15398.437500	-105.052658
15404.296875	-104.837189
15410.156250	-105.319763
15416.015625	-104.858063
15421.875000	-105.463867
15427.734375	-106.638496
15433.593750	-105.794357
15439.453125	-104.763687
15445.312500	-105.199989
15451.171875	-105.732239
15457.031250	-105.604172
15462.890625	-104.340874
15468.750000	-104.945305
15474.609375	-105.770370
15480.468750	-104.809746
15486.328125	-105.265427
15492.187500	-105.257561
15498.046875	-105.458282
15503.906250	-105.797234
15509.765625	-105.710320
15515.625000	-104.663651
15521.484375	-104.310005
15527.343750	-104.799225
15533.203125	-105.357208
15539.062500	-106.971031
15544.921875	-107.043297
15550.781250	-106.165955
15556.640625	-104.935699
15562.500000	-104.324333
15568.359375	-104.962593
15574.218750	-105.520905
15580.078125	-106.137039
15585.937500	-106.279617
15591.796875	-105.448524
15597.656250	-104.803894
15603.515625	-104.393570
15609.375000	-104.135918
15615.234375	-104.216843
15621.093750	-104.972603
15626.953125	-105.610329
15632.812500	-106.304451
15638.671875	-106.244026
15644.531250	-106.154076
15650.390625	-105.177269
15656.250000	-104.719299
15662.109375	-105.311760
15667.968750	-104.215683
15673.828125	-104.946190
15679.687500	-105.668114
15685.546875	-105.508774
15691.406250	-105.395668
15697.265625	-104.712349
15703.125000	-104.864456
15708.984375	-105.089539
15714.843750	-106.471619
15720.703125	-106.807350
15726.562500	-106.529030
15732.421875	-105.813622
15738.281250	-105.491806
15744.140625	-105.594704
15750.000000	-106.552757
15755.859375	-104.861465
15761.718750	-105.085442
15767.578125	-105.188614
15773.437500	-104.985970
15779.296875	-105.823959
15785.156250	-105.090446
15791.015625	-104.683723
15796.875000	-105.224251
15802.734375	-105.179726
15808.593750	-105.955200
15814.453125	-107.077766
15820.312500	-106.133789
15826.171875	-106.144218
15832.031250	-104.819115
15837.890625	-104.364433
15843.750000	-102.892662
15849.609375	-103.821426
15855.468750	-104.800941
15861.328125	-103.894714
15867.187500	-104.603821
15873.046875	-105.863647
15878.906250	-105.774658
15884.765625	-105.818329
15890.625000	-105.365868
15896.484375	-105.173668
15902.343750	-105.476669
15908.203125	-105.874969
15914.062500	-107.463783
15919.921875	-106.060944
15925.781250	-105.492981
15931.640625	-104.489059
15937.500000	-105.081726
15943.359375	-105.477440
15949.218750	-106.578354
15955.078125	-106.976151
15960.937500	-106.952141
15966.796875	-106.342262
15972.656250	-105.162621
15978.515625	-105.187508
15984.375000	-105.547470
15990.234375	-105.144150
15996.093750	-105.646774
16001.953125	-106.053444
16007.812500	-105.903938
16013.671875	-106.006477
16019.531250	-106.485306
16025.390625	-105.468613
16031.250000	-105.203331
16037.109375	-106.080597
16042.968750	-106.388458
16048.828125	-106.945976
16054.687500	-106.179733
16060.546875	-105.556953
16066.406250	-105.806534
16072.265625	-105.835289
16078.125000	-105.520248
16083.984375	-105.927185
16089.843750	-106.226997
16095.703125	-107.243698
16101.562500	-106.891273
16107.421875	-105.664902
16113.281250	-105.659561
16119.140625	-106.113068
16125.000000	-105.616043
16130.859375	-106.371391
16136.718750	-106.680161
16142.578125	-105.442368
16148.437500	-105.071671
16154.296875	-104.731140
16160.156250	-105.262680
16166.015625	-106.240715
16171.875000	-106.017105
16177.734375	-105.122116
16183.593750	-105.582344
16189.453125	-106.188805
16195.312500	-106.734314
16201.171875	-106.495514
16207.031250	-104.937439
16212.890625	-104.632004
16218.750000	-105.203011
16224.609375	-104.449776
16230.468750	-104.364517
16236.328125	-105.883972
16242.187500	-106.775642
16248.046875	-107.077286
16253.906250	-106.408173
16259.765625	-105.620285
16265.625000	-105.651634
16271.484375	-105.635750
16277.343750	-106.004967
16283.203125	-106.844101
16289.062500	-106.972244
16294.921875	-107.447601
16300.781250	-106.909424
16306.640625	-106.440727
16312.500000	-105.734985
16318.359375	-104.711594
16324.218750	-104.902390
16330.078125	-105.909492
16335.937500	-104.560844
16341.796875	-104.258698
16347.656250	-105.093903
16353.515625	-105.983559
16359.375000	-106.096680
16365.234375	-105.683220
16371.093750	-105.972572
16376.953125	-105.842583
16382.812500	-105.066963
16388.671875	-105.200966
16394.531250	-106.677841
16400.390625	-107.049500
16406.250000	-105.780754
16412.109375	-105.417732
16417.968750	-106.351624
16423.828125	-106.012718
16429.687500	-105.941147
16435.546875	-105.032150
16441.406250	-104.436371
16447.265625	-105.220650
16453.125000	-105.161400
16458.984375	-106.664276
16464.843750	-106.537399
16470.703125	-106.814316
16476.562500	-106.542107
16482.421875	-106.871666
16488.281250	-106.008263
16494.140625	-105.057663
16500.000000	-105.617638
16505.859375	-105.124771
16511.718750	-105.434883
16517.578125	-106.503845
16523.437500	-105.114456
16529.296875	-105.531487
16535.156250	-106.510078
16541.015625	-105.309280
16546.875000	-105.269867
16552.734375	-106.122864
16558.593750	-105.504898
16564.453125	-106.674385
16570.312500	-108.031647
16576.171875	-107.104240
16582.031250	-106.015572
16587.890625	-104.924957
16593.750000	-105.268417
16599.609375	-105.498726
16605.468750	-105.367599
16611.328125	-105.849144
16617.187500	-106.595139
16623.046875	-107.024422
16628.906250	-106.490471
16634.765625	-105.402969
16640.625000	-104.506386
16646.484375	-106.009392
16652.343750	-106.744255
16658.203125	-106.302345
16664.062500	-105.299805
16669.921875	-105.568108
16675.781250	-106.909027
16681.640625	-104.844543
16687.500000	-104.811340
16693.359375	-106.018166
16699.218750	-106.257439
16705.078125	-107.051453
16710.937500	-107.618645
16716.796875	-107.543503
16722.656250	-105.964798
16728.515625	-105.706017
16734.375000	-105.779686
16740.234375	-106.114868
16746.093750	-106.379944
16751.953125	-105.914185
16757.812500	-106.417587
16763.671875	-106.310555
16769.531250	-105.585213
16775.390625	-105.916069
16781.250000	-106.397057
16787.109375	-106.628204
16792.968750	-105.927887
16798.828125	-106.817574
16804.687500	-106.590218
16810.546875	-105.820435
16816.406250	-105.985947
16822.265625	-106.324471
16828.125000	-105.801933
16833.984375	-106.413010
16839.843750	-105.542419
16845.703125	-106.157776
16851.562500	-106.350868
16857.421875	-105.986946
16863.281250	-106.054283
16869.140625	-104.993065
16875.000000	-104.612839
16880.859375	-105.857590
16886.718750	-105.771545
16892.578125	-106.036743
16898.437500	-106.215012
16904.296875	-106.679390
16910.156250	-106.914139
16916.015625	-105.253731
16921.875000	-104.550011
16927.734375	-105.121384
16933.593750	-105.862709
16939.453125	-105.863922
16945.312500	-106.945747
16951.171875	-107.493134
16957.031250	-106.468475
16962.890625	-105.158318
16968.750000	-104.387657
16974.609375	-105.283134
16980.468750	-104.672226
16986.328125	-104.877693
16992.187500	-105.421021
16998.046875	-106.029442
17003.906250	-106.727379
17009.765625	-105.862122
17015.625000	-106.233238
17021.484375	-106.487503
17027.343750	-106.858665
17033.203125	-105.704895
17039.062500	-106.334648
17044.921875	-105.933449
17050.781250	-106.113258
17056.640625	-106.693489
17062.500000	-107.131226
17068.359375	-106.429581
17074.218750	-105.659599
17080.078125	-105.527245
17085.937500	-107.013718
17091.796875	-107.190178
17097.656250	-106.281143
17103.515625	-106.328468
17109.375000	-106.208466
17115.234375	-105.285866
17121.093750	-105.949280
17126.953125	-106.410103
17132.812500	-106.314598
17138.671875	-105.757317
17144.531250	-105.034149
17150.390625	-104.703850
17156.250000	-104.171585
17162.109375	-104.977470
17167.968750	-105.861679
17173.828125	-107.630737
17179.687500	-106.079674
17185.546875	-105.965797
17191.406250	-106.025879
17197.265625	-104.953224
17203.125000	-103.603027
17208.984375	-104.260368
17214.843750	-105.295349
17220.703125	-106.985680
17226.562500	-108.941925
17232.421875	-107.834000
17238.281250	-107.543587
17244.140625	-107.004478
17250.000000	-106.748756
17255.859375	-107.070190
17261.718750	-107.387276
17267.578125	-107.633026
17273.437500	-107.997200
17279.296875	-106.993187
17285.156250	-106.850006
17291.015625	-106.383743
17296.875000	-106.414963
17302.734375	-106.771065
17308.593750	-106.561295
17314.453125	-106.839973
17320.312500	-107.353119
17326.171875	-108.380890
17332.031250	-108.486832
17337.890625	-107.582756
17343.750000	-107.966454
17349.609375	-109.433426
17355.468750	-107.978806
17361.328125	-108.368149
17367.187500	-110.366844
17373.046875	-108.268204
17378.906250	-107.464745
17384.765625	-108.200592
17390.625000	-106.821938
17396.484375	-107.414864
17402.343750	-107.973190
17408.203125	-106.847740
17414.062500	-106.428329
17419.921875	-107.510696
17425.781250	-108.434868
17431.640625	-107.187057
17437.500000	-106.889030
17443.359375	-107.852409
17449.218750	-108.029289
17455.078125	-107.989075
17460.937500	-108.082359
17466.796875	-107.543732
17472.656250	-107.228554
17478.515625	-108.405327
17484.375000	-108.266602
17490.234375	-107.730003
17496.093750	-107.085258
17501.953125	-107.645721
17507.812500	-108.454216
17513.671875	-108.087578
17519.531250	-106.791222
17525.390625	-107.218758
17531.250000	-106.941917
17537.109375	-106.931786
17542.968750	-106.840996
17548.828125	-107.314568
17554.687500	-107.229172
17560.546875	-107.895599
17566.406250	-108.803123
17572.265625	-107.530144
17578.125000	-106.815239
17583.984375	-108.043617
17589.843750	-108.688225
17595.703125	-107.771980
17601.562500	-106.856705
17607.421875	-106.980392
17613.281250	-107.628647
17619.140625	-107.620911
17625.000000	-106.708786
17630.859375	-107.519524
17636.718750	-106.966423
17642.578125	-107.093353
17648.437500	-106.635628
17654.296875	-107.148048
17660.156250	-109.147408
17666.015625	-107.747757
17671.875000	-107.149666
17677.734375	-107.292572
17683.593750	-107.073204
17689.453125	-107.518898
17695.312500	-107.368568
17701.171875	-107.473473
17707.031250	-107.374298
17712.890625	-107.388901
17718.750000	-107.738144
17724.609375	-106.715881
17730.468750	-106.667992
17736.328125	-108.205330
17742.187500	-108.441505
17748.046875	-107.925880
17753.906250	-107.200592
17759.765625	-106.378433
17765.625000	-106.431648
17771.484375	-106.765831
17777.343750	-107.690269
17783.203125	-108.358170
17789.062500	-108.907028
17794.921875	-107.150612
17800.781250	-106.780243
17806.640625	-107.421028
17812.500000	-106.536819
17818.359375	-107.170464
17824.218750	-106.754791
17830.078125	-106.954727
17835.937500	-107.641960
17841.796875	-107.878319
17847.656250	-107.476646
17853.515625	-106.501251
17859.375000	-105.753883
17865.234375	-105.351532
17871.093750	-106.141899
17876.953125	-106.560310
17882.812500	-108.097397
17888.671875	-108.626015
17894.531250	-108.397652
17900.390625	-107.101334
17906.250000	-106.267616
17912.109375	-106.871758
17917.968750	-106.605919
17923.828125	-107.315994
17929.687500	-108.740349
17935.546875	-107.370979
17941.406250	-107.490814
17947.265625	-107.746475
17953.125000	-107.411331
17958.984375	-107.952301
17964.843750	-107.820709
17970.703125	-108.206436
17976.562500	-107.516365
17982.421875	-106.755997
17988.281250	-106.582222
17994.140625	-106.188911
18000.000000	-106.721649
18005.859375	-106.082382
18011.718750	-106.063507
18017.578125	-107.682091
18023.437500	-107.746002
18029.296875	-107.784180
18035.156250	-106.988731
18041.015625	-107.124008
18046.875000	-107.631393
18052.734375	-106.521690
18058.593750	-107.845512
18064.453125	-107.346176
18070.312500	-107.582314
18076.171875	-107.020363
18082.031250	-107.546524
18087.890625	-106.995613
18093.750000	-106.553658
18099.609375	-106.399445
18105.468750	-107.226158
18111.328125	-107.451355
18117.187500	-107.483032
18123.046875	-107.445145
18128.906250	-107.828888
18134.765625	-108.146408
18140.625000	-106.411636
18146.484375	-106.292732
18152.343750	-107.295097
18158.203125	-107.500908
18164.062500	-106.348427
18169.921875	-107.208275
18175.781250	-107.221710
18181.640625	-106.284622
18187.500000	-105.567139
18193.359375	-106.353035
18199.218750	-106.890320
18205.078125	-107.127563
18210.937500	-107.942451
18216.796875	-108.337234
18222.656250	-108.031960
18228.515625	-106.922699
18234.375000	-106.477234
18240.234375	-106.158478
18246.093750	-106.407959
18251.953125	-107.454475
18257.812500	-107.596672
18263.671875	-107.314461
18269.531250	-107.312233
18275.390625	-106.271736
18281.250000	-106.053810
18287.109375	-106.191750
18292.968750	-107.725266
18298.828125	-108.324387
18304.687500	-108.173943
18310.546875	-108.351517
18316.406250	-106.141891
18322.265625	-105.839394
18328.125000	-107.595360
18333.984375	-108.908363
18339.843750	-107.725014
18345.703125	-106.624222
18351.562500	-107.007271
18357.421875	-107.652542
18363.281250	-107.996994
18369.140625	-107.085442
18375.000000	-105.411804
18380.859375	-105.568275
18386.718750	-106.635620
18392.578125	-106.378395
18398.437500	-107.423439
18404.296875	-106.598572
18410.156250	-106.057907
18416.015625	-106.398705
18421.875000	-105.965652
18427.734375	-106.638756
18433.593750	-107.064598
18439.453125	-107.389290
18445.312500	-106.905075
18451.171875	-107.181618
18457.031250	-106.709511
18462.890625	-105.650978
18468.750000	-106.854790
18474.609375	-107.455879
18480.468750	-107.001007
18486.328125	-107.301384
18492.187500	-106.685638
18498.046875	-106.743805
18503.906250	-107.687271
18509.765625	-108.247604
18515.625000	-108.969368
18521.484375	-107.618645
18527.343750	-107.488113
18533.203125	-106.670555
18539.062500	-106.961777
18544.921875	-106.543068
18550.781250	-105.964539
18556.640625	-105.415344
18562.500000	-105.511353
18568.359375	-106.605988
18574.218750	-106.743118
18580.078125	-106.576874
18585.937500	-107.930008
18591.796875	-108.289284
18597.656250	-107.467445
18603.515625	-106.617149
18609.375000	-105.753387
18615.234375	-105.361320
18621.093750	-106.610321
18626.953125	-107.751579
18632.812500	-107.520630
18638.671875	-107.212738
18644.531250	-106.790184
18650.390625	-106.963646
18656.250000	-106.201012
18662.109375	-105.867592
18667.968750	-107.308617
18673.828125	-109.289253
18679.687500	-108.224625
18685.546875	-108.609291
18691.406250	-106.549461
18697.265625	-106.013649
18703.125000	-106.663307
18708.984375	-106.790642
18714.843750	-106.555313
18720.703125	-107.644974
18726.562500	-106.606140
18732.421875	-106.406013
18738.281250	-107.717827
18744.140625	-106.686394
18750.000000	-106.722137
18755.859375	-108.045570
18761.718750	-107.746338
18767.578125	-107.080986
18773.437500	-107.362274
18779.296875	-107.246613
18785.156250	-105.816521
18791.015625	-105.711037
18796.875000	-106.752579
18802.734375	-106.667130
18808.593750	-106.500107
18814.453125	-107.638641
18820.312500	-108.501984
18826.171875	-107.424446
18832.031250	-107.553726
18837.890625	-105.547874
18843.750000	-106.186852
18849.609375	-107.136543
18855.468750	-107.173508
18861.328125	-107.809944
18867.187500	-108.250938
18873.046875	-107.485092
18878.906250	-107.458076
18884.765625	-106.488426
18890.625000	-106.747757
18896.484375	-107.484764
18902.343750	-106.905159
18908.203125	-106.272606
18914.062500	-106.611382
18919.921875	-106.967346
18925.781250	-106.984123
18931.640625	-106.247124
18937.500000	-105.825035
18943.359375	-106.658272
18949.218750	-107.139084
18955.078125	-107.168327
18960.937500	-107.292572
18966.796875	-106.535431
18972.656250	-105.322105
18978.515625	-106.042587
18984.375000	-107.555077
18990.234375	-107.420509
18996.093750	-106.206497
19001.953125	-107.150314
19007.812500	-108.259834
19013.671875	-108.218918
19019.531250	-107.660172
19025.390625	-106.301590
19031.250000	-105.923058
19037.109375	-106.751404
19042.968750	-106.296432
19048.828125	-106.607224
19054.687500	-107.681656
19060.546875	-106.080986
19066.406250	-105.828476
19072.265625	-106.026718
19078.125000	-105.761963
19083.984375	-105.405220
19089.843750	-106.185280
19095.703125	-106.183792
19101.562500	-106.768852
19107.421875	-107.515533
19113.281250	-107.093567
19119.140625	-106.577911
19125.000000	-105.849838
19130.859375	-106.003731
19136.718750	-106.265930
19142.578125	-105.663559
19148.437500	-106.662041
19154.296875	-106.979515
19160.156250	-106.275505
19166.015625	-105.353012
19171.875000	-106.040092
19177.734375	-105.935196
19183.593750	-105.493942
19189.453125	-106.675591
19195.312500	-107.239380
19201.171875	-106.585228
19207.031250	-105.714485
19212.890625	-105.545593
19218.750000	-105.755424
19224.609375	-106.253784
19230.468750	-105.738205
19236.328125	-106.365723
19242.187500	-105.560707
19248.046875	-105.336311
19253.906250	-106.287148
19259.765625	-106.049446
19265.625000	-106.599083
19271.484375	-105.927719
19277.343750	-107.079269
19283.203125	-107.417168
19289.062500	-107.159950
19294.921875	-106.057053
19300.781250	-106.711128
19306.640625	-106.767838
19312.500000	-106.145012
19318.359375	-105.845757
19324.218750	-105.622314
19330.078125	-106.142876
19335.937500	-106.382454
19341.796875	-105.475304
19347.656250	-105.698296
19353.515625	-105.597588
19359.375000	-105.063042
19365.234375	-105.805756
19371.093750	-105.906158
19376.953125	-106.227158
19382.812500	-106.222832
19388.671875	-107.311928
19394.531250	-106.873383
19400.390625	-107.006851
19406.250000	-105.813713
19412.109375	-105.869682
19417.968750	-107.127419
19423.828125	-106.102791
19429.687500	-106.059311
19435.546875	-107.077469
19441.406250	-107.466072
19447.265625	-106.404129
19453.125000	-106.074043
19458.984375	-105.603050
19464.843750	-106.215942
19470.703125	-105.704063
19476.562500	-106.577202
19482.421875	-106.697342
19488.281250	-106.171104
19494.140625	-105.970833
19500.000000	-106.070885
19505.859375	-106.226784
19511.718750	-106.393448
19517.578125	-106.714958
19523.437500	-106.772995
19529.296875	-105.480484
19535.156250	-106.482468
19541.015625	-105.750999
19546.875000	-105.370483
19552.734375	-106.249046
19558.593750	-106.149185
19564.453125	-106.527336
19570.312500	-105.851448
19576.171875	-105.373108
19582.031250	-105.539658
19587.890625	-105.947144
19593.750000	-105.406258
19599.609375	-105.805336
19605.468750	-106.991341
19611.328125	-106.750275
19617.187500	-107.176262
19623.046875	-106.307549
19628.906250	-105.459023
19634.765625	-105.469795
19640.625000	-104.891296
19646.484375	-105.291748
19652.343750	-105.798180
19658.203125	-106.418472
19664.062500	-106.672615
19669.921875	-105.873756
19675.781250	-105.823616
19681.640625	-105.513626
19687.500000	-105.202881
19693.359375	-104.882477
19699.218750	-104.887527
19705.078125	-106.200157
19710.937500	-106.962181
19716.796875	-106.275322
19722.656250	-104.846161
19728.515625	-104.559006
19734.375000	-105.491669
19740.234375	-106.164536
19746.093750	-105.757217
19751.953125	-104.998077
19757.812500	-105.489372
19763.671875	-106.337044
19769.531250	-106.607964
19775.390625	-106.432083
19781.250000	-105.963486
19787.109375	-106.446205
19792.968750	-107.555092
19798.828125	-107.091614
19804.687500	-105.274498
19810.546875	-105.047005
19816.406250	-106.444443
19822.265625	-106.591682
19828.125000	-105.832832
19833.984375	-105.334656
19839.843750	-105.164291
19845.703125	-106.650116
19851.562500	-105.871025
19857.421875	-105.825607
19863.281250	-105.768013
19869.140625	-106.033531
19875.000000	-105.955101
19880.859375	-106.139694
19886.718750	-105.488419
19892.578125	-105.445015
19898.437500	-105.854164
19904.296875	-104.809158
19910.156250	-104.079445
19916.015625	-104.465187
19921.875000	-104.486061
19927.734375	-105.785347
19933.593750	-105.982292
19939.453125	-105.381721
19945.312500	-105.126236
19951.171875	-105.906830
19957.031250	-105.532181
19962.890625	-103.846413
19968.750000	-103.879578
19974.609375	-104.565506
19980.468750	-105.321632
19986.328125	-105.614449
19992.187500	-104.980972
19998.046875	-105.047470
20003.906250	-104.125961
20009.765625	-103.896126
20015.625000	-103.803207
20021.484375	-105.179306
20027.343750	-105.454391
20033.203125	-105.409424
20039.062500	-105.268646
20044.921875	-104.270668
20050.781250	-104.665573
20056.640625	-105.649231
20062.500000	-105.868935
20068.359375	-105.714508
20074.218750	-105.597733
20080.078125	-105.830383
20085.937500	-105.809059
20091.796875	-105.643158
20097.656250	-104.269592
20103.515625	-104.842377
20109.375000	-104.190819
20115.234375	-104.787697
20121.093750	-104.938202
20126.953125	-105.635269
20132.812500	-105.976128
20138.671875	-105.383270
20144.531250	-104.990646
20150.390625	-106.334587
20156.250000	-105.617867
20162.109375	-105.697075
20167.968750	-104.705650
20173.828125	-105.102592
20179.687500	-105.881783
20185.546875	-105.252388
20191.406250	-105.012573
20197.265625	-105.018974
20203.125000	-104.510460
20208.984375	-105.388557
20214.843750	-105.456810
20220.703125	-105.657539
20226.562500	-106.036407
20232.421875	-105.867531
20238.281250	-105.371124
20244.140625	-105.590271
20250.000000	-104.821930
20255.859375	-106.239906
20261.718750	-106.349205
20267.578125	-104.630562
20273.437500	-104.869377
20279.296875	-106.338554
20285.156250	-105.040009
20291.015625	-105.179260
20296.875000	-106.138702
20302.734375	-106.668327
20308.593750	-105.391365
20314.453125	-106.022911
20320.312500	-105.357613
20326.171875	-105.836235
20332.031250	-104.979668
20337.890625	-105.107887
20343.750000	-105.018288
20349.609375	-103.962883
20355.468750	-104.883202
20361.328125	-104.802620
20367.187500	-105.422600
20373.046875	-105.179268
20378.906250	-104.976082
20384.765625	-104.780067
20390.625000	-105.131065
20396.484375	-105.464249
20402.343750	-105.404396
20408.203125	-105.819519
20414.062500	-107.708939
20419.921875	-106.391205
20425.781250	-105.593018
20431.640625	-104.813225
20437.500000	-105.365540
20443.359375	-104.963959
20449.218750	-104.614647
20455.078125	-105.884613
20460.937500	-105.895241
20466.796875	-105.180779
20472.656250	-104.923866
20478.515625	-106.395309
20484.375000	-105.224564
20490.234375	-104.492729
20496.093750	-104.070473
20501.953125	-105.619987
20507.812500	-107.428947
20513.671875	-106.732056
20519.531250	-105.352760
20525.390625	-105.528793
20531.250000	-105.622368
20537.109375	-106.514427
20542.968750	-106.394188
20548.828125	-106.311584
20554.687500	-106.342812
20560.546875	-106.343384
20566.406250	-105.233917
20572.265625	-104.957870
20578.125000	-106.339050
20583.984375	-105.188232
20589.843750	-106.201736
20595.703125	-106.260323
20601.562500	-106.013359
20607.421875	-106.042511
20613.281250	-105.429726
20619.140625	-105.905220
20625.000000	-105.585030
20630.859375	-105.321442
20636.718750	-105.059296
20642.578125	-106.330605
20648.437500	-106.935257
20654.296875	-106.684853
20660.156250	-105.529373
20666.015625	-105.627228
20671.875000	-104.644981
20677.734375	-103.503448
20683.593750	-105.183876
20689.453125	-106.311874
20695.312500	-106.270309
20701.171875	-104.711647
20707.031250	-105.019989
20712.890625	-105.511589
20718.750000	-105.028664
20724.609375	-105.777786
20730.468750	-106.431816
20736.328125	-105.746140
20742.187500	-105.490707
20748.046875	-105.942581
20753.906250	-106.092049
20759.765625	-105.865700
20765.625000	-105.650208
20771.484375	-106.089775
20777.343750	-106.586365
20783.203125	-106.007324
20789.062500	-106.900101
20794.921875	-105.388695
20800.781250	-104.564156
20806.640625	-105.129547
20812.500000	-106.054337
20818.359375	-106.228218
20824.218750	-106.083603
20830.078125	-105.121193
20835.937500	-104.363678
20841.796875	-105.235023
20847.656250	-104.422432
20853.515625	-103.642357
20859.375000	-104.512878
20865.234375	-105.230057
20871.093750	-105.066628
20876.953125	-106.532516
20882.812500	-108.073692
20888.671875	-106.721184
20894.531250	-106.500015
20900.390625	-106.004974
20906.250000	-107.151642
20912.109375	-106.175873
20917.968750	-105.149200
20923.828125	-106.047562
20929.687500	-106.451675
20935.546875	-107.353271
20941.406250	-105.747025
20947.265625	-106.543236
20953.125000	-105.335648
20958.984375	-105.004761
20964.843750	-105.418762
20970.703125	-105.959320
20976.562500	-105.267502
20982.421875	-105.353081
20988.281250	-106.094162
20994.140625	-106.152199
21000.000000	-106.024651
21005.859375	-107.223640
21011.718750	-107.237381
21017.578125	-106.366180
21023.437500	-106.427109
21029.296875	-106.715401
21035.156250	-105.803726
21041.015625	-105.458099
21046.875000	-105.290222
21052.734375	-106.220505
21058.593750	-106.463158
21064.453125	-107.346962
21070.312500	-106.998940
21076.171875	-105.938156
21082.031250	-106.165154
21087.890625	-106.555283
21093.750000	-105.128151
21099.609375	-105.927780
21105.468750	-107.279358
21111.328125	-106.919060
21117.187500	-106.639374
21123.046875	-106.125275
21128.906250	-105.570457
21134.765625	-106.108223
21140.625000	-106.928307
21146.484375	-106.802849
21152.343750	-107.108765
21158.203125	-106.493286
21164.062500	-106.557419
21169.921875	-106.394936
21175.781250	-105.962830
21181.640625	-106.299988
21187.500000	-106.162354
21193.359375	-106.070694
21199.218750	-106.628098
21205.078125	-105.585701
21210.937500	-105.530273
21216.796875	-106.380966
21222.656250	-107.312576
21228.515625	-105.588387
21234.375000	-104.919769
21240.234375	-105.688904
21246.093750	-106.625725
21251.953125	-106.447510
21257.812500	-107.113724
21263.671875	-107.510643
21269.531250	-106.532303
21275.390625	-106.236267
21281.250000	-106.447891
21287.109375	-106.375481
21292.968750	-105.276108
21298.828125	-105.092590
21304.687500	-106.120537
21310.546875	-106.841377
21316.406250	-106.152534
21322.265625	-105.713974
21328.125000	-106.022964
21333.984375	-104.814888
21339.843750	-104.990913
21345.703125	-106.361771
21351.562500	-106.446983
21357.421875	-106.828888
21363.281250	-104.986420
21369.140625	-105.725426
21375.000000	-105.959801
21380.859375	-105.547073
21386.718750	-104.979851
21392.578125	-106.957687
21398.437500	-107.725082
21404.296875	-107.477104
21410.156250	-105.656555
21416.015625	-106.362198
21421.875000	-105.815399
21427.734375	-105.040985
21433.593750	-106.503098
21439.453125	-108.097763
21445.312500	-108.210846
21451.171875	-107.523811
21457.031250	-105.938950
21462.890625	-105.685928
21468.750000	-105.751740
21474.609375	-106.758446
21480.468750	-107.450928
21486.328125	-107.458794
21492.187500	-106.548370
21498.046875	-106.288368
21503.906250	-105.730652
21509.765625	-105.437149
21515.625000	-105.895981
21521.484375	-106.130302
21527.343750	-106.063248
21533.203125	-106.799690
21539.062500	-108.763718
21544.921875	-106.972969
21550.781250	-106.516533
21556.640625	-106.473282
21562.500000	-107.407738
21568.359375	-107.688438
21574.218750	-107.147850
21580.078125	-107.197449
21585.937500	-106.519768
21591.796875	-106.044701
21597.656250	-107.877502
21603.515625	-107.688400
21609.375000	-107.455910
21615.234375	-106.798401
21621.093750	-107.833168
21626.953125	-107.718620
21632.812500	-107.038330
21638.671875	-107.139877
21644.531250	-107.201294
21650.390625	-107.521767
21656.250000	-107.539185
21662.109375	-106.535591
21667.968750	-105.764732
21673.828125	-107.305687
21679.687500	-108.040260
21685.546875	-107.221848
21691.406250	-106.783943
21697.265625	-106.786995
21703.125000	-107.557396
21708.984375	-106.861931
21714.843750	-106.941528
21720.703125	-108.517395
21726.562500	-107.188499
21732.421875	-106.748138
21738.281250	-107.036674
21744.140625	-107.159714
21750.000000	-107.357864
21755.859375	-107.615211
21761.718750	-107.665466
21767.578125	-108.099060
21773.437500	-108.317703
21779.296875	-107.874237
21785.156250	-107.887604
21791.015625	-107.214180
21796.875000	-107.449570
21802.734375	-108.098541
21808.593750	-108.703568
21814.453125	-108.945641
21820.312500	-109.482109
21826.171875	-108.800255
21832.031250	-108.165276
21837.890625	-107.845772
21843.750000	-108.228874
21849.609375	-107.979385
21855.468750	-108.845390
21861.328125	-109.096870
21867.187500	-109.186737
21873.046875	-108.637489
21878.906250	-109.822540
21884.765625	-107.952713
21890.625000	-107.795479
21896.484375	-108.611168
21902.343750	-108.313187
21908.203125	-107.597343
21914.062500	-108.361748
21919.921875	-109.221626
21925.781250	-108.170319
21931.640625	-108.067116
21937.500000	-109.091377
21943.359375	-109.786240
21949.218750	-108.801277
21955.078125	-108.172874
21960.937500	-109.263268
21966.796875	-110.116661
21972.656250	-109.791832
21978.515625	-108.492439
21984.375000	-108.766228
21990.234375	-108.336136
21996.093750	-109.232742
22001.953125	-109.517593
22007.812500	-110.065948
22013.671875	-110.099236
22019.531250	-109.067009
22025.390625	-110.583382
22031.250000	-108.885948
22037.109375	-108.041229
22042.968750	-109.155235
22048.828125	-109.689476
22054.687500	-109.609337
22060.546875	-110.325813
22066.406250	-108.371376
22072.265625	-108.926842
22078.125000	-109.137245
22083.984375	-107.879372
22089.843750	-108.425446
22095.703125	-109.559052
22101.562500	-109.284012
22107.421875	-109.156647
22113.281250	-108.774910
22119.140625	-108.278450
22125.000000	-108.791061
22130.859375	-109.249939
22136.718750	-111.010437
22142.578125	-110.409241
22148.437500	-109.831276
22154.296875	-109.804764
22160.156250	-109.368706
22166.015625	-110.135864
22171.875000	-110.337669
22177.734375	-110.382423
22183.593750	-109.736519
22189.453125	-109.479256
22195.312500	-108.834641
22201.171875	-109.505272
22207.031250	-110.487114
22212.890625	-110.067520
22218.750000	-110.174980
22224.609375	-109.973793
22230.468750	-110.895546
22236.328125	-110.540619
22242.187500	-109.735069
22248.046875	-109.586517
22253.906250	-110.173706
22259.765625	-109.938171
22265.625000	-108.689690
22271.484375	-108.962509
22277.343750	-109.465126
22283.203125	-109.646446
22289.062500	-111.167023
22294.921875	-112.126167
22300.781250	-111.450012
22306.640625	-110.018524
22312.500000	-109.649475
22318.359375	-111.130638
22324.218750	-111.182434
22330.078125	-110.717628
22335.937500	-110.874260
22341.796875	-111.254745
22347.656250	-111.714622
22353.515625	-111.251625
22359.375000	-111.202202
22365.234375	-112.213257
22371.093750	-111.839233
22376.953125	-112.422997
22382.812500	-112.792496
22388.671875	-111.811165
22394.531250	-111.356697
22400.390625	-111.413467
22406.250000	-111.319107
22412.109375	-112.152840
22417.968750	-112.976387
22423.828125	-112.028648
22429.687500	-111.455208
22435.546875	-112.353668
22441.406250	-112.642471
22447.265625	-112.377205
22453.125000	-112.714203
22458.984375	-112.445885
22464.843750	-113.341377
22470.703125	-113.052635
22476.562500	-112.790054
22482.421875	-113.057877
22488.281250	-113.026108
22494.140625	-112.747528
22500.000000	-111.839653
22505.859375	-112.077728
22511.718750	-113.223785
22517.578125	-113.659523
22523.437500	-113.085236
22529.296875	-112.319504
22535.156250	-113.632057
22541.015625	-112.910347
22546.875000	-112.716125
22552.734375	-113.461189
22558.593750	-115.082207
22564.453125	-116.350578
22570.312500	-118.116127
22576.171875	-122.355484
22582.031250	-127.682587
22587.890625	-129.800491
22593.750000	-130.248230
22599.609375	-129.344742
22605.468750	-131.221863
22611.328125	-131.066467
22617.187500	-130.824814
22623.046875	-132.535538
22628.906250	-132.955093
22634.765625	-131.635132
22640.625000	-131.484909
22646.484375	-130.714371
22652.343750	-131.974030
22658.203125	-132.112198
22664.062500	-131.517181
22669.921875	-131.009781
22675.781250	-131.106583
22681.640625	-131.684372
22687.500000	-131.075714
22693.359375	-131.868576
22699.218750	-130.847580
22705.078125	-129.489471
22710.937500	-130.084686
22716.796875	-130.419540
22722.656250	-131.337540
22728.515625	-132.050827
22734.375000	-131.035049
22740.234375	-131.226273
22746.093750	-131.635925
22751.953125	-131.860107
22757.812500	-131.768692
22763.671875	-131.329422
22769.531250	-130.964340
22775.390625	-131.385315
22781.250000	-131.516296
22787.109375	-131.169281
22792.968750	-131.039551
22798.828125	-130.474640
22804.687500	-130.993698
22810.546875	-130.394684
22816.406250	-130.994598
22822.265625	-131.829895
22828.125000	-132.262863
22833.984375	-131.467819
22839.843750	-132.163345
22845.703125	-132.784988
22851.562500	-132.016647
22857.421875	-132.389679
22863.281250	-132.408966
22869.140625	-130.991486
22875.000000	-132.159424
22880.859375	-131.927139
22886.718750	-130.328766
22892.578125	-131.627289
22898.437500	-131.936630
22904.296875	-131.312805
22910.156250	-132.666061
22916.015625	-133.299332
22921.875000	-131.956818
22927.734375	-131.103302
22933.593750	-130.076691
22939.453125	-130.450455
22945.312500	-131.281006
22951.171875	-131.732239
22957.031250	-131.882324
22962.890625	-132.033203
22968.750000	-131.907257
22974.609375	-132.664581
22980.468750	-131.486725
22986.328125	-129.969696
22992.187500	-131.560699
22998.046875	-131.985733
23003.906250	-130.874588
23009.765625	-131.540894
23015.625000	-131.583969
23021.484375	-131.652145
23027.343750	-131.078812
23033.203125	-131.188812
23039.062500	-131.611908
23044.921875	-132.800247
23050.781250	-132.118286
23056.640625	-131.985886
23062.500000	-131.669022
23068.359375	-132.050629
23074.218750	-132.565033
23080.078125	-131.697067
23085.937500	-130.520584
23091.796875	-130.906845
23097.656250	-132.187607
23103.515625	-131.401962
23109.375000	-130.786301
23115.234375	-132.573471
23121.093750	-132.790009
23126.953125	-131.087509
23132.812500	-132.009628
23138.671875	-131.244080
23144.531250	-130.554565
23150.390625	-131.213715
23156.250000	-132.726944
23162.109375	-131.639374
23167.968750	-130.736420
23173.828125	-130.504730
23179.687500	-130.096573
23185.546875	-131.755493
23191.406250	-131.251770
23197.265625	-130.155197
23203.125000	-131.713837
23208.984375	-131.662369
23214.843750	-131.184402
23220.703125	-132.522873
23226.562500	-131.588409
23232.421875	-130.711853
23238.281250	-130.704636
23244.140625	-131.447281
23250.000000	-132.241974
23255.859375	-131.824768
23261.718750	-130.992325
23267.578125	-131.509399
23273.437500	-131.157043
23279.296875	-130.534424
23285.156250	-130.579575
23291.015625	-132.417175
23296.875000	-131.070084
23302.734375	-131.118942
23308.593750	-132.394943
23314.453125	-131.937820
23320.312500	-131.426224
23326.171875	-130.819550
23332.031250	-130.624847
23337.890625	-130.444336
23343.750000	-131.307068
23349.609375	-131.800491
23355.468750	-130.935562
23361.328125	-131.658325
23367.187500	-131.684784
23373.046875	-131.544907
23378.906250	-130.987442
23384.765625	-131.591064
23390.625000	-130.569717
23396.484375	-129.935425
23402.343750	-131.147629
23408.203125	-131.357742
23414.062500	-131.505219
23419.921875	-130.991745
23425.781250	-130.728973
23431.640625	-130.985825
23437.500000	-131.079788
23443.359375	-130.834488
23449.218750	-131.009750
23455.078125	-131.319489
23460.937500	-131.308121
23466.796875	-131.601212
23472.656250	-132.074631
23478.515625	-132.512115
23484.375000	-131.832947
23490.234375	-131.701477
23496.093750	-131.815475
23501.953125	-131.620712
23507.812500	-131.167755
23513.671875	-130.594254
23519.531250	-130.663742
23525.390625	-132.125809
23531.250000	-131.824020
23537.109375	-130.963226
23542.968750	-131.593170
23548.828125	-131.526459
23554.687500	-131.492386
23560.546875	-131.678787
23566.406250	-132.433395
23572.265625	-131.545502
23578.125000	-131.072083
23583.984375	-131.374084
23589.843750	-131.087875
23595.703125	-131.342728
23601.562500	-131.510742
23607.421875	-131.514648
23613.281250	-130.908707
23619.140625	-131.954544
23625.000000	-131.389465
23630.859375	-131.055695
23636.718750	-131.816910
23642.578125	-131.002457
23648.437500	-132.262741
23654.296875	-130.937439
23660.156250	-130.859650
23666.015625	-131.286377
23671.875000	-131.055939
23677.734375	-131.207870
23683.593750	-131.343643
23689.453125	-131.410355
23695.312500	-131.924271
23701.171875	-131.440445
23707.031250	-131.466736
23712.890625	-131.819275
23718.750000	-132.074417
23724.609375	-131.630157
23730.468750	-131.205475
23736.328125	-130.331650
23742.187500	-131.333450
23748.046875	-133.381531
23753.906250	-132.582245
23759.765625	-132.394424
23765.625000	-132.135880
23771.484375	-132.168579
23777.343750	-131.690994
23783.203125	-131.736954
23789.062500	-131.579971
23794.921875	-131.562714
23800.781250	-131.610367
23806.640625	-131.333267
23812.500000	-130.872162
23818.359375	-130.456619
23824.218750	-131.697922
23830.078125	-131.637375
23835.937500	-131.587860
23841.796875	-131.728577
23847.656250	-131.008682
23853.515625	-130.402496
23859.375000	-130.589111
23865.234375	-131.607742
23871.093750	-132.793488
23876.953125	-131.782837
23882.812500	-131.936295
23888.671875	-131.713516
23894.531250	-131.556000
23900.390625	-130.889328
23906.250000	-130.930893
23912.109375	-131.738129
23917.968750	-131.753021
23923.828125	-131.683060
23929.687500	-132.295105
23935.546875	-131.498642
23941.406250	-131.208939
23947.265625	-131.315811
23953.125000	-131.354675
23958.984375	-131.225586
23964.843750	-131.738800
23970.703125	-131.887924
23976.562500	-131.882889
23982.421875	-130.507706
23988.281250	-130.569733
23994.140625	-129.748138
