频率 (Hz)	电平 (dB)
5.859375	-89.802872
11.718750	-94.197426
17.578125	-96.467407
23.437500	-99.322960
29.296875	-98.613022
35.156250	-96.718124
41.015625	-91.213470
46.875000	-83.084343
52.734375	-75.230972
58.593750	-68.951714
64.453125	-66.310303
70.312500	-62.430386
76.171875	-59.653210
82.031250	-57.458282
87.890625	-54.967190
93.750000	-58.494186
99.609375	-59.079163
105.468750	-62.086800
111.328125	-63.297478
117.187500	-63.883297
123.046875	-62.703697
128.906250	-61.601940
134.765625	-63.163025
140.625000	-64.285995
146.484375	-65.211433
152.343750	-65.076805
158.203125	-66.917358
164.062500	-67.889046
169.921875	-55.557407
175.781250	-51.259922
181.640625	-58.081280
187.500000	-68.486282
193.359375	-62.290413
199.218750	-55.730415
205.078125	-58.899227
210.937500	-62.966984
216.796875	-62.832794
222.656250	-66.738579
228.515625	-68.504578
234.375000	-68.729546
240.234375	-68.595787
246.093750	-68.533318
251.953125	-66.032974
257.812500	-57.742157
263.671875	-55.297764
269.531250	-63.426708
275.390625	-66.307655
281.250000	-63.244278
287.109375	-65.630859
292.968750	-69.695999
298.828125	-68.483498
304.687500	-65.652107
310.546875	-63.957821
316.406250	-65.558617
322.265625	-69.521820
328.125000	-67.417007
333.984375	-67.236679
339.843750	-64.741402
345.703125	-62.229012
351.562500	-63.806755
357.421875	-67.710243
363.281250	-65.998344
369.140625	-68.156616
375.000000	-71.201454
380.859375	-68.017052
386.718750	-67.565987
392.578125	-69.753929
398.437500	-62.231010
404.296875	-63.443592
410.156250	-68.092018
416.015625	-68.735458
421.875000	-70.864250
427.734375	-67.315628
433.593750	-56.830811
439.453125	-54.394836
445.312500	-61.971859
451.171875	-69.249283
457.031250	-68.485474
462.890625	-67.825310
468.750000	-67.170502
474.609375	-68.780334
480.468750	-68.204948
486.328125	-68.056610
492.187500	-67.764885
498.046875	-66.127167
503.906250	-67.829941
509.765625	-66.472443
515.625000	-66.434891
521.484375	-62.728710
527.343750	-62.302593
533.203125	-68.333755
539.062500	-68.478836
544.921875	-66.025215
550.781250	-64.619469
556.640625	-66.830544
562.500000	-68.414703
568.359375	-68.175232
574.218750	-67.206650
580.078125	-68.571144
585.937500	-69.374397
591.796875	-69.762299
597.656250	-69.832489
603.515625	-70.033058
609.375000	-64.137711
615.234375	-62.000656
621.093750	-65.171280
626.953125	-67.953903
632.812500	-68.346115
638.671875	-66.896500
644.531250	-67.110031
650.390625	-66.000923
656.250000	-67.222710
662.109375	-69.164444
667.968750	-69.005730
673.828125	-70.967255
679.687500	-67.385780
685.546875	-66.185287
691.406250	-68.375229
697.265625	-63.682808
703.125000	-64.341614
708.984375	-69.948738
714.843750	-71.202751
720.703125	-70.813141
726.562500	-68.207214
732.421875	-67.211693
738.281250	-67.954475
744.140625	-69.878128
750.000000	-69.222351
755.859375	-68.537636
761.718750	-69.017639
767.578125	-66.063400
773.437500	-67.484612
779.296875	-69.991974
785.156250	-66.502960
791.015625	-65.958595
796.875000	-65.139153
802.734375	-64.174911
808.593750	-65.958031
814.453125	-66.868057
820.312500	-67.446732
826.171875	-67.588829
832.031250	-67.752937
837.890625	-69.154610
843.750000	-67.174179
849.609375	-66.959991
855.468750	-67.227325
861.328125	-66.901932
867.187500	-64.445877
873.046875	-63.740116
878.906250	-63.101376
884.765625	-65.912560
890.625000	-67.795639
896.484375	-67.334282
902.343750	-68.264702
908.203125	-67.962624
914.062500	-69.612419
919.921875	-68.830376
925.781250	-63.956848
931.640625	-63.755882
937.500000	-66.737396
943.359375	-65.380554
949.218750	-66.764832
955.078125	-66.838570
960.937500	-63.413918
966.796875	-64.395645
972.656250	-67.954460
978.515625	-66.749977
984.375000	-65.680176
990.234375	-65.301155
996.093750	-64.389206
1001.953125	-66.277000
1007.812500	-69.714401
1013.671875	-66.070816
1019.531250	-64.223137
1025.390625	-64.407654
1031.250000	-66.444168
1037.109375	-63.689987
1042.968750	-61.841213
1048.828125	-60.920738
1054.687500	-63.303337
1060.546875	-65.711800
1066.406250	-66.205513
1072.265625	-66.656784
1078.125000	-64.629669
1083.984375	-63.736767
1089.843750	-66.150398
1095.703125	-67.989532
1101.562500	-70.367035
1107.421875	-67.676842
1113.281250	-65.326698
1119.140625	-64.274574
1125.000000	-66.580666
1130.859375	-66.949852
1136.718750	-63.675861
1142.578125	-62.973316
1148.437500	-65.786812
1154.296875	-66.163589
1160.156250	-66.375504
1166.015625	-66.651520
1171.875000	-66.876038
1177.734375	-66.717598
1183.593750	-66.596054
1189.453125	-66.572144
1195.312500	-67.307625
1201.171875	-66.601707
1207.031250	-65.634529
1212.890625	-65.352051
1218.750000	-64.219955
1224.609375	-62.223392
1230.468750	-64.498650
1236.328125	-67.551437
1242.187500	-66.079048
1248.046875	-65.265160
1253.906250	-63.944775
1259.765625	-63.770832
1265.625000	-66.455307
1271.484375	-66.981812
1277.343750	-65.500626
1283.203125	-65.721024
1289.062500	-65.711525
1294.921875	-65.753571
1300.781250	-66.604485
1306.640625	-64.331528
1312.500000	-63.400063
1318.359375	-63.595493
1324.218750	-65.479042
1330.078125	-66.393982
1335.937500	-66.578880
1341.796875	-66.940643
1347.656250	-66.483688
1353.515625	-65.291466
1359.375000	-67.034874
1365.234375	-66.462646
1371.093750	-66.996330
1376.953125	-65.773842
1382.812500	-64.548553
1388.671875	-64.841957
1394.531250	-64.895569
1400.390625	-64.977570
1406.250000	-64.688232
1412.109375	-65.040222
1417.968750	-64.733795
1423.828125	-66.268753
1429.687500	-68.690201
1435.546875	-67.763855
1441.406250	-67.591675
1447.265625	-65.838364
1453.125000	-64.303375
1458.984375	-62.517994
1464.843750	-63.684826
1470.703125	-66.892723
1476.562500	-68.347336
1482.421875	-62.402809
1488.281250	-58.375336
1494.140625	-62.509819
1500.000000	-66.308220
1505.859375	-64.847244
1511.718750	-66.164955
1517.578125	-67.039673
1523.437500	-67.158936
1529.296875	-68.221634
1535.156250	-65.860123
1541.015625	-64.850365
1546.875000	-67.088089
1552.734375	-65.956596
1558.593750	-64.317535
1564.453125	-65.961639
1570.312500	-66.986534
1576.171875	-66.112808
1582.031250	-65.137138
1587.890625	-65.644699
1593.750000	-66.712006
1599.609375	-66.275757
1605.468750	-64.715126
1611.328125	-64.685928
1617.187500	-68.995773
1623.046875	-67.033340
1628.906250	-65.219460
1634.765625	-65.667053
1640.625000	-66.313644
1646.484375	-67.247978
1652.343750	-64.473404
1658.203125	-62.736759
1664.062500	-63.298386
1669.921875	-64.507530
1675.781250	-66.441048
1681.640625	-67.394836
1687.500000	-67.014893
1693.359375	-65.795792
1699.218750	-64.800034
1705.078125	-67.023842
1710.937500	-66.706390
1716.796875	-66.426682
1722.656250	-66.427643
1728.515625	-68.459961
1734.375000	-68.033768
1740.234375	-66.306297
1746.093750	-63.224056
1751.953125	-61.897480
1757.812500	-65.818443
1763.671875	-66.860237
1769.531250	-67.022514
1775.390625	-68.386086
1781.250000	-63.031536
1787.109375	-62.872799
1792.968750	-67.385551
1798.828125	-66.446762
1804.687500	-66.596436
1810.546875	-65.971756
1816.406250	-65.891785
1822.265625	-65.918167
1828.125000	-65.895737
1833.984375	-64.607742
1839.843750	-63.908031
1845.703125	-62.614830
1851.562500	-61.402298
1857.421875	-62.741051
1863.281250	-65.148918
1869.140625	-67.115570
1875.000000	-68.749680
1880.859375	-67.688446
1886.718750	-67.716301
1892.578125	-67.364517
1898.437500	-67.327133
1904.296875	-65.966354
1910.156250	-66.955887
1916.015625	-68.729370
1921.875000	-67.775574
1927.734375	-67.189796
1933.593750	-68.731621
1939.453125	-68.219986
1945.312500	-68.141396
1951.171875	-68.698067
1957.031250	-68.147713
1962.890625	-68.705544
1968.750000	-70.215034
1974.609375	-66.485313
1980.468750	-66.518967
1986.328125	-69.405617
1992.187500	-68.377716
1998.046875	-67.767975
2003.906250	-68.962479
2009.765625	-68.303131
2015.625000	-67.910172
2021.484375	-69.998398
2027.343750	-68.119545
2033.203125	-68.778351
2039.062500	-66.990631
2044.921875	-66.370880
2050.781250	-69.322212
2056.640625	-69.528221
2062.500000	-68.477875
2068.359375	-68.091164
2074.218750	-69.232452
2080.078125	-69.731064
2085.937500	-69.667656
2091.796875	-67.890213
2097.656250	-66.620071
2103.515625	-67.431259
2109.375000	-68.178398
2115.234375	-66.712456
2121.093750	-66.440834
2126.953125	-67.839722
2132.812500	-69.041466
2138.671875	-66.933228
2144.531250	-68.375290
2150.390625	-68.802673
2156.250000	-69.735283
2162.109375	-69.238823
2167.968750	-69.588219
2173.828125	-68.298836
2179.687500	-67.745880
2185.546875	-67.433052
2191.406250	-67.631683
2197.265625	-68.733177
2203.125000	-70.347229
2208.984375	-69.922897
2214.843750	-68.521576
2220.703125	-66.694153
2226.562500	-65.806458
2232.421875	-69.058578
2238.281250	-69.531151
2244.140625	-68.863014
2250.000000	-68.401901
2255.859375	-67.777992
2261.718750	-68.060028
2267.578125	-68.290123
2273.437500	-68.019264
2279.296875	-68.796234
2285.156250	-68.211906
2291.015625	-67.401894
2296.875000	-68.270706
2302.734375	-69.692444
2308.593750	-69.511414
2314.453125	-70.979149
2320.312500	-71.451408
2326.171875	-69.778206
2332.031250	-69.431877
2337.890625	-69.664444
2343.750000	-67.397064
2349.609375	-68.485283
2355.468750	-67.651031
2361.328125	-69.356873
2367.187500	-70.405037
2373.046875	-69.993423
2378.906250	-68.623787
2384.765625	-68.609634
2390.625000	-70.453781
2396.484375	-68.437881
2402.343750	-66.676224
2408.203125	-67.691063
2414.062500	-69.011375
2419.921875	-69.316673
2425.781250	-68.800804
2431.640625	-66.641960
2437.500000	-68.348747
2443.359375	-71.291664
2449.218750	-70.228340
2455.078125	-70.315575
2460.937500	-69.815933
2466.796875	-70.493401
2472.656250	-69.189636
2478.515625	-68.338661
2484.375000	-69.196800
2490.234375	-70.395782
2496.093750	-70.918045
2501.953125	-71.132263
2507.812500	-71.449722
2513.671875	-72.068665
2519.531250	-70.607468
2525.390625	-69.118774
2531.250000	-68.962379
2537.109375	-69.160751
2542.968750	-69.981781
2548.828125	-71.661438
2554.687500	-71.486671
2560.546875	-72.077316
2566.406250	-70.605080
2572.265625	-70.535500
2578.125000	-70.863274
2583.984375	-70.391853
2589.843750	-70.066750
2595.703125	-71.305710
2601.562500	-71.491074
2607.421875	-70.619217
2613.281250	-72.132034
2619.140625	-71.972321
2625.000000	-70.383812
2630.859375	-71.743179
2636.718750	-72.427696
2642.578125	-72.355736
2648.437500	-73.670914
2654.296875	-73.277359
2660.156250	-72.319450
2666.015625	-71.795235
2671.875000	-72.134476
2677.734375	-70.388275
2683.593750	-71.271950
2689.453125	-72.148170
2695.312500	-72.102570
2701.171875	-70.844971
2707.031250	-72.808350
2712.890625	-72.045326
2718.750000	-72.563705
2724.609375	-73.756721
2730.468750	-72.043846
2736.328125	-71.766342
2742.187500	-72.203995
2748.046875	-72.713768
2753.906250	-71.276695
2759.765625	-70.075020
2765.625000	-70.275955
2771.484375	-70.147812
2777.343750	-72.644310
2783.203125	-74.206184
2789.062500	-74.172325
2794.921875	-73.554169
2800.781250	-71.955917
2806.640625	-71.857391
2812.500000	-72.354279
2818.359375	-71.435165
2824.218750	-72.648399
2830.078125	-73.083122
2835.937500	-73.242722
2841.796875	-72.976845
2847.656250	-71.715607
2853.515625	-71.955696
2859.375000	-71.878769
2865.234375	-71.919685
2871.093750	-73.288689
2876.953125	-73.739693
2882.812500	-72.831993
2888.671875	-73.914612
2894.531250	-71.905045
2900.390625	-72.283722
2906.250000	-73.558807
2912.109375	-73.505196
2917.968750	-73.785271
2923.828125	-74.482704
2929.687500	-72.566925
2935.546875	-71.009888
2941.406250	-70.683914
2947.265625	-70.988899
2953.125000	-71.520645
2958.984375	-73.020569
2964.843750	-73.491875
2970.703125	-73.015259
2976.562500	-72.041237
2982.421875	-70.805840
2988.281250	-70.884277
2994.140625	-71.414978
3000.000000	-72.107063
3005.859375	-71.206711
3011.718750	-69.877892
3017.578125	-68.958534
3023.437500	-68.969315
3029.296875	-69.404045
3035.156250	-70.854698
3041.015625	-70.866142
3046.875000	-70.682533
3052.734375	-71.152351
3058.593750	-72.630066
3064.453125	-71.617500
3070.312500	-70.680367
3076.171875	-70.943398
3082.031250	-70.394974
3087.890625	-72.584839
3093.750000	-74.501305
3099.609375	-73.169853
3105.468750	-73.347916
3111.328125	-73.459991
3117.187500	-72.579399
3123.046875	-70.913933
3128.906250	-71.091606
3134.765625	-73.549080
3140.625000	-72.833824
3146.484375	-72.057320
3152.343750	-71.714684
3158.203125	-72.789192
3164.062500	-73.528374
3169.921875	-72.307655
3175.781250	-72.038277
3181.640625	-71.587250
3187.500000	-72.067932
3193.359375	-74.000069
3199.218750	-74.232185
3205.078125	-73.905899
3210.937500	-75.715828
3216.796875	-76.511620
3222.656250	-75.364990
3228.515625	-74.523712
3234.375000	-74.912910
3240.234375	-74.570366
3246.093750	-74.589783
3251.953125	-74.968643
3257.812500	-72.132942
3263.671875	-71.894356
3269.531250	-73.197662
3275.390625	-73.337669
3281.250000	-74.246376
3287.109375	-75.088997
3292.968750	-75.314720
3298.828125	-74.180664
3304.687500	-75.432899
3310.546875	-75.688530
3316.406250	-73.979927
3322.265625	-73.707092
3328.125000	-72.973373
3333.984375	-73.115181
3339.843750	-72.420761
3345.703125	-74.414612
3351.562500	-75.412125
3357.421875	-74.180176
3363.281250	-72.651314
3369.140625	-72.650009
3375.000000	-74.196442
3380.859375	-75.665482
3386.718750	-74.707848
3392.578125	-73.919746
3398.437500	-74.205650
3404.296875	-74.756554
3410.156250	-73.850800
3416.015625	-72.451683
3421.875000	-71.767700
3427.734375	-71.646927
3433.593750	-73.750381
3439.453125	-74.395035
3445.312500	-74.101852
3451.171875	-74.277702
3457.031250	-74.660370
3462.890625	-75.307762
3468.750000	-75.302933
3474.609375	-75.959755
3480.468750	-75.189873
3486.328125	-74.996208
3492.187500	-75.022324
3498.046875	-75.229118
3503.906250	-74.456245
3509.765625	-74.257446
3515.625000	-74.685776
3521.484375	-74.569344
3527.343750	-75.156906
3533.203125	-75.308052
3539.062500	-75.606316
3544.921875	-74.965233
3550.781250	-74.101616
3556.640625	-74.305908
3562.500000	-74.772179
3568.359375	-75.408417
3574.218750	-75.223938
3580.078125	-74.527977
3585.937500	-73.993179
3591.796875	-75.287201
3597.656250	-75.684929
3603.515625	-74.929169
3609.375000	-74.335861
3615.234375	-74.433128
3621.093750	-74.871170
3626.953125	-76.135124
3632.812500	-76.806030
3638.671875	-76.472183
3644.531250	-76.415443
3650.390625	-75.334259
3656.250000	-75.371452
3662.109375	-75.172318
3667.968750	-73.496254
3673.828125	-74.196014
3679.687500	-75.776123
3685.546875	-77.782967
3691.406250	-75.191185
3697.265625	-74.792488
3703.125000	-75.300613
3708.984375	-74.520935
3714.843750	-75.049332
3720.703125	-76.772789
3726.562500	-78.063713
3732.421875	-78.199020
3738.281250	-78.080452
3744.140625	-78.225174
3750.000000	-78.207672
3755.859375	-78.245682
3761.718750	-77.526184
3767.578125	-77.625511
3773.437500	-78.722221
3779.296875	-77.767952
3785.156250	-76.687782
3791.015625	-77.614601
3796.875000	-77.031982
3802.734375	-76.656876
3808.593750	-78.360695
3814.453125	-78.814003
3820.312500	-79.659645
3826.171875	-79.662163
3832.031250	-78.326294
3837.890625	-78.362198
3843.750000	-78.043442
3849.609375	-78.706230
3855.468750	-79.806328
3861.328125	-78.305794
3867.187500	-78.385750
3873.046875	-79.409065
3878.906250	-78.688469
3884.765625	-78.368515
3890.625000	-78.554260
3896.484375	-78.024826
3902.343750	-78.114037
3908.203125	-79.098465
3914.062500	-78.967270
3919.921875	-77.849167
3925.781250	-79.017067
3931.640625	-78.073593
3937.500000	-77.007050
3943.359375	-76.288971
3949.218750	-77.286598
3955.078125	-76.952446
3960.937500	-77.080582
3966.796875	-76.614548
3972.656250	-77.547249
3978.515625	-77.402222
3984.375000	-79.006676
3990.234375	-79.225883
3996.093750	-78.289467
4001.953125	-78.331810
4007.812500	-78.098740
4013.671875	-78.144257
4019.531250	-77.624741
4025.390625	-77.663391
4031.250000	-80.544350
4037.109375	-79.956123
4042.968750	-77.829292
4048.828125	-79.106407
4054.687500	-78.522163
4060.546875	-79.084099
4066.406250	-79.379822
4072.265625	-79.853973
4078.125000	-78.695900
4083.984375	-78.503662
4089.843750	-79.582664
4095.703125	-80.520424
4101.562500	-79.860939
4107.421875	-79.115891
4113.281250	-78.935684
4119.140625	-79.437607
4125.000000	-79.002983
4130.859375	-79.436371
4136.718750	-78.503319
4142.578125	-79.505234
4148.437500	-82.254997
4154.296875	-80.466560
4160.156250	-79.612701
4166.015625	-80.519775
4171.875000	-81.126068
4177.734375	-82.627968
4183.593750	-82.643402
4189.453125	-82.099121
4195.312500	-81.476662
4201.171875	-79.616966
4207.031250	-80.438644
4212.890625	-80.460045
4218.750000	-80.796005
4224.609375	-80.094704
4230.468750	-80.699013
4236.328125	-81.818268
4242.187500	-80.790710
4248.046875	-80.700500
4253.906250	-81.709206
4259.765625	-82.137207
4265.625000	-81.340935
4271.484375	-80.704575
4277.343750	-81.238884
4283.203125	-81.442772
4289.062500	-80.853951
4294.921875	-81.251678
4300.781250	-80.660370
4306.640625	-80.125160
4312.500000	-80.103783
4318.359375	-79.699203
4324.218750	-80.645943
4330.078125	-81.766083
4335.937500	-82.903763
4341.796875	-82.759636
4347.656250	-82.836327
4353.515625	-81.070679
4359.375000	-82.002403
4365.234375	-81.483818
4371.093750	-80.550850
4376.953125	-81.002861
4382.812500	-82.303032
4388.671875	-82.578140
4394.531250	-82.475471
4400.390625	-81.043869
4406.250000	-81.792053
4412.109375	-79.712273
4417.968750	-79.955620
4423.828125	-81.645813
4429.687500	-82.027603
4435.546875	-81.926102
4441.406250	-80.338684
4447.265625	-80.187416
4453.125000	-81.186340
4458.984375	-81.225281
4464.843750	-80.141029
4470.703125	-79.009537
4476.562500	-80.250870
4482.421875	-79.655632
4488.281250	-80.908852
4494.140625	-77.465675
4500.000000	-76.725365
4505.859375	-77.579506
4511.718750	-79.611526
4517.578125	-80.208298
4523.437500	-79.962326
4529.296875	-79.073051
4535.156250	-77.488167
4541.015625	-76.856552
4546.875000	-77.512459
4552.734375	-78.327232
4558.593750	-79.192657
4564.453125	-78.693298
4570.312500	-77.456802
4576.171875	-77.594109
4582.031250	-77.201218
4587.890625	-78.957924
4593.750000	-79.552330
4599.609375	-77.996017
4605.468750	-78.019592
4611.328125	-78.450684
4617.187500	-79.271477
4623.046875	-79.598907
4628.906250	-77.705559
4634.765625	-76.830017
4640.625000	-76.795258
4646.484375	-77.395485
4652.343750	-77.307503
4658.203125	-77.660316
4664.062500	-79.666908
4669.921875	-78.856369
4675.781250	-78.017899
4681.640625	-78.510094
4687.500000	-78.991844
4693.359375	-77.922119
4699.218750	-78.750435
4705.078125	-79.225296
4710.937500	-79.186317
4716.796875	-78.902779
4722.656250	-79.352432
4728.515625	-79.653786
4734.375000	-79.891251
4740.234375	-79.969421
4746.093750	-79.037735
4751.953125	-79.475479
4757.812500	-81.649902
4763.671875	-81.244690
4769.531250	-81.418610
4775.390625	-81.279274
4781.250000	-81.433685
4787.109375	-80.612907
4792.968750	-80.791901
4798.828125	-80.112900
4804.687500	-81.089890
4810.546875	-81.500633
4816.406250	-80.882439
4822.265625	-80.715622
4828.125000	-79.956749
4833.984375	-79.863571
4839.843750	-80.910309
4845.703125	-82.229294
4851.562500	-82.623970
4857.421875	-82.685760
4863.281250	-80.688133
4869.140625	-79.370079
4875.000000	-79.947624
4880.859375	-81.846535
4886.718750	-81.812500
4892.578125	-82.587196
4898.437500	-82.919029
4904.296875	-83.339203
4910.156250	-83.375137
4916.015625	-82.214554
4921.875000	-82.592003
4927.734375	-81.107567
4933.593750	-81.392471
4939.453125	-80.816628
4945.312500	-82.437744
4951.171875	-81.150444
4957.031250	-81.231735
4962.890625	-81.607956
4968.750000	-81.010330
4974.609375	-81.504234
4980.468750	-83.971344
4986.328125	-81.970917
4992.187500	-80.803558
4998.046875	-81.946281
5003.906250	-79.711571
5009.765625	-79.057289
5015.625000	-79.942780
5021.484375	-80.703880
5027.343750	-80.192329
5033.203125	-80.813370
5039.062500	-81.598320
5044.921875	-81.217888
5050.781250	-81.856255
5056.640625	-81.186501
5062.500000	-81.748650
5068.359375	-82.141876
5074.218750	-80.921425
5080.078125	-81.164062
5085.937500	-81.667564
5091.796875	-82.086311
5097.656250	-81.987152
5103.515625	-80.765793
5109.375000	-80.243683
5115.234375	-80.203072
5121.093750	-82.427681
5126.953125	-84.653549
5132.812500	-83.161980
5138.671875	-83.775368
5144.531250	-82.311996
5150.390625	-82.791351
5156.250000	-82.497902
5162.109375	-81.109818
5167.968750	-81.714951
5173.828125	-81.486702
5179.687500	-81.712051
5185.546875	-80.641273
5191.406250	-80.503899
5197.265625	-81.133957
5203.125000	-81.382278
5208.984375	-80.781731
5214.843750	-81.989441
5220.703125	-82.577812
5226.562500	-82.202965
5232.421875	-81.802132
5238.281250	-82.037270
5244.140625	-81.608452
5250.000000	-81.995583
5255.859375	-81.221123
5261.718750	-81.717728
5267.578125	-81.012794
5273.437500	-80.637520
5279.296875	-81.783241
5285.156250	-82.978477
5291.015625	-81.559334
5296.875000	-80.946159
5302.734375	-81.815842
5308.593750	-81.884163
5314.453125	-80.686417
5320.312500	-81.797401
5326.171875	-81.353889
5332.031250	-80.357460
5337.890625	-81.015930
5343.750000	-81.981079
5349.609375	-81.554680
5355.468750	-81.790520
5361.328125	-81.459442
5367.187500	-81.669640
5373.046875	-82.213516
5378.906250	-81.328659
5384.765625	-82.074120
5390.625000	-81.583427
5396.484375	-80.602287
5402.343750	-80.551079
5408.203125	-82.302048
5414.062500	-83.784386
5419.921875	-84.993591
5425.781250	-85.400642
5431.640625	-83.937256
5437.500000	-82.803627
5443.359375	-83.920830
5449.218750	-84.538071
5455.078125	-83.720459
5460.937500	-84.943390
5466.796875	-85.875603
5472.656250	-85.048538
5478.515625	-83.374809
5484.375000	-83.589691
5490.234375	-85.020500
5496.093750	-85.772491
5501.953125	-87.607216
5507.812500	-87.033142
5513.671875	-86.025055
5519.531250	-85.084198
5525.390625	-84.870583
5531.250000	-84.142235
5537.109375	-83.521461
5542.968750	-83.580116
5548.828125	-83.688210
5554.687500	-84.299896
5560.546875	-84.212860
5566.406250	-84.906822
5572.265625	-84.612495
5578.125000	-84.970695
5583.984375	-85.731262
5589.843750	-86.176567
5595.703125	-85.955437
5601.562500	-86.195602
5607.421875	-83.805923
5613.281250	-83.179642
5619.140625	-83.349510
5625.000000	-83.830116
5630.859375	-86.025307
5636.718750	-85.237572
5642.578125	-86.635170
5648.437500	-86.624374
5654.296875	-84.591492
5660.156250	-83.685631
5666.015625	-83.893761
5671.875000	-83.570885
5677.734375	-82.532463
5683.593750	-82.956078
5689.453125	-84.006111
5695.312500	-84.442535
5701.171875	-84.433418
5707.031250	-84.423462
5712.890625	-83.234772
5718.750000	-83.391541
5724.609375	-83.593376
5730.468750	-82.798500
5736.328125	-81.657341
5742.187500	-82.926476
5748.046875	-83.759941
5753.906250	-83.210556
5759.765625	-83.095345
5765.625000	-83.270332
5771.484375	-85.093201
5777.343750	-84.220818
5783.203125	-83.373741
5789.062500	-85.367088
5794.921875	-85.449783
5800.781250	-84.064522
5806.640625	-83.474419
5812.500000	-83.527077
5818.359375	-83.833069
5824.218750	-83.459602
5830.078125	-83.182816
5835.937500	-82.963844
5841.796875	-82.612717
5847.656250	-84.048500
5853.515625	-83.967743
5859.375000	-83.758606
5865.234375	-83.433556
5871.093750	-83.254158
5876.953125	-83.182365
5882.812500	-84.806267
5888.671875	-85.773582
5894.531250	-85.724968
5900.390625	-83.363281
5906.250000	-82.811707
5912.109375	-82.293167
5917.968750	-83.638611
5923.828125	-85.123535
5929.687500	-84.572792
5935.546875	-82.830040
5941.406250	-82.739792
5947.265625	-84.106697
5953.125000	-83.688660
5958.984375	-84.081779
5964.843750	-85.114616
5970.703125	-84.267227
5976.562500	-84.197220
5982.421875	-84.193123
5988.281250	-84.179298
5994.140625	-83.333351
6000.000000	-82.910263
6005.859375	-83.760735
6011.718750	-83.243507
6017.578125	-83.143410
6023.437500	-83.493675
6029.296875	-84.168083
6035.156250	-83.987389
6041.015625	-84.187584
6046.875000	-84.750153
6052.734375	-83.031219
6058.593750	-82.906540
6064.453125	-83.650589
6070.312500	-85.235199
6076.171875	-84.936859
6082.031250	-83.630333
6087.890625	-83.245155
6093.750000	-83.630302
6099.609375	-83.380051
6105.468750	-85.216843
6111.328125	-86.167671
6117.187500	-86.105995
6123.046875	-86.491531
6128.906250	-86.624954
6134.765625	-88.017296
6140.625000	-89.049072
6146.484375	-88.924347
6152.343750	-89.631561
6158.203125	-89.277428
6164.062500	-89.572166
6169.921875	-90.396347
6175.781250	-89.888542
6181.640625	-90.433220
6187.500000	-90.646347
6193.359375	-89.200455
6199.218750	-88.883293
6205.078125	-89.536530
6210.937500	-90.538002
6216.796875	-91.044884
6222.656250	-89.361160
6228.515625	-89.568130
6234.375000	-90.039154
6240.234375	-89.647057
6246.093750	-89.198547
6251.953125	-90.208496
6257.812500	-91.405632
6263.671875	-90.736420
6269.531250	-89.894775
6275.390625	-89.379547
6281.250000	-88.760544
6287.109375	-88.513947
6292.968750	-88.895813
6298.828125	-90.202950
6304.687500	-88.962761
6310.546875	-88.544159
6316.406250	-88.691307
6322.265625	-87.925240
6328.125000	-87.447510
6333.984375	-87.939743
6339.843750	-88.702385
6345.703125	-88.867081
6351.562500	-89.448097
6357.421875	-90.353004
6363.281250	-89.100281
6369.140625	-88.556404
6375.000000	-88.214516
6380.859375	-88.471680
6386.718750	-87.529495
6392.578125	-87.260468
6398.437500	-89.654083
6404.296875	-90.392868
6410.156250	-89.125610
6416.015625	-88.339012
6421.875000	-88.822426
6427.734375	-90.071144
6433.593750	-88.808571
6439.453125	-88.720726
6445.312500	-89.877693
6451.171875	-88.403687
6457.031250	-88.310402
6462.890625	-87.887093
6468.750000	-88.614967
6474.609375	-87.878090
6480.468750	-88.188499
6486.328125	-89.190208
6492.187500	-87.619308
6498.046875	-87.191940
6503.906250	-87.373024
6509.765625	-87.715637
6515.625000	-86.549812
6521.484375	-86.076729
6527.343750	-87.837219
6533.203125	-87.806221
6539.062500	-89.096382
6544.921875	-89.243500
6550.781250	-87.582344
6556.640625	-87.279793
6562.500000	-87.929916
6568.359375	-88.458656
6574.218750	-87.674423
6580.078125	-87.801468
6585.937500	-89.427406
6591.796875	-89.285019
6597.656250	-88.817703
6603.515625	-87.585762
6609.375000	-87.618866
6615.234375	-88.058273
6621.093750	-88.392288
6626.953125	-87.353920
6632.812500	-88.368759
6638.671875	-88.671654
6644.531250	-88.063103
6650.390625	-87.632912
6656.250000	-87.241226
6662.109375	-87.981918
6667.968750	-87.257904
6673.828125	-87.660164
6679.687500	-87.474289
6685.546875	-86.306160
6691.406250	-87.110420
6697.265625	-87.790070
6703.125000	-87.163986
6708.984375	-87.372734
6714.843750	-88.765266
6720.703125	-89.531166
6726.562500	-88.247421
6732.421875	-87.214531
6738.281250	-87.967178
6744.140625	-88.241959
6750.000000	-88.431038
6755.859375	-88.192474
6761.718750	-88.288826
6767.578125	-87.985939
6773.437500	-89.324455
6779.296875	-89.127945
6785.156250	-86.988388
6791.015625	-87.151024
6796.875000	-87.481888
6802.734375	-87.460861
6808.593750	-88.485123
6814.453125	-88.289848
6820.312500	-88.629631
6826.171875	-88.042145
6832.031250	-88.157539
6837.890625	-87.561073
6843.750000	-86.627182
6849.609375	-86.711433
6855.468750	-88.341431
6861.328125	-88.759369
6867.187500	-89.300507
6873.046875	-89.039558
6878.906250	-88.305321
6884.765625	-89.128395
6890.625000	-90.311646
6896.484375	-89.715630
6902.343750	-90.633987
6908.203125	-91.351074
6914.062500	-90.668213
6919.921875	-90.234497
6925.781250	-90.288231
6931.640625	-90.514503
6937.500000	-89.808815
6943.359375	-90.606621
6949.218750	-89.999489
6955.078125	-89.696083
6960.937500	-90.303490
6966.796875	-90.083183
6972.656250	-88.821648
6978.515625	-89.115211
6984.375000	-90.593948
6990.234375	-90.652565
6996.093750	-88.379799
7001.953125	-89.609192
7007.812500	-89.711639
7013.671875	-89.735283
7019.531250	-89.020721
7025.390625	-88.884338
7031.250000	-87.368500
7037.109375	-88.391144
7042.968750	-88.369858
7048.828125	-89.671463
7054.687500	-90.161034
7060.546875	-89.825798
7066.406250	-89.295670
7072.265625	-88.499313
7078.125000	-88.688438
7083.984375	-88.603462
7089.843750	-88.503792
7095.703125	-88.752846
7101.562500	-88.200005
7107.421875	-87.500092
7113.281250	-88.084442
7119.140625	-87.975334
7125.000000	-87.100853
7130.859375	-86.966583
7136.718750	-87.908730
7142.578125	-88.800430
7148.437500	-88.011063
7154.296875	-88.669342
7160.156250	-89.532387
7166.015625	-88.118050
7171.875000	-87.648880
7177.734375	-87.347122
7183.593750	-88.071754
7189.453125	-88.329865
7195.312500	-89.791580
7201.171875	-89.054787
7207.031250	-88.547073
7212.890625	-86.043831
7218.750000	-86.046440
7224.609375	-86.203300
7230.468750	-86.456779
7236.328125	-86.818481
7242.187500	-87.152817
7248.046875	-87.174957
7253.906250	-87.191879
7259.765625	-86.817024
7265.625000	-86.819778
7271.484375	-87.779419
7277.343750	-87.871002
7283.203125	-88.180511
7289.062500	-87.684647
7294.921875	-87.987007
7300.781250	-87.541702
7306.640625	-86.994629
7312.500000	-87.411530
7318.359375	-84.604607
7324.218750	-84.555313
7330.078125	-86.013412
7335.937500	-85.813202
7341.796875	-85.283302
7347.656250	-85.674362
7353.515625	-86.031097
7359.375000	-86.303986
7365.234375	-86.360588
7371.093750	-87.377502
7376.953125	-88.511475
7382.812500	-87.476479
7388.671875	-86.492729
7394.531250	-86.034950
7400.390625	-85.968582
7406.250000	-85.163139
7412.109375	-84.728439
7417.968750	-84.763969
7423.828125	-84.732033
7429.687500	-84.155777
7435.546875	-84.981369
7441.406250	-85.463196
7447.265625	-84.078804
7453.125000	-82.979118
7458.984375	-83.981354
7464.843750	-84.964149
7470.703125	-84.749916
7476.562500	-85.031998
7482.421875	-84.050339
7488.281250	-84.579475
7494.140625	-85.654793
7500.000000	-84.169273
7505.859375	-84.276283
7511.718750	-83.401085
7517.578125	-83.830391
7523.437500	-84.571121
7529.296875	-84.665749
7535.156250	-84.073570
7541.015625	-83.408264
7546.875000	-83.742371
7552.734375	-84.429100
7558.593750	-86.631775
7564.453125	-85.756355
7570.312500	-83.948990
7576.171875	-84.866081
7582.031250	-85.310570
7587.890625	-84.715378
7593.750000	-84.173676
7599.609375	-84.315895
7605.468750	-83.688713
7611.328125	-83.842140
7617.187500	-84.088516
7623.046875	-83.621742
7628.906250	-82.920036
7634.765625	-83.726685
7640.625000	-83.954910
7646.484375	-83.215057
7652.343750	-84.811325
7658.203125	-85.109909
7664.062500	-85.616379
7669.921875	-85.191574
7675.781250	-84.723709
7681.640625	-85.708832
7687.500000	-85.382645
7693.359375	-84.275528
7699.218750	-84.718491
7705.078125	-84.082924
7710.937500	-83.671173
7716.796875	-83.324791
7722.656250	-83.729721
7728.515625	-84.492691
7734.375000	-83.595390
7740.234375	-83.237450
7746.093750	-83.231491
7751.953125	-83.144890
7757.812500	-83.136215
7763.671875	-83.751068
7769.531250	-83.359901
7775.390625	-85.505394
7781.250000	-84.754150
7787.109375	-85.294128
7792.968750	-84.546097
7798.828125	-84.220390
7804.687500	-84.724220
7810.546875	-84.982262
7816.406250	-85.168541
7822.265625	-83.918831
7828.125000	-84.261215
7833.984375	-84.031799
7839.843750	-84.141754
7845.703125	-84.311783
7851.562500	-84.271835
7857.421875	-85.157478
7863.281250	-84.926743
7869.140625	-83.355171
7875.000000	-83.416481
7880.859375	-85.313126
7886.718750	-84.742523
7892.578125	-84.427856
7898.437500	-85.158524
7904.296875	-84.350410
7910.156250	-83.859100
7916.015625	-84.117493
7921.875000	-84.173576
7927.734375	-85.048447
7933.593750	-85.577469
7939.453125	-84.650330
7945.312500	-84.684761
7951.171875	-85.275887
7957.031250	-85.497795
7962.890625	-86.268234
7968.750000	-85.320183
7974.609375	-85.396774
7980.468750	-85.941551
7986.328125	-87.189232
7992.187500	-86.664993
7998.046875	-85.919212
8003.906250	-86.040459
8009.765625	-85.962044
8015.625000	-85.228447
8021.484375	-85.424866
8027.343750	-86.608429
8033.203125	-86.013901
8039.062500	-86.100052
8044.921875	-87.706810
8050.781250	-88.241058
8056.640625	-86.718933
8062.500000	-86.494026
8068.359375	-87.103706
8074.218750	-86.655434
8080.078125	-86.381325
8085.937500	-86.156578
8091.796875	-87.484917
8097.656250	-87.736191
8103.515625	-86.910896
8109.375000	-86.580452
8115.234375	-86.683304
8121.093750	-86.340057
8126.953125	-87.898552
8132.812500	-88.792358
8138.671875	-88.850555
8144.531250	-88.882507
8150.390625	-86.986298
8156.250000	-86.292076
8162.109375	-87.151749
8167.968750	-88.306953
8173.828125	-88.456497
8179.687500	-88.806396
8185.546875	-89.000092
8191.406250	-88.461136
8197.265625	-87.809143
8203.125000	-87.226318
8208.984375	-87.076317
8214.843750	-88.620064
8220.703125	-90.445648
8226.562500	-91.962479
8232.421875	-93.788437
8238.281250	-95.934738
8244.140625	-97.758568
8250.000000	-98.029160
8255.859375	-99.220261
8261.718750	-98.820869
8267.578125	-98.788055
8273.437500	-97.576454
8279.296875	-98.342010
8285.156250	-99.119186
8291.015625	-97.977585
8296.875000	-98.080330
8302.734375	-97.972572
8308.593750	-98.963585
8314.453125	-99.729004
8320.312500	-99.333824
8326.171875	-99.401825
8332.031250	-98.682175
8337.890625	-99.281479
8343.750000	-98.801514
8349.609375	-98.409523
8355.468750	-99.386284
8361.328125	-100.675476
8367.187500	-101.746017
8373.046875	-101.734566
8378.906250	-101.131668
8384.765625	-100.898521
8390.625000	-99.656487
8396.484375	-99.532501
8402.343750	-100.752808
8408.203125	-100.569923
8414.062500	-101.292488
8419.921875	-101.595993
8425.781250	-101.742630
8431.640625	-101.650841
8437.500000	-100.011467
8443.359375	-100.334801
8449.218750	-100.277824
8455.078125	-100.722679
8460.937500	-101.971260
8466.796875	-102.332649
8472.656250	-101.060020
8478.515625	-101.348618
8484.375000	-100.301193
8490.234375	-100.354866
8496.093750	-101.301918
8501.953125	-101.182686
8507.812500	-99.935158
8513.671875	-100.230225
8519.531250	-101.912697
8525.390625	-101.086761
8531.250000	-99.920387
8537.109375	-98.965897
8542.968750	-98.293808
8548.828125	-99.326630
8554.687500	-99.611572
8560.546875	-100.157921
8566.406250	-100.945076
8572.265625	-99.893906
8578.125000	-99.967171
8583.984375	-99.577805
8589.843750	-98.402290
8595.703125	-100.223381
8601.562500	-101.125320
8607.421875	-100.164429
8613.281250	-100.036835
8619.140625	-99.458443
8625.000000	-99.602875
8630.859375	-100.555038
8636.718750	-100.314148
8642.578125	-100.337532
8648.437500	-100.363823
8654.296875	-100.206245
8660.156250	-101.881371
8666.015625	-100.658020
8671.875000	-101.310883
8677.734375	-100.569817
8683.593750	-100.642021
8689.453125	-101.823296
8695.312500	-102.572464
8701.171875	-101.597488
8707.031250	-100.272911
8712.890625	-100.879372
8718.750000	-100.346001
8724.609375	-101.535408
8730.468750	-102.727516
8736.328125	-102.439926
8742.187500	-102.479721
8748.046875	-101.920029
8753.906250	-102.008957
8759.765625	-102.635796
8765.625000	-101.607765
8771.484375	-101.435783
8777.343750	-102.287758
8783.203125	-102.614189
8789.062500	-102.689552
8794.921875	-102.244781
8800.781250	-101.452660
8806.640625	-102.026855
8812.500000	-102.542007
8818.359375	-104.274292
8824.218750	-103.035919
8830.078125	-103.391273
8835.937500	-102.680374
8841.796875	-102.728592
8847.656250	-103.636589
8853.515625	-102.000328
8859.375000	-102.903877
8865.234375	-102.876442
8871.093750	-102.421669
8876.953125	-102.870987
8882.812500	-103.151459
8888.671875	-102.813484
8894.531250	-102.172607
8900.390625	-102.121513
8906.250000	-102.331978
8912.109375	-101.785660
8917.968750	-101.637474
8923.828125	-103.993370
8929.687500	-103.466286
8935.546875	-104.325516
8941.406250	-103.608955
8947.265625	-102.281136
8953.125000	-101.731438
8958.984375	-101.285904
8964.843750	-99.623787
8970.703125	-99.221138
8976.562500	-98.123108
8982.421875	-96.797874
8988.281250	-95.538063
8994.140625	-96.001724
9000.000000	-95.306030
9005.859375	-95.316055
9011.718750	-95.652153
9017.578125	-95.088890
9023.437500	-96.192406
9029.296875	-95.007607
9035.156250	-95.997414
9041.015625	-95.474060
9046.875000	-95.102936
9052.734375	-95.654808
9058.593750	-98.088341
9064.453125	-97.297043
9070.312500	-96.310791
9076.171875	-96.971397
9082.031250	-96.353081
9087.890625	-96.695763
9093.750000	-96.504959
9099.609375	-96.074997
9105.468750	-95.858154
9111.328125	-95.636002
9117.187500	-97.151817
9123.046875	-97.470528
9128.906250	-97.412399
9134.765625	-96.457954
9140.625000	-95.821014
9146.484375	-97.243416
9152.343750	-97.492073
9158.203125	-97.757477
9164.062500	-98.601189
9169.921875	-98.542458
9175.781250	-97.694168
9181.640625	-96.538696
9187.500000	-96.165779
9193.359375	-97.069328
9199.218750	-96.572311
9205.078125	-96.198013
9210.937500	-96.568748
9216.796875	-98.294746
9222.656250	-97.545753
9228.515625	-97.565979
9234.375000	-96.730217
9240.234375	-97.459045
9246.093750	-96.418533
9251.953125	-97.032112
9257.812500	-97.928001
9263.671875	-97.770477
9269.531250	-97.554291
9275.390625	-98.270638
9281.250000	-96.214630
9287.109375	-95.386551
9292.968750	-96.969864
9298.828125	-98.407715
9304.687500	-98.355240
9310.546875	-98.227577
9316.406250	-98.441696
9322.265625	-97.304703
9328.125000	-96.574417
9333.984375	-97.501877
9339.843750	-97.472839
9345.703125	-96.906715
9351.562500	-97.069450
9357.421875	-96.649979
9363.281250	-97.465996
9369.140625	-97.389122
9375.000000	-96.531891
9380.859375	-96.640244
9386.718750	-97.766441
9392.578125	-97.598557
9398.437500	-98.368591
9404.296875	-99.940369
9410.156250	-100.135567
9416.015625	-97.531120
9421.875000	-96.327148
9427.734375	-95.837807
9433.593750	-95.990593
9439.453125	-97.921326
9445.312500	-98.667213
9451.171875	-98.373993
9457.031250	-97.154343
9462.890625	-96.241066
9468.750000	-96.374496
9474.609375	-96.492096
9480.468750	-96.426643
9486.328125	-97.058556
9492.187500	-97.046448
9498.046875	-97.334053
9503.906250	-96.610107
9509.765625	-96.363861
9515.625000	-96.726929
9521.484375	-97.022682
9527.343750	-97.215286
9533.203125	-96.280182
9539.062500	-97.195557
9544.921875	-96.124603
9550.781250	-95.976624
9556.640625	-96.024757
9562.500000	-96.740181
9568.359375	-95.716194
9574.218750	-95.870064
9580.078125	-96.047234
9585.937500	-97.590073
9591.796875	-96.685425
9597.656250	-95.944550
9603.515625	-96.120628
9609.375000	-96.108536
9615.234375	-97.669968
9621.093750	-97.034576
9626.953125	-98.569550
9632.812500	-98.010002
9638.671875	-96.924690
9644.531250	-96.182060
9650.390625	-96.970482
9656.250000	-96.350777
9662.109375	-95.989998
9667.968750	-96.262062
9673.828125	-95.605270
9679.687500	-95.963837
9685.546875	-96.666206
9691.406250	-97.157028
9697.265625	-97.610329
9703.125000	-96.667336
9708.984375	-97.025917
9714.843750	-97.488541
9720.703125	-97.959152
9726.562500	-98.611496
9732.421875	-98.722260
9738.281250	-98.366180
9744.140625	-98.236198
9750.000000	-96.286201
9755.859375	-95.749199
9761.718750	-96.298386
9767.578125	-96.906311
9773.437500	-97.301895
9779.296875	-96.755646
9785.156250	-96.165977
9791.015625	-96.149094
9796.875000	-96.951416
9802.734375	-96.877335
9808.593750	-97.315208
9814.453125	-97.981300
9820.312500	-97.563217
9826.171875	-96.993301
9832.031250	-97.510414
9837.890625	-97.979156
9843.750000	-97.294067
9849.609375	-97.374367
9855.468750	-99.624771
9861.328125	-98.885094
9867.187500	-98.717865
9873.046875	-99.061142
9878.906250	-98.370338
9884.765625	-97.941460
9890.625000	-99.080330
9896.484375	-98.653015
9902.343750	-97.186630
9908.203125	-96.624275
9914.062500	-96.413773
9919.921875	-97.511810
9925.781250	-98.372681
9931.640625	-98.674721
9937.500000	-98.655464
9943.359375	-97.608170
9949.218750	-97.993088
9955.078125	-98.694122
9960.937500	-98.562424
9966.796875	-97.519531
9972.656250	-98.333580
9978.515625	-99.419563
9984.375000	-98.403282
9990.234375	-98.806656
9996.093750	-98.621635
10001.953125	-99.327148
10007.812500	-98.832565
10013.671875	-98.178024
10019.531250	-98.860847
10025.390625	-99.536789
10031.250000	-98.906372
10037.109375	-98.314804
10042.968750	-96.954544
10048.828125	-97.886353
10054.687500	-100.539436
10060.546875	-99.394569
10066.406250	-98.653847
10072.265625	-98.502419
10078.125000	-97.887794
10083.984375	-98.426506
10089.843750	-97.629639
10095.703125	-98.424637
10101.562500	-98.329323
10107.421875	-98.696968
10113.281250	-98.675705
10119.140625	-99.682388
10125.000000	-99.187584
10130.859375	-97.587204
10136.718750	-97.267273
10142.578125	-99.754166
10148.437500	-99.516907
10154.296875	-98.500618
10160.156250	-99.012115
10166.015625	-98.526619
10171.875000	-99.739471
10177.734375	-100.657425
10183.593750	-100.477966
10189.453125	-100.686211
10195.312500	-98.817673
10201.171875	-98.999306
10207.031250	-98.544365
10212.890625	-98.973259
10218.750000	-100.285324
10224.609375	-99.668839
10230.468750	-98.501450
10236.328125	-98.247993
10242.187500	-100.058380
10248.046875	-99.682014
10253.906250	-99.609795
10259.765625	-100.195282
10265.625000	-99.683342
10271.484375	-98.834610
10277.343750	-99.453331
10283.203125	-102.110970
10289.062500	-100.521301
10294.921875	-98.779510
10300.781250	-98.458542
10306.640625	-98.306450
10312.500000	-99.035713
10318.359375	-99.630264
10324.218750	-99.295059
10330.078125	-99.490013
10335.937500	-99.830696
10341.796875	-100.465645
10347.656250	-99.570320
10353.515625	-99.456978
10359.375000	-100.142509
10365.234375	-99.331604
10371.093750	-99.331619
10376.953125	-101.053223
10382.812500	-100.646912
10388.671875	-101.616821
10394.531250	-100.249886
10400.390625	-99.038322
10406.250000	-101.408295
10412.109375	-100.328568
10417.968750	-100.079636
10423.828125	-100.726753
10429.687500	-100.187759
10435.546875	-100.001747
10441.406250	-99.848114
10447.265625	-100.466957
10453.125000	-100.308617
10458.984375	-100.653397
10464.843750	-101.443802
10470.703125	-100.252434
10476.562500	-100.515968
10482.421875	-102.102989
10488.281250	-102.400803
10494.140625	-100.006126
10500.000000	-98.376747
10505.859375	-98.628532
10511.718750	-100.379555
10517.578125	-101.595703
10523.437500	-100.657333
10529.296875	-100.992706
10535.156250	-100.917145
10541.015625	-99.939720
10546.875000	-99.556541
10552.734375	-99.808342
10558.593750	-101.856186
10564.453125	-101.127747
10570.312500	-100.454361
10576.171875	-100.926704
10582.031250	-102.617737
10587.890625	-101.222572
10593.750000	-101.428047
10599.609375	-101.909286
10605.468750	-101.279823
10611.328125	-101.155624
10617.187500	-102.095810
10623.046875	-101.317169
10628.906250	-100.723282
10634.765625	-100.832001
10640.625000	-100.673767
10646.484375	-101.566444
10652.343750	-101.801575
10658.203125	-102.114075
10664.062500	-101.973228
10669.921875	-101.383118
10675.781250	-100.015442
10681.640625	-99.712669
10687.500000	-100.555870
10693.359375	-100.673119
10699.218750	-101.722229
10705.078125	-102.447639
10710.937500	-101.801239
10716.796875	-101.486794
10722.656250	-101.052368
10728.515625	-102.594490
10734.375000	-102.851143
10740.234375	-101.663834
10746.093750	-101.156670
10751.953125	-101.719376
10757.812500	-102.921799
10763.671875	-102.825127
10769.531250	-101.356102
10775.390625	-101.035942
10781.250000	-100.113457
10787.109375	-101.354294
10792.968750	-102.315315
10798.828125	-102.555984
10804.687500	-102.394341
10810.546875	-101.611053
10816.406250	-100.754906
10822.265625	-100.795052
10828.125000	-102.427269
10833.984375	-103.512199
10839.843750	-101.918411
10845.703125	-101.547043
10851.562500	-100.470528
10857.421875	-101.165665
10863.281250	-102.161880
10869.140625	-103.554367
10875.000000	-103.297356
10880.859375	-101.779388
10886.718750	-101.389740
10892.578125	-102.338058
10898.437500	-102.626411
10904.296875	-102.029861
10910.156250	-101.339966
10916.015625	-101.461029
10921.875000	-101.893280
10927.734375	-102.809128
10933.593750	-102.438614
10939.453125	-102.972382
10945.312500	-102.565521
10951.171875	-102.325905
10957.031250	-102.635262
10962.890625	-102.005028
10968.750000	-101.372444
10974.609375	-101.653030
10980.468750	-102.472618
10986.328125	-103.344063
10992.187500	-103.369354
10998.046875	-102.379372
11003.906250	-101.617676
11009.765625	-102.201279
11015.625000	-102.081230
11021.484375	-102.698372
11027.343750	-102.380630
11033.203125	-102.879379
11039.062500	-103.124840
11044.921875	-103.717705
11050.781250	-104.284920
11056.640625	-102.694817
11062.500000	-102.906960
11068.359375	-103.846603
11074.218750	-102.649017
11080.078125	-102.158325
11085.937500	-102.897018
11091.796875	-102.818123
11097.656250	-101.960648
11103.515625	-102.468918
11109.375000	-102.959991
11115.234375	-102.754837
11121.093750	-101.474052
11126.953125	-102.593979
11132.812500	-103.963646
11138.671875	-102.611076
11144.531250	-103.472755
11150.390625	-103.834572
11156.250000	-102.457970
11162.109375	-102.840462
11167.968750	-103.259628
11173.828125	-103.993484
11179.687500	-104.472092
11185.546875	-105.382675
11191.406250	-103.490074
11197.265625	-102.420250
11203.125000	-102.902496
11208.984375	-104.321976
11214.843750	-103.588936
11220.703125	-104.507004
11226.562500	-104.981567
11232.421875	-104.099037
11238.281250	-102.933891
11244.140625	-103.514854
11250.000000	-103.197662
11255.859375	-103.134926
11261.718750	-103.814087
11267.578125	-103.911964
11273.437500	-103.439201
11279.296875	-103.630363
11285.156250	-103.435249
11291.015625	-104.621132
11296.875000	-104.056282
11302.734375	-103.850128
11308.593750	-103.842232
11314.453125	-103.696625
11320.312500	-104.211868
11326.171875	-103.980087
11332.031250	-104.495499
11337.890625	-103.667068
11343.750000	-104.106010
11349.609375	-103.881897
11355.468750	-104.238358
11361.328125	-103.788307
11367.187500	-103.763779
11373.046875	-104.028656
11378.906250	-104.492119
11384.765625	-104.607445
11390.625000	-104.827499
11396.484375	-104.707901
11402.343750	-105.167419
11408.203125	-105.352867
11414.062500	-104.726982
11419.921875	-103.467789
11425.781250	-105.243095
11431.640625	-105.009773
11437.500000	-103.023315
11443.359375	-102.012917
11449.218750	-102.712418
11455.078125	-104.241409
11460.937500	-105.124405
11466.796875	-104.535965
11472.656250	-103.842361
11478.515625	-103.234047
11484.375000	-102.602081
11490.234375	-103.406792
11496.093750	-104.460327
11501.953125	-105.686760
11507.812500	-105.958099
11513.671875	-104.983917
11519.531250	-104.075768
11525.390625	-103.845551
11531.250000	-104.680687
11537.109375	-104.230347
11542.968750	-104.323860
11548.828125	-104.753403
11554.687500	-106.104347
11560.546875	-105.787552
11566.406250	-104.445755
11572.265625	-104.176666
11578.125000	-103.821053
11583.984375	-104.062103
11589.843750	-104.078789
11595.703125	-103.935822
11601.562500	-103.819717
11607.421875	-104.392899
11613.281250	-105.009384
11619.140625	-104.114655
11625.000000	-103.604012
11630.859375	-104.076805
11636.718750	-104.063789
11642.578125	-103.511887
11648.437500	-103.496429
11654.296875	-103.939789
11660.156250	-103.440536
11666.015625	-104.201805
11671.875000	-104.063164
11677.734375	-104.348625
11683.593750	-105.043335
11689.453125	-105.744270
11695.312500	-105.280266
11701.171875	-104.415939
11707.031250	-104.346146
11712.890625	-104.631317
11718.750000	-103.587143
11724.609375	-104.038162
11730.468750	-104.046524
11736.328125	-104.506927
11742.187500	-106.113922
11748.046875	-105.574745
11753.906250	-105.944077
11759.765625	-105.848778
11765.625000	-105.503311
11771.484375	-105.104713
11777.343750	-105.431602
11783.203125	-105.316719
11789.062500	-105.782791
11794.921875	-105.207611
11800.781250	-104.938263
11806.640625	-104.882736
11812.500000	-103.358719
11818.359375	-103.422005
11824.218750	-105.103935
11830.078125	-106.440102
11835.937500	-105.390327
11841.796875	-104.541550
11847.656250	-103.786568
11853.515625	-103.947250
11859.375000	-104.329018
11865.234375	-104.746002
11871.093750	-105.661911
11876.953125	-105.844292
11882.812500	-105.522682
11888.671875	-105.898880
11894.531250	-105.174370
11900.390625	-104.994217
11906.250000	-105.328484
11912.109375	-105.021652
11917.968750	-103.728127
11923.828125	-104.135696
11929.687500	-105.462807
11935.546875	-104.618584
11941.406250	-105.433983
11947.265625	-107.219559
11953.125000	-105.085228
11958.984375	-104.958832
11964.843750	-105.242729
11970.703125	-105.917488
11976.562500	-107.171707
11982.421875	-107.035080
11988.281250	-107.613289
11994.140625	-107.193504
12000.000000	-107.139580
12005.859375	-106.974945
12011.718750	-107.911125
12017.578125	-107.504677
12023.437500	-107.313515
12029.296875	-106.696198
12035.156250	-105.312462
12041.015625	-105.085785
12046.875000	-104.924652
12052.734375	-104.163643
12058.593750	-103.994003
12064.453125	-105.126762
12070.312500	-104.500816
12076.171875	-103.304657
12082.031250	-104.664322
12087.890625	-104.809883
12093.750000	-103.569740
12099.609375	-103.716911
12105.468750	-103.786568
12111.328125	-104.175812
12117.187500	-104.066513
12123.046875	-103.542000
12128.906250	-104.270592
12134.765625	-104.394470
12140.625000	-104.226791
12146.484375	-104.682388
12152.343750	-104.127083
12158.203125	-104.849106
12164.062500	-105.383148
12169.921875	-105.342628
12175.781250	-105.361778
12181.640625	-106.564728
12187.500000	-104.488892
12193.359375	-103.774902
12199.218750	-104.361206
12205.078125	-105.430458
12210.937500	-106.162735
12216.796875	-105.479172
12222.656250	-104.571335
12228.515625	-104.640152
12234.375000	-104.122322
12240.234375	-104.215988
12246.093750	-103.319778
12251.953125	-103.962852
12257.812500	-104.747475
12263.671875	-105.261795
12269.531250	-103.159187
12275.390625	-103.570503
12281.250000	-104.773903
12287.109375	-105.693001
12292.968750	-106.367813
12298.828125	-104.845726
12304.687500	-104.900124
12310.546875	-105.119659
12316.406250	-103.709389
12322.265625	-103.863068
12328.125000	-105.182480
12333.984375	-104.983917
12339.843750	-103.403633
12345.703125	-103.346748
12351.562500	-103.724686
12357.421875	-104.049492
12363.281250	-104.148369
12369.140625	-104.956238
12375.000000	-104.766273
12380.859375	-104.387489
12386.718750	-104.285805
12392.578125	-103.854599
12398.437500	-105.109245
12404.296875	-104.530807
12410.156250	-104.577736
12416.015625	-105.113579
12421.875000	-105.487984
12427.734375	-104.979637
12433.593750	-105.563828
12439.453125	-106.399437
12445.312500	-106.404785
12451.171875	-104.974991
12457.031250	-104.620544
12462.890625	-105.475159
12468.750000	-104.926857
12474.609375	-104.664650
12480.468750	-105.239670
12486.328125	-105.764183
12492.187500	-105.806267
12498.046875	-105.357063
12503.906250	-105.134491
12509.765625	-105.063850
12515.625000	-104.640427
12521.484375	-104.227623
12527.343750	-104.373924
12533.203125	-104.836967
12539.062500	-105.632889
12544.921875	-105.156189
12550.781250	-106.054024
12556.640625	-105.197151
12562.500000	-104.289467
12568.359375	-103.735413
12574.218750	-104.473488
12580.078125	-104.741821
12585.937500	-104.813042
12591.796875	-105.516846
12597.656250	-106.191101
12603.515625	-105.865044
12609.375000	-104.557480
12615.234375	-104.786179
12621.093750	-104.791542
12626.953125	-104.944984
12632.812500	-105.277199
12638.671875	-106.120270
12644.531250	-105.756409
12650.390625	-103.715561
12656.250000	-103.725731
12662.109375	-103.826431
12667.968750	-104.856926
12673.828125	-107.238457
12679.687500	-106.661217
12685.546875	-105.904243
12691.406250	-107.012596
12697.265625	-107.174599
12703.125000	-107.003815
12708.984375	-106.252357
12714.843750	-105.231735
12720.703125	-105.540680
12726.562500	-105.463455
12732.421875	-105.947548
12738.281250	-106.127213
12744.140625	-105.257881
12750.000000	-105.346146
12755.859375	-106.515404
12761.718750	-106.297256
12767.578125	-106.215927
12773.437500	-106.306335
12779.296875	-105.695862
12785.156250	-106.166763
12791.015625	-105.977371
12796.875000	-105.330681
12802.734375	-105.534737
12808.593750	-105.527168
12814.453125	-105.983757
12820.312500	-106.061897
12826.171875	-107.061302
12832.031250	-105.902489
12837.890625	-103.970497
12843.750000	-104.038033
12849.609375	-104.709007
12855.468750	-106.133865
12861.328125	-105.639168
12867.187500	-106.479042
12873.046875	-108.820244
12878.906250	-109.420891
12884.765625	-107.336395
12890.625000	-106.166817
12896.484375	-106.691872
12902.343750	-106.651520
12908.203125	-106.259521
12914.062500	-106.778839
12919.921875	-106.424583
12925.781250	-105.976814
12931.640625	-105.766830
12937.500000	-105.829613
12943.359375	-105.614395
12949.218750	-105.339523
12955.078125	-106.743355
12960.937500	-107.087883
12966.796875	-106.486267
12972.656250	-105.120720
12978.515625	-105.542511
12984.375000	-105.924004
12990.234375	-105.502556
12996.093750	-105.920807
13001.953125	-105.852623
13007.812500	-105.926605
13013.671875	-106.310028
13019.531250	-105.502159
13025.390625	-104.945053
13031.250000	-105.040245
13037.109375	-104.778343
13042.968750	-106.575722
13048.828125	-107.544395
13054.687500	-105.623825
13060.546875	-104.672417
13066.406250	-105.368774
13072.265625	-106.436813
13078.125000	-105.382759
13083.984375	-106.058632
13089.843750	-105.925499
13095.703125	-106.280258
13101.562500	-107.446724
13107.421875	-106.531136
13113.281250	-106.872955
13119.140625	-106.726738
13125.000000	-105.497040
13130.859375	-105.556236
13136.718750	-105.704079
13142.578125	-105.748428
13148.437500	-107.524261
13154.296875	-105.583206
13160.156250	-105.395424
13166.015625	-107.313591
13171.875000	-107.266068
13177.734375	-105.656944
13183.593750	-105.771614
13189.453125	-106.629967
13195.312500	-106.842117
13201.171875	-107.236633
13207.031250	-107.782860
13212.890625	-108.025925
13218.750000	-107.140564
13224.609375	-107.807098
13230.468750	-107.010971
13236.328125	-106.658379
13242.187500	-107.134834
13248.046875	-107.350700
13253.906250	-107.362801
13259.765625	-107.168900
13265.625000	-108.138145
13271.484375	-107.084610
13277.343750	-107.275429
13283.203125	-106.565865
13289.062500	-107.865524
13294.921875	-107.550133
13300.781250	-107.174881
13306.640625	-106.518784
13312.500000	-106.251060
13318.359375	-107.050735
13324.218750	-107.040443
13330.078125	-107.263802
13335.937500	-107.056969
13341.796875	-107.616829
13347.656250	-106.913040
13353.515625	-107.434402
13359.375000	-106.502357
13365.234375	-107.087730
13371.093750	-106.616692
13376.953125	-106.793373
13382.812500	-106.192123
13388.671875	-106.049583
13394.531250	-105.998848
13400.390625	-106.672134
13406.250000	-106.634872
13412.109375	-106.359108
13417.968750	-106.301849
13423.828125	-107.040749
13429.687500	-106.044899
13435.546875	-106.094391
13441.406250	-106.357201
13447.265625	-106.716339
13453.125000	-107.076599
13458.984375	-107.545387
13464.843750	-106.606056
13470.703125	-106.478645
13476.562500	-106.812515
13482.421875	-107.747864
13488.281250	-107.626488
13494.140625	-107.519661
13500.000000	-107.164070
13505.859375	-107.382019
13511.718750	-108.807205
13517.578125	-107.820267
13523.437500	-107.307426
13529.296875	-108.157608
13535.156250	-107.105522
13541.015625	-107.259727
13546.875000	-106.425446
13552.734375	-106.565750
13558.593750	-106.510826
13564.453125	-106.448395
13570.312500	-107.670746
13576.171875	-107.218025
13582.031250	-107.434845
13587.890625	-106.894196
13593.750000	-107.688828
13599.609375	-106.840622
13605.468750	-107.118729
13611.328125	-108.432060
13617.187500	-109.633965
13623.046875	-108.883614
13628.906250	-106.892159
13634.765625	-105.671310
13640.625000	-104.899712
13646.484375	-106.299492
13652.343750	-107.640991
13658.203125	-107.705887
13664.062500	-107.330269
13669.921875	-108.052864
13675.781250	-107.189613
13681.640625	-106.766129
13687.500000	-106.570000
13693.359375	-107.593399
13699.218750	-108.545578
13705.078125	-107.960320
13710.937500	-108.291908
13716.796875	-108.153381
13722.656250	-107.909439
13728.515625	-108.630836
13734.375000	-108.052734
13740.234375	-107.167480
13746.093750	-107.162491
13751.953125	-108.533722
13757.812500	-109.406799
13763.671875	-108.967033
13769.531250	-107.785049
13775.390625	-107.576378
13781.250000	-107.789070
13787.109375	-107.769806
13792.968750	-107.803337
13798.828125	-108.215004
13804.687500	-108.729706
13810.546875	-107.814262
13816.406250	-107.287621
13822.265625	-107.753662
13828.125000	-107.187042
13833.984375	-107.731331
13839.843750	-106.971489
13845.703125	-107.550758
13851.562500	-108.453712
13857.421875	-108.370720
13863.281250	-108.108292
13869.140625	-109.369659
13875.000000	-108.820946
13880.859375	-106.863304
13886.718750	-107.474617
13892.578125	-107.766769
13898.437500	-108.774681
13904.296875	-108.232742
13910.156250	-108.151924
13916.015625	-108.833740
13921.875000	-109.186638
13927.734375	-108.465141
13933.593750	-108.264534
13939.453125	-108.090149
13945.312500	-108.240623
13951.171875	-108.771080
13957.031250	-108.347450
13962.890625	-107.966476
13968.750000	-108.659035
13974.609375	-107.585716
13980.468750	-108.147675
13986.328125	-108.743721
13992.187500	-110.645874
13998.046875	-109.302956
14003.906250	-109.027542
14009.765625	-109.675453
14015.625000	-108.440651
14021.484375	-108.190422
14027.343750	-107.903069
14033.203125	-108.763031
14039.062500	-108.237305
14044.921875	-108.767754
14050.781250	-109.099434
14056.640625	-109.385338
14062.500000	-108.569565
14068.359375	-108.395897
14074.218750	-108.074265
14080.078125	-109.881630
14085.937500	-110.577850
14091.796875	-110.210144
14097.656250	-110.580963
14103.515625	-108.548683
14109.375000	-107.825691
14115.234375	-109.353928
14121.093750	-108.516975
14126.953125	-109.111938
14132.812500	-109.415054
14138.671875	-109.091240
14144.531250	-108.667618
14150.390625	-107.055923
14156.250000	-106.521225
14162.109375	-108.431229
14167.968750	-109.352623
14173.828125	-109.314293
14179.687500	-109.513878
14185.546875	-109.353722
14191.406250	-109.095505
14197.265625	-108.810753
14203.125000	-107.857971
14208.984375	-107.594315
14214.843750	-109.061226
14220.703125	-108.496094
14226.562500	-108.318069
14232.421875	-108.344276
14238.281250	-108.731209
14244.140625	-109.570343
14250.000000	-109.290367
14255.859375	-109.253403
14261.718750	-108.209259
14267.578125	-108.799515
14273.437500	-109.319221
14279.296875	-108.421173
14285.156250	-107.664963
14291.015625	-108.313652
14296.875000	-108.062080
14302.734375	-107.889999
14308.593750	-108.583710
14314.453125	-108.412163
14320.312500	-108.660744
14326.171875	-108.493637
14332.031250	-108.389465
14337.890625	-108.237793
14343.750000	-108.812042
14349.609375	-109.276871
14355.468750	-108.991333
14361.328125	-108.351151
14367.187500	-107.730293
14373.046875	-109.430107
14378.906250	-109.324013
14384.765625	-109.421112
14390.625000	-109.107903
14396.484375	-109.471405
14402.343750	-110.173431
14408.203125	-109.554794
14414.062500	-109.153564
14419.921875	-109.813622
14425.781250	-109.186279
14431.640625	-108.064384
14437.500000	-108.097313
14443.359375	-109.444260
14449.218750	-109.755844
14455.078125	-110.150879
14460.937500	-110.599686
14466.796875	-109.708351
14472.656250	-109.032249
14478.515625	-109.235405
14484.375000	-109.938065
14490.234375	-110.264015
14496.093750	-108.914192
14501.953125	-108.665192
14507.812500	-108.769035
14513.671875	-110.046906
14519.531250	-109.435219
14525.390625	-110.650635
14531.250000	-108.583519
14537.109375	-108.900719
14542.968750	-110.471100
14548.828125	-109.950508
14554.687500	-110.499603
14560.546875	-110.053162
14566.406250	-108.076752
14572.265625	-107.872429
14578.125000	-107.954384
14583.984375	-108.273903
14589.843750	-108.042404
14595.703125	-108.325233
14601.562500	-109.116966
14607.421875	-109.937798
14613.281250	-109.375336
14619.140625	-109.259384
14625.000000	-108.816254
14630.859375	-108.388039
14636.718750	-109.159927
14642.578125	-109.807472
14648.437500	-109.045494
14654.296875	-109.141983
14660.156250	-109.266869
14666.015625	-107.682411
14671.875000	-107.348152
14677.734375	-107.977890
14683.593750	-107.971718
14689.453125	-108.805176
14695.312500	-109.855667
14701.171875	-109.441269
14707.031250	-108.654129
14712.890625	-109.780075
14718.750000	-109.553764
14724.609375	-108.984818
14730.468750	-109.403679
14736.328125	-108.863510
14742.187500	-108.549454
14748.046875	-108.884880
14753.906250	-108.395248
14759.765625	-107.643951
14765.625000	-108.048325
14771.484375	-109.130280
14777.343750	-109.397369
14783.203125	-110.765968
14789.062500	-110.284874
14794.921875	-109.238266
14800.781250	-108.611214
14806.640625	-108.902046
14812.500000	-109.193604
14818.359375	-108.484169
14824.218750	-109.473404
14830.078125	-109.444099
14835.937500	-108.886833
14841.796875	-108.276917
14847.656250	-109.568420
14853.515625	-109.366058
14859.375000	-108.130760
14865.234375	-108.273293
14871.093750	-108.441582
14876.953125	-110.074318
14882.812500	-111.822411
14888.671875	-111.703072
14894.531250	-108.269356
14900.390625	-107.651627
14906.250000	-108.742546
14912.109375	-108.384918
14917.968750	-109.249847
14923.828125	-110.057472
14929.687500	-110.065552
14935.546875	-109.490028
14941.406250	-109.198792
14947.265625	-108.989464
14953.125000	-109.476608
14958.984375	-109.025764
14964.843750	-109.244621
14970.703125	-110.583229
14976.562500	-109.919777
14982.421875	-109.738243
14988.281250	-108.722458
14994.140625	-108.191185
15000.000000	-108.967369
15005.859375	-108.218750
15011.718750	-107.929245
15017.578125	-107.805710
15023.437500	-107.892509
15029.296875	-108.349442
15035.156250	-108.562859
15041.015625	-108.839302
15046.875000	-109.132675
15052.734375	-108.959549
15058.593750	-108.729561
15064.453125	-108.567245
15070.312500	-108.061127
15076.171875	-107.888519
15082.031250	-109.219635
15087.890625	-108.579559
15093.750000	-107.961197
15099.609375	-107.880333
15105.468750	-107.949326
15111.328125	-107.296432
15117.187500	-108.857758
15123.046875	-109.534073
15128.906250	-107.665306
15134.765625	-106.548393
15140.625000	-108.159904
15146.484375	-108.890762
15152.343750	-108.222610
15158.203125	-109.060913
15164.062500	-109.143478
15169.921875	-108.348770
15175.781250	-108.037544
15181.640625	-108.332733
15187.500000	-107.757355
15193.359375	-108.548393
15199.218750	-106.795456
15205.078125	-108.061234
15210.937500	-108.684700
15216.796875	-107.788979
15222.656250	-107.442680
15228.515625	-107.777695
15234.375000	-108.270035
15240.234375	-108.517258
15246.093750	-107.068298
15251.953125	-107.806145
15257.812500	-108.262032
15263.671875	-108.160172
15269.531250	-109.706276
15275.390625	-107.918411
15281.250000	-107.838539
15287.109375	-106.015053
15292.968750	-108.320847
15298.828125	-108.124512
15304.687500	-108.672272
15310.546875	-109.985291
15316.406250	-109.264977
15322.265625	-108.250854
15328.125000	-107.663254
15333.984375	-108.897133
15339.843750	-107.602592
15345.703125	-107.648430
15351.562500	-108.778824
15357.421875	-107.813141
15363.281250	-106.811790
15369.140625	-107.357925
15375.000000	-107.830635
15380.859375	-108.666893
15386.718750	-108.288910
15392.578125	-108.733238
15398.437500	-109.396873
15404.296875	-109.087242
15410.156250	-108.022980
15416.015625	-107.038757
15421.875000	-108.095558
15427.734375	-107.443680
15433.593750	-106.665047
15439.453125	-108.230499
15445.312500	-108.742714
15451.171875	-108.604927
15457.031250	-109.154877
15462.890625	-107.227280
15468.750000	-107.257225
15474.609375	-108.080154
15480.468750	-107.755783
15486.328125	-107.723404
15492.187500	-107.758293
15498.046875	-107.714363
15503.906250	-109.160416
15509.765625	-108.148247
15515.625000	-107.820900
15521.484375	-108.614838
15527.343750	-108.329575
15533.203125	-108.883064
15539.062500	-108.421043
15544.921875	-108.515800
15550.781250	-108.775299
15556.640625	-108.564880
15562.500000	-108.539703
15568.359375	-108.284584
15574.218750	-108.694077
15580.078125	-109.151672
15585.937500	-109.454330
15591.796875	-107.824791
15597.656250	-107.392410
15603.515625	-108.466812
15609.375000	-108.739044
15615.234375	-108.982712
15621.093750	-108.976112
15626.953125	-107.940681
15632.812500	-109.734612
15638.671875	-109.459358
15644.531250	-108.334808
15650.390625	-107.552338
15656.250000	-108.771622
15662.109375	-108.148949
15667.968750	-106.499435
15673.828125	-107.332268
15679.687500	-108.722168
15685.546875	-108.857330
15691.406250	-108.483841
15697.265625	-108.434540
15703.125000	-107.277992
15708.984375	-108.736351
15714.843750	-109.652702
15720.703125	-107.698349
15726.562500	-108.260536
15732.421875	-108.659180
15738.281250	-108.072083
15744.140625	-108.749504
15750.000000	-108.342255
15755.859375	-108.822174
15761.718750	-108.431206
15767.578125	-108.416069
15773.437500	-109.124023
15779.296875	-108.398804
15785.156250	-107.941818
15791.015625	-106.930260
15796.875000	-106.816490
15802.734375	-107.860092
15808.593750	-107.819809
15814.453125	-107.272141
15820.312500	-109.460289
15826.171875	-109.583252
15832.031250	-108.154312
15837.890625	-107.302788
15843.750000	-107.352509
15849.609375	-107.273880
15855.468750	-106.804466
15861.328125	-109.007164
15867.187500	-109.658394
15873.046875	-109.023705
15878.906250	-108.693550
15884.765625	-107.721657
15890.625000	-106.973465
15896.484375	-108.030075
15902.343750	-108.546021
15908.203125	-109.012863
15914.062500	-108.834511
15919.921875	-108.159798
15925.781250	-107.700966
15931.640625	-107.678589
15937.500000	-107.707993
15943.359375	-108.125610
15949.218750	-108.308624
15955.078125	-109.490997
15960.937500	-109.794144
15966.796875	-109.076706
15972.656250	-109.153801
15978.515625	-108.741821
15984.375000	-109.207909
15990.234375	-108.179047
15996.093750	-108.393311
16001.953125	-108.784470
16007.812500	-108.812195
16013.671875	-108.687881
16019.531250	-110.180878
16025.390625	-109.420319
16031.250000	-108.412117
16037.109375	-107.684883
16042.968750	-108.064468
16048.828125	-108.014343
16054.687500	-108.109131
16060.546875	-108.616302
16066.406250	-108.194603
16072.265625	-107.915672
16078.125000	-108.625832
16083.984375	-108.016907
16089.843750	-108.497559
16095.703125	-108.207855
16101.562500	-108.909569
16107.421875	-107.802231
16113.281250	-108.849800
16119.140625	-107.830872
16125.000000	-107.012550
16130.859375	-107.978836
16136.718750	-108.884872
16142.578125	-108.510880
16148.437500	-108.036919
16154.296875	-108.149055
16160.156250	-108.530235
16166.015625	-108.586571
16171.875000	-107.901955
16177.734375	-107.682159
16183.593750	-108.271645
16189.453125	-108.572426
16195.312500	-109.650932
16201.171875	-110.255013
16207.031250	-108.530785
16212.890625	-109.209702
16218.750000	-109.531517
16224.609375	-108.582314
16230.468750	-108.097115
16236.328125	-108.815643
16242.187500	-109.106743
16248.046875	-109.075890
16253.906250	-108.755966
16259.765625	-108.126564
16265.625000	-108.036423
16271.484375	-108.517029
16277.343750	-108.516350
16283.203125	-109.191811
16289.062500	-109.080368
16294.921875	-108.290306
16300.781250	-109.117294
16306.640625	-107.954094
16312.500000	-107.037537
16318.359375	-106.848854
16324.218750	-108.290161
16330.078125	-109.236176
16335.937500	-108.888489
16341.796875	-109.866951
16347.656250	-109.223694
16353.515625	-108.891365
16359.375000	-108.230881
16365.234375	-107.669151
16371.093750	-108.070480
16376.953125	-109.432983
16382.812500	-110.231522
16388.671875	-109.312019
16394.531250	-108.712044
16400.390625	-107.614166
16406.250000	-107.453903
16412.109375	-107.395546
16417.968750	-108.046677
16423.828125	-108.909836
16429.687500	-108.703697
16435.546875	-109.049339
16441.406250	-109.053635
16447.265625	-107.972229
16453.125000	-108.543312
16458.984375	-108.125336
16464.843750	-107.604240
16470.703125	-108.390930
16476.562500	-107.963875
16482.421875	-108.640144
16488.281250	-108.204964
16494.140625	-107.674896
16500.000000	-107.661537
16505.859375	-107.813972
16511.718750	-108.519363
16517.578125	-108.492958
16523.437500	-108.464127
16529.296875	-108.471954
16535.156250	-107.580521
16541.015625	-107.642769
16546.875000	-108.236015
16552.734375	-107.088585
16558.593750	-107.133530
16564.453125	-108.948814
16570.312500	-109.705284
16576.171875	-109.733452
16582.031250	-109.283447
16587.890625	-108.112320
16593.750000	-108.806107
16599.609375	-108.774239
16605.468750	-109.387802
16611.328125	-108.931244
16617.187500	-108.336746
16623.046875	-109.002357
16628.906250	-109.043304
16634.765625	-109.316376
16640.625000	-109.580513
16646.484375	-108.625351
16652.343750	-108.052795
16658.203125	-108.373405
16664.062500	-108.026260
16669.921875	-108.307297
16675.781250	-109.353592
16681.640625	-108.671188
16687.500000	-106.631050
16693.359375	-107.697418
16699.218750	-109.325134
16705.078125	-108.674622
16710.937500	-108.877754
16716.796875	-108.899239
16722.656250	-108.059502
16728.515625	-107.691101
16734.375000	-107.801193
16740.234375	-107.117561
16746.093750	-107.664871
16751.953125	-107.539696
16757.812500	-108.193092
16763.671875	-107.880348
16769.531250	-108.153664
16775.390625	-107.321037
16781.250000	-108.141197
16787.109375	-109.228111
16792.968750	-109.258385
16798.828125	-108.829140
16804.687500	-108.463585
16810.546875	-108.659203
16816.406250	-108.250473
16822.265625	-108.267487
16828.125000	-108.904205
16833.984375	-108.803528
16839.843750	-109.185913
16845.703125	-108.595695
16851.562500	-108.564186
16857.421875	-107.633331
16863.281250	-108.200752
16869.140625	-108.178246
16875.000000	-108.300575
16880.859375	-107.544594
16886.718750	-108.045296
16892.578125	-109.818947
16898.437500	-108.596550
16904.296875	-109.062180
16910.156250	-108.412933
16916.015625	-108.768105
16921.875000	-108.811386
16927.734375	-108.872429
16933.593750	-108.302193
16939.453125	-107.674576
16945.312500	-108.712524
16951.171875	-108.719032
16957.031250	-108.959709
16962.890625	-109.561493
16968.750000	-109.988159
16974.609375	-108.875244
16980.468750	-109.458275
16986.328125	-109.156616
16992.187500	-110.054558
16998.046875	-110.007195
17003.906250	-109.215546
17009.765625	-108.541763
17015.625000	-108.460983
17021.484375	-108.611923
17027.343750	-109.288216
17033.203125	-108.768959
17039.062500	-108.677673
17044.921875	-107.995956
17050.781250	-108.489731
17056.640625	-108.124466
17062.500000	-108.450813
17068.359375	-108.518364
17074.218750	-108.594025
17080.078125	-107.990303
17085.937500	-108.419823
17091.796875	-108.413521
17097.656250	-107.383789
17103.515625	-107.706512
17109.375000	-107.361198
17115.234375	-107.670540
17121.093750	-108.630806
17126.953125	-109.180214
17132.812500	-108.562454
17138.671875	-107.697212
17144.531250	-107.327927
17150.390625	-108.042404
17156.250000	-109.059860
17162.109375	-109.320496
17167.968750	-109.899338
17173.828125	-109.561935
17179.687500	-110.366852
17185.546875	-110.753860
17191.406250	-109.130722
17197.265625	-107.895065
17203.125000	-109.029900
17208.984375	-108.433372
17214.843750	-107.522514
17220.703125	-109.283302
17226.562500	-110.536812
17232.421875	-110.222572
17238.281250	-108.652504
17244.140625	-109.322708
17250.000000	-110.168671
17255.859375	-109.988785
17261.718750	-110.351265
17267.578125	-110.050819
17273.437500	-110.103477
17279.296875	-110.772438
17285.156250	-109.654518
17291.015625	-109.944603
17296.875000	-110.444984
17302.734375	-110.224174
17308.593750	-110.735916
17314.453125	-110.935738
17320.312500	-111.110992
17326.171875	-110.063545
17332.031250	-109.503494
17337.890625	-109.326683
17343.750000	-109.055786
17349.609375	-109.359901
17355.468750	-109.972832
17361.328125	-110.399727
17367.187500	-109.670883
17373.046875	-109.462273
17378.906250	-109.665474
17384.765625	-110.787827
17390.625000	-110.250496
17396.484375	-110.069298
17402.343750	-110.008560
17408.203125	-109.299744
17414.062500	-109.271042
17419.921875	-110.192825
17425.781250	-109.802902
17431.640625	-109.026405
17437.500000	-109.706596
17443.359375	-110.310936
17449.218750	-110.191917
17455.078125	-110.564041
17460.937500	-111.366554
17466.796875	-109.439812
17472.656250	-109.508064
17478.515625	-109.040581
17484.375000	-109.261078
17490.234375	-109.614487
17496.093750	-109.243767
17501.953125	-108.990021
17507.812500	-110.768372
17513.671875	-111.869209
17519.531250	-109.846382
17525.390625	-109.779526
17531.250000	-109.203613
17537.109375	-109.174553
17542.968750	-110.358475
17548.828125	-110.464882
17554.687500	-111.357178
17560.546875	-110.383896
17566.406250	-109.510536
17572.265625	-108.221512
17578.125000	-108.065781
17583.984375	-108.950897
17589.843750	-109.970520
17595.703125	-109.694252
17601.562500	-110.171265
17607.421875	-110.518623
17613.281250	-109.563873
17619.140625	-110.459602
17625.000000	-111.198227
17630.859375	-110.948700
17636.718750	-110.707619
17642.578125	-112.048462
17648.437500	-111.947556
17654.296875	-109.756378
17660.156250	-109.503181
17666.015625	-109.834625
17671.875000	-110.475609
17677.734375	-109.952431
17683.593750	-110.698692
17689.453125	-109.807404
17695.312500	-109.856476
17701.171875	-109.240044
17707.031250	-109.136162
17712.890625	-109.384918
17718.750000	-109.720177
17724.609375	-110.392662
17730.468750	-110.761986
17736.328125	-110.516296
17742.187500	-110.383507
17748.046875	-110.450638
17753.906250	-109.768951
17759.765625	-109.570580
17765.625000	-109.749443
17771.484375	-108.930069
17777.343750	-110.561249
17783.203125	-110.477562
17789.062500	-110.217926
17794.921875	-110.603928
17800.781250	-110.051018
17806.640625	-109.518257
17812.500000	-110.089165
17818.359375	-111.672142
17824.218750	-112.055206
17830.078125	-110.885262
17835.937500	-110.071930
17841.796875	-109.734978
17847.656250	-109.217918
17853.515625	-108.452705
17859.375000	-108.459656
17865.234375	-109.038475
17871.093750	-109.402031
17876.953125	-109.949791
17882.812500	-110.647804
17888.671875	-110.685799
17894.531250	-110.072990
17900.390625	-110.473778
17906.250000	-109.942398
17912.109375	-110.302208
17917.968750	-110.346840
17923.828125	-111.088951
17929.687500	-110.719208
17935.546875	-110.308029
17941.406250	-109.774010
17947.265625	-110.143135
17953.125000	-110.063980
17958.984375	-109.494408
17964.843750	-109.732010
17970.703125	-110.072243
17976.562500	-110.763634
17982.421875	-110.398117
17988.281250	-108.688873
17994.140625	-108.605026
18000.000000	-108.876213
18005.859375	-108.346771
18011.718750	-109.418518
18017.578125	-110.553200
18023.437500	-110.588112
18029.296875	-109.217033
18035.156250	-109.101692
18041.015625	-109.909149
18046.875000	-110.938057
18052.734375	-110.911255
18058.593750	-110.317436
18064.453125	-110.553185
18070.312500	-111.538765
18076.171875	-110.160576
18082.031250	-109.026794
18087.890625	-108.863998
18093.750000	-109.616943
18099.609375	-109.345047
18105.468750	-109.820297
18111.328125	-109.547089
18117.187500	-109.641937
18123.046875	-110.434875
18128.906250	-111.711052
18134.765625	-109.912186
18140.625000	-108.215500
18146.484375	-109.647614
18152.343750	-110.112137
18158.203125	-110.689034
18164.062500	-110.667854
18169.921875	-110.087959
18175.781250	-110.269859
18181.640625	-110.720253
18187.500000	-110.120224
18193.359375	-108.858070
18199.218750	-108.337662
18205.078125	-109.365402
18210.937500	-111.214149
18216.796875	-109.390739
18222.656250	-109.530281
18228.515625	-110.024208
18234.375000	-108.386292
18240.234375	-108.587669
18246.093750	-110.507996
18251.953125	-110.368561
18257.812500	-110.437325
18263.671875	-110.090012
18269.531250	-110.569252
18275.390625	-109.663849
18281.250000	-108.953911
18287.109375	-109.560356
18292.968750	-109.320251
18298.828125	-109.047020
18304.687500	-109.176483
18310.546875	-110.127098
18316.406250	-109.393539
18322.265625	-109.084038
18328.125000	-109.092918
18333.984375	-109.104050
18339.843750	-109.238205
18345.703125	-110.031464
18351.562500	-109.965645
18357.421875	-110.295715
18363.281250	-110.144218
18369.140625	-110.055183
18375.000000	-110.104866
18380.859375	-109.220947
18386.718750	-108.615295
18392.578125	-109.281685
18398.437500	-110.242210
18404.296875	-109.205452
18410.156250	-109.004593
18416.015625	-109.114235
18421.875000	-109.415398
18427.734375	-110.292007
18433.593750	-109.501305
18439.453125	-109.929100
18445.312500	-111.069626
18451.171875	-110.965607
18457.031250	-110.105896
18462.890625	-110.936996
18468.750000	-109.244171
18474.609375	-109.118881
18480.468750	-110.311859
18486.328125	-109.036118
18492.187500	-108.209557
18498.046875	-109.142853
18503.906250	-109.821815
18509.765625	-110.715393
18515.625000	-109.552223
18521.484375	-108.053223
18527.343750	-108.740402
18533.203125	-109.464645
18539.062500	-110.063049
18544.921875	-110.479469
18550.781250	-109.575493
18556.640625	-109.339813
18562.500000	-110.360199
18568.359375	-110.307930
18574.218750	-110.456291
18580.078125	-111.493568
18585.937500	-109.317413
18591.796875	-108.881798
18597.656250	-110.446159
18603.515625	-110.453514
18609.375000	-110.345955
18615.234375	-109.387207
18621.093750	-108.868568
18626.953125	-109.648766
18632.812500	-110.276840
18638.671875	-109.320770
18644.531250	-109.078735
18650.390625	-109.377823
18656.250000	-111.151764
18662.109375	-110.349983
18667.968750	-109.652641
18673.828125	-109.027534
18679.687500	-110.378494
18685.546875	-111.330887
18691.406250	-108.578262
18697.265625	-107.934265
18703.125000	-109.281212
18708.984375	-110.261520
18714.843750	-110.177399
18720.703125	-110.061447
18726.562500	-110.878487
18732.421875	-109.427818
18738.281250	-108.873970
18744.140625	-109.531166
18750.000000	-110.279182
18755.859375	-110.200424
18761.718750	-109.477409
18767.578125	-109.703270
18773.437500	-109.840736
18779.296875	-109.892845
18785.156250	-111.036476
18791.015625	-110.961037
18796.875000	-108.720604
18802.734375	-108.361252
18808.593750	-109.199387
18814.453125	-109.244102
18820.312500	-110.625816
18826.171875	-109.991257
18832.031250	-108.112328
18837.890625	-108.525902
18843.750000	-109.082069
18849.609375	-110.142899
18855.468750	-109.756874
18861.328125	-109.369415
18867.187500	-110.242027
18873.046875	-109.675568
18878.906250	-108.744476
18884.765625	-109.694374
18890.625000	-108.650116
18896.484375	-108.406967
18902.343750	-109.180374
18908.203125	-109.287567
18914.062500	-109.375153
18919.921875	-108.741814
18925.781250	-109.254959
18931.640625	-108.511475
18937.500000	-108.668617
18943.359375	-109.824738
18949.218750	-109.563904
18955.078125	-109.689232
18960.937500	-108.885857
18966.796875	-108.564934
18972.656250	-108.700645
18978.515625	-109.001419
18984.375000	-109.143219
18990.234375	-108.489166
18996.093750	-108.791534
19001.953125	-109.012657
19007.812500	-108.706001
19013.671875	-108.736969
19019.531250	-108.666656
19025.390625	-108.833557
19031.250000	-110.278687
19037.109375	-110.140038
19042.968750	-110.258797
19048.828125	-110.539230
19054.687500	-109.361046
19060.546875	-109.549500
19066.406250	-109.521935
19072.265625	-108.861786
19078.125000	-108.166313
19083.984375	-108.428467
19089.843750	-109.081123
19095.703125	-109.095116
19101.562500	-108.902283
19107.421875	-109.787682
19113.281250	-109.347893
19119.140625	-108.331863
19125.000000	-107.496735
19130.859375	-107.832039
19136.718750	-108.516975
19142.578125	-110.029861
19148.437500	-111.909149
19154.296875	-109.036552
19160.156250	-108.834190
19166.015625	-109.108101
19171.875000	-109.789665
19177.734375	-108.091248
19183.593750	-108.739265
19189.453125	-109.658363
19195.312500	-108.439590
19201.171875	-108.202980
19207.031250	-109.851723
19212.890625	-108.877586
19218.750000	-109.420692
19224.609375	-108.780296
19230.468750	-108.991547
19236.328125	-109.908470
19242.187500	-110.265282
19248.046875	-108.988251
19253.906250	-108.513542
19259.765625	-108.705498
19265.625000	-108.420761
19271.484375	-109.590973
19277.343750	-109.337929
19283.203125	-109.839081
19289.062500	-109.712311
19294.921875	-110.031563
19300.781250	-108.609917
19306.640625	-106.973618
19312.500000	-108.868423
19318.359375	-109.545113
19324.218750	-108.690041
19330.078125	-109.604805
19335.937500	-110.855408
19341.796875	-109.848015
19347.656250	-109.602478
19353.515625	-109.834908
19359.375000	-109.671967
19365.234375	-108.526711
19371.093750	-107.697067
19376.953125	-109.151756
19382.812500	-109.098373
19388.671875	-109.892151
19394.531250	-109.425575
19400.390625	-107.985390
19406.250000	-107.685387
19412.109375	-109.341576
19417.968750	-109.028419
19423.828125	-109.507370
19429.687500	-109.419922
19435.546875	-109.049454
19441.406250	-109.130775
19447.265625	-107.526428
19453.125000	-107.664558
19458.984375	-108.954659
19464.843750	-108.217834
19470.703125	-108.259323
19476.562500	-110.113770
19482.421875	-109.499893
19488.281250	-109.202751
19494.140625	-109.582939
19500.000000	-109.032372
19505.859375	-107.792847
19511.718750	-107.818199
19517.578125	-108.909210
19523.437500	-109.237694
19529.296875	-108.380249
19535.156250	-108.550163
19541.015625	-106.983139
19546.875000	-106.836769
19552.734375	-109.125580
19558.593750	-107.611694
19564.453125	-107.627556
19570.312500	-108.782661
19576.171875	-108.409988
19582.031250	-108.654976
19587.890625	-108.123016
19593.750000	-108.787697
19599.609375	-109.885887
19605.468750	-108.461578
19611.328125	-108.443909
19617.187500	-109.241127
19623.046875	-108.303879
19628.906250	-108.893349
19634.765625	-107.567078
19640.625000	-107.764008
19646.484375	-108.314362
19652.343750	-108.618393
19658.203125	-109.207039
19664.062500	-109.471405
19669.921875	-109.166664
19675.781250	-108.988602
19681.640625	-108.444130
19687.500000	-108.458099
19693.359375	-108.669189
19699.218750	-107.225922
19705.078125	-107.901291
19710.937500	-109.722153
19716.796875	-109.219559
19722.656250	-108.083237
19728.515625	-108.055603
19734.375000	-108.110336
19740.234375	-107.762497
19746.093750	-108.940804
19751.953125	-109.482529
19757.812500	-107.933510
19763.671875	-107.501663
19769.531250	-108.638008
19775.390625	-107.985703
19781.250000	-107.019661
19787.109375	-108.347321
19792.968750	-109.375153
19798.828125	-109.236984
19804.687500	-108.805122
19810.546875	-107.876030
19816.406250	-108.361588
19822.265625	-107.191551
19828.125000	-107.372238
19833.984375	-108.404480
19839.843750	-108.616341
19845.703125	-108.907600
19851.562500	-107.771187
19857.421875	-107.758461
19863.281250	-108.299675
19869.140625	-107.795975
19875.000000	-108.498276
19880.859375	-109.387032
19886.718750	-107.374016
19892.578125	-107.840462
19898.437500	-108.425102
19904.296875	-108.545837
19910.156250	-108.550224
19916.015625	-107.688408
19921.875000	-107.073647
19927.734375	-108.084457
19933.593750	-108.063522
19939.453125	-110.083733
19945.312500	-108.856880
19951.171875	-107.895363
19957.031250	-107.397392
19962.890625	-107.494614
19968.750000	-106.795464
19974.609375	-106.715698
19980.468750	-108.215187
19986.328125	-109.536873
19992.187500	-110.045074
19998.046875	-108.407646
20003.906250	-107.436935
20009.765625	-107.699173
20015.625000	-108.195976
20021.484375	-107.710709
20027.343750	-107.695648
20033.203125	-107.763100
20039.062500	-107.607971
20044.921875	-108.085304
20050.781250	-107.703911
20056.640625	-107.657211
20062.500000	-107.794373
20068.359375	-108.099236
20074.218750	-107.906532
20080.078125	-108.378838
20085.937500	-109.131218
20091.796875	-109.073631
20097.656250	-108.685478
20103.515625	-109.298477
20109.375000	-107.765808
20115.234375	-108.413933
20121.093750	-109.664001
20126.953125	-107.884460
20132.812500	-107.908287
20138.671875	-108.102882
20144.531250	-108.757355
20150.390625	-107.425682
20156.250000	-107.846207
20162.109375	-106.756264
20167.968750	-108.392899
20173.828125	-108.824112
20179.687500	-108.323822
20185.546875	-108.265877
20191.406250	-108.164894
20197.265625	-107.257965
20203.125000	-108.175156
20208.984375	-107.623642
20214.843750	-107.568413
20220.703125	-108.441391
20226.562500	-108.553093
20232.421875	-108.555946
20238.281250	-109.468430
20244.140625	-108.771294
20250.000000	-107.786400
20255.859375	-106.170258
20261.718750	-106.460617
20267.578125	-108.676247
20273.437500	-108.973679
20279.296875	-107.788963
20285.156250	-106.964798
20291.015625	-108.329201
20296.875000	-107.847961
20302.734375	-108.580284
20308.593750	-109.141846
20314.453125	-108.906479
20320.312500	-108.495598
20326.171875	-108.173553
20332.031250	-107.252769
20337.890625	-107.229691
20343.750000	-107.662384
20349.609375	-108.378326
20355.468750	-107.897621
20361.328125	-107.111122
20367.187500	-107.034065
20373.046875	-106.457138
20378.906250	-107.012306
20384.765625	-107.876831
20390.625000	-108.916710
20396.484375	-108.470703
20402.343750	-107.314308
20408.203125	-108.499680
20414.062500	-109.406464
20419.921875	-108.801109
20425.781250	-109.078194
20431.640625	-108.036346
20437.500000	-106.868446
20443.359375	-106.492683
20449.218750	-108.129730
20455.078125	-109.914139
20460.937500	-108.688416
20466.796875	-107.461800
20472.656250	-107.901878
20478.515625	-108.702690
20484.375000	-108.064583
20490.234375	-106.880890
20496.093750	-107.090065
20501.953125	-107.761459
20507.812500	-107.870529
20513.671875	-107.962036
20519.531250	-108.263115
20525.390625	-107.991287
20531.250000	-108.253723
20537.109375	-107.422966
20542.968750	-107.681984
20548.828125	-108.491585
20554.687500	-109.051361
20560.546875	-107.999062
20566.406250	-107.350441
20572.265625	-107.379959
20578.125000	-108.226547
20583.984375	-108.979950
20589.843750	-108.710014
20595.703125	-108.899948
20601.562500	-109.682701
20607.421875	-109.098785
20613.281250	-108.316765
20619.140625	-108.811951
20625.000000	-108.169083
20630.859375	-108.560928
20636.718750	-107.805405
20642.578125	-108.287132
20648.437500	-108.355545
20654.296875	-108.529648
20660.156250	-107.972054
20666.015625	-109.080132
20671.875000	-108.197182
20677.734375	-107.608147
20683.593750	-108.228203
20689.453125	-109.201759
20695.312500	-108.417557
20701.171875	-108.035484
20707.031250	-107.355179
20712.890625	-108.838768
20718.750000	-108.929810
20724.609375	-108.150948
20730.468750	-108.070786
20736.328125	-108.642754
20742.187500	-109.476753
20748.046875	-108.926651
20753.906250	-107.692169
20759.765625	-108.318893
20765.625000	-109.288330
20771.484375	-109.059448
20777.343750	-109.102592
20783.203125	-109.840126
20789.062500	-109.102577
20794.921875	-107.920845
20800.781250	-108.081039
20806.640625	-107.702873
20812.500000	-107.816856
20818.359375	-108.331497
20824.218750	-109.263573
20830.078125	-109.523468
20835.937500	-109.334862
20841.796875	-109.775467
20847.656250	-108.267090
20853.515625	-107.679253
20859.375000	-106.073067
20865.234375	-107.203636
20871.093750	-108.081718
20876.953125	-108.942574
20882.812500	-108.714226
20888.671875	-108.053177
20894.531250	-108.141289
20900.390625	-107.800507
20906.250000	-108.345230
20912.109375	-108.536430
20917.968750	-107.950996
20923.828125	-108.994400
20929.687500	-109.732536
20935.546875	-108.993195
20941.406250	-109.032875
20947.265625	-107.725601
20953.125000	-106.779449
20958.984375	-108.365021
20964.843750	-108.603508
20970.703125	-107.621742
20976.562500	-107.916130
20982.421875	-108.638878
20988.281250	-108.553352
20994.140625	-107.782898
21000.000000	-107.606819
21005.859375	-108.186867
21011.718750	-108.696236
21017.578125	-108.286354
21023.437500	-107.813324
21029.296875	-108.549736
21035.156250	-109.194412
21041.015625	-107.693611
21046.875000	-109.127533
21052.734375	-108.444878
21058.593750	-108.918938
21064.453125	-109.671875
21070.312500	-107.633881
21076.171875	-106.546402
21082.031250	-107.416222
21087.890625	-108.128670
21093.750000	-107.278755
21099.609375	-109.128708
21105.468750	-109.407188
21111.328125	-109.371727
21117.187500	-109.775444
21123.046875	-108.910400
21128.906250	-109.052231
21134.765625	-108.781410
21140.625000	-108.330635
21146.484375	-108.263390
21152.343750	-108.481094
21158.203125	-108.874397
21164.062500	-108.461128
21169.921875	-108.148918
21175.781250	-109.779221
21181.640625	-110.642944
21187.500000	-111.569458
21193.359375	-110.069916
21199.218750	-110.116287
21205.078125	-109.210701
21210.937500	-109.218880
21216.796875	-109.379326
21222.656250	-109.121574
21228.515625	-108.611298
21234.375000	-108.157997
21240.234375	-109.009995
21246.093750	-108.339958
21251.953125	-108.361916
21257.812500	-108.758011
21263.671875	-109.566078
21269.531250	-109.072350
21275.390625	-108.433685
21281.250000	-107.727356
21287.109375	-108.367233
21292.968750	-108.792892
21298.828125	-109.114197
21304.687500	-109.547112
21310.546875	-109.179970
21316.406250	-108.386986
21322.265625	-108.072586
21328.125000	-107.967766
21333.984375	-108.417435
21339.843750	-108.983856
21345.703125	-110.116455
21351.562500	-110.625435
21357.421875	-109.962639
21363.281250	-108.655052
21369.140625	-107.955002
21375.000000	-107.637962
21380.859375	-109.312019
21386.718750	-110.391518
21392.578125	-109.676521
21398.437500	-109.089600
21404.296875	-109.573975
21410.156250	-110.051712
21416.015625	-109.869080
21421.875000	-109.917358
21427.734375	-109.465172
21433.593750	-109.845551
21439.453125	-109.284698
21445.312500	-109.857147
21451.171875	-110.390945
21457.031250	-109.134712
21462.890625	-108.262726
21468.750000	-108.627823
21474.609375	-109.689476
21480.468750	-109.398109
21486.328125	-109.849754
21492.187500	-109.697144
21498.046875	-110.619583
21503.906250	-109.376984
21509.765625	-108.021080
21515.625000	-108.726021
21521.484375	-108.455139
21527.343750	-109.130325
21533.203125	-109.854156
21539.062500	-109.467140
21544.921875	-110.873665
21550.781250	-110.077560
21556.640625	-109.405334
21562.500000	-110.020828
21568.359375	-110.258484
21574.218750	-110.481964
21580.078125	-110.604912
21585.937500	-109.897369
21591.796875	-110.063438
21597.656250	-110.602089
21603.515625	-110.799744
21609.375000	-111.485970
21615.234375	-110.922646
21621.093750	-110.290314
21626.953125	-110.217987
21632.812500	-110.709991
21638.671875	-110.628105
21644.531250	-109.427063
21650.390625	-108.602951
21656.250000	-108.952675
21662.109375	-109.474632
21667.968750	-109.781120
21673.828125	-110.048996
21679.687500	-109.599785
21685.546875	-111.078331
21691.406250	-110.996117
21697.265625	-109.732765
21703.125000	-110.101089
21708.984375	-111.499977
21714.843750	-110.220856
21720.703125	-110.682289
21726.562500	-112.207314
21732.421875	-113.257301
21738.281250	-110.867027
21744.140625	-108.939438
21750.000000	-109.409531
21755.859375	-110.247261
21761.718750	-111.347855
21767.578125	-112.610199
21773.437500	-111.930084
21779.296875	-111.000610
21785.156250	-110.549454
21791.015625	-109.571518
21796.875000	-109.652397
21802.734375	-111.172386
21808.593750	-110.873779
21814.453125	-111.346779
21820.312500	-111.820015
21826.171875	-111.022156
21832.031250	-111.536644
21837.890625	-111.104416
21843.750000	-111.092232
21849.609375	-111.042183
21855.468750	-110.261009
21861.328125	-110.365074
21867.187500	-111.040565
21873.046875	-110.684807
21878.906250	-110.400749
21884.765625	-109.825859
21890.625000	-109.940697
21896.484375	-110.768623
21902.343750	-110.529259
21908.203125	-111.047485
21914.062500	-111.335335
21919.921875	-111.210945
21925.781250	-111.493713
21931.640625	-112.665123
21937.500000	-111.166214
21943.359375	-111.425896
21949.218750	-113.032051
21955.078125	-112.545494
21960.937500	-111.948280
21966.796875	-111.828247
21972.656250	-110.922607
21978.515625	-112.074318
21984.375000	-113.017052
21990.234375	-112.814896
21996.093750	-112.884193
22001.953125	-111.428337
22007.812500	-111.887344
22013.671875	-111.003990
22019.531250	-111.173859
22025.390625	-112.272530
22031.250000	-111.270729
22037.109375	-111.162361
22042.968750	-112.911819
22048.828125	-113.125267
22054.687500	-112.701096
22060.546875	-112.102028
22066.406250	-112.098740
22072.265625	-111.687782
22078.125000	-111.207382
22083.984375	-111.685532
22089.843750	-112.060814
22095.703125	-111.894943
22101.562500	-112.007874
22107.421875	-112.255592
22113.281250	-112.753838
22119.140625	-112.952133
22125.000000	-112.848610
22130.859375	-112.414009
22136.718750	-112.244919
22142.578125	-112.684288
22148.437500	-112.874260
22154.296875	-114.474747
22160.156250	-112.952690
22166.015625	-112.297501
22171.875000	-112.078354
22177.734375	-111.445663
22183.593750	-112.496742
22189.453125	-113.820129
22195.312500	-114.537407
22201.171875	-114.245918
22207.031250	-112.706451
22212.890625	-112.834465
22218.750000	-112.851891
22224.609375	-113.753433
22230.468750	-113.974495
22236.328125	-114.135132
22242.187500	-114.698524
22248.046875	-114.170265
22253.906250	-113.604050
22259.765625	-113.302757
22265.625000	-114.343193
22271.484375	-112.332993
22277.343750	-111.814926
22283.203125	-114.166313
22289.062500	-115.061737
22294.921875	-113.897125
22300.781250	-114.175514
22306.640625	-114.680687
22312.500000	-113.677925
22318.359375	-113.477539
22324.218750	-114.384407
22330.078125	-113.988998
22335.937500	-114.735825
22341.796875	-115.808418
22347.656250	-114.420074
22353.515625	-113.108856
22359.375000	-112.213898
22365.234375	-113.049538
22371.093750	-113.817009
22376.953125	-114.632637
22382.812500	-115.540848
22388.671875	-114.721039
22394.531250	-114.123886
22400.390625	-113.586464
22406.250000	-114.935478
22412.109375	-114.104843
22417.968750	-114.621155
22423.828125	-114.946297
22429.687500	-113.738609
22435.546875	-113.767014
22441.406250	-114.231583
22447.265625	-114.526665
22453.125000	-114.897598
22458.984375	-114.523277
22464.843750	-114.712784
22470.703125	-115.701576
22476.562500	-115.397339
22482.421875	-115.523193
22488.281250	-115.053368
22494.140625	-113.794334
22500.000000	-115.196968
22505.859375	-115.047569
22511.718750	-115.215553
22517.578125	-115.532974
22523.437500	-116.579704
22529.296875	-116.841896
22535.156250	-116.448883
22541.015625	-115.368408
22546.875000	-115.866402
22552.734375	-116.657852
22558.593750	-116.645149
22564.453125	-118.735779
22570.312500	-122.360725
22576.171875	-124.277679
22582.031250	-127.629677
22587.890625	-130.014877
22593.750000	-132.090500
22599.609375	-131.898331
22605.468750	-132.594879
22611.328125	-134.330856
22617.187500	-133.814590
22623.046875	-131.428680
22628.906250	-130.287155
22634.765625	-130.728409
22640.625000	-130.314148
22646.484375	-129.562164
22652.343750	-129.723801
22658.203125	-130.842239
22664.062500	-131.587128
22669.921875	-130.481583
22675.781250	-131.184555
22681.640625	-131.518112
22687.500000	-132.403091
22693.359375	-132.230499
22699.218750	-132.902435
22705.078125	-131.560745
22710.937500	-131.316940
22716.796875	-131.009598
22722.656250	-130.937653
22728.515625	-130.681335
22734.375000	-131.638580
22740.234375	-132.274796
22746.093750	-132.083557
22751.953125	-130.857132
22757.812500	-131.119415
22763.671875	-131.493271
22769.531250	-131.668716
22775.390625	-130.809357
22781.250000	-130.056732
22787.109375	-130.610962
22792.968750	-130.988739
22798.828125	-129.502579
22804.687500	-130.207092
22810.546875	-131.414047
22816.406250	-132.321091
22822.265625	-130.656448
22828.125000	-129.813614
22833.984375	-129.557800
22839.843750	-130.638336
22845.703125	-131.944672
22851.562500	-130.840118
22857.421875	-130.640656
22863.281250	-131.178436
22869.140625	-130.734528
22875.000000	-130.947495
22880.859375	-129.817261
22886.718750	-130.842026
22892.578125	-130.783005
22898.437500	-130.788742
22904.296875	-130.270676
22910.156250	-130.369186
22916.015625	-129.053726
22921.875000	-130.127411
22927.734375	-130.293060
22933.593750	-130.441422
22939.453125	-130.623520
22945.312500	-131.823227
22951.171875	-133.067947
22957.031250	-132.027054
22962.890625	-131.363052
22968.750000	-129.877884
22974.609375	-129.739456
22980.468750	-129.877487
22986.328125	-130.148468
22992.187500	-131.403931
22998.046875	-131.515182
23003.906250	-130.878906
23009.765625	-130.292114
23015.625000	-130.504440
23021.484375	-130.199341
23027.343750	-130.299545
23033.203125	-131.484741
23039.062500	-130.941879
23044.921875	-131.694077
23050.781250	-131.428574
23056.640625	-131.601791
23062.500000	-131.211288
23068.359375	-129.946320
23074.218750	-130.451370
23080.078125	-132.056290
23085.937500	-132.098923
23091.796875	-131.548447
23097.656250	-130.464935
23103.515625	-130.040695
23109.375000	-130.614243
23115.234375	-130.691833
23121.093750	-131.465591
23126.953125	-132.116592
23132.812500	-131.049942
23138.671875	-131.132309
23144.531250	-130.899628
23150.390625	-132.055893
23156.250000	-132.084137
23162.109375	-131.216949
23167.968750	-131.242859
23173.828125	-129.575073
23179.687500	-130.244751
23185.546875	-131.901978
23191.406250	-132.942963
23197.265625	-131.615677
23203.125000	-130.391708
23208.984375	-131.461975
23214.843750	-130.584595
23220.703125	-130.864059
23226.562500	-130.256882
23232.421875	-131.011353
23238.281250	-130.163956
23244.140625	-130.267563
23250.000000	-131.000168
23255.859375	-131.546906
23261.718750	-131.307648
23267.578125	-130.939865
23273.437500	-130.478165
23279.296875	-130.778168
23285.156250	-130.429245
23291.015625	-130.686859
23296.875000	-131.225464
23302.734375	-130.390350
23308.593750	-130.765198
23314.453125	-131.079941
23320.312500	-131.398285
23326.171875	-131.338623
23332.031250	-130.301682
23337.890625	-129.895233
23343.750000	-131.009079
23349.609375	-130.956512
23355.468750	-132.638855
23361.328125	-132.147781
23367.187500	-131.095016
23373.046875	-130.690979
23378.906250	-131.828064
23384.765625	-132.614548
23390.625000	-130.710648
23396.484375	-130.416107
23402.343750	-129.541092
23408.203125	-130.710266
23414.062500	-130.592651
23419.921875	-131.618774
23425.781250	-131.655563
23431.640625	-131.752441
23437.500000	-131.428635
23443.359375	-130.875366
23449.218750	-129.321243
23455.078125	-129.486023
23460.937500	-130.990250
23466.796875	-132.585999
23472.656250	-132.812637
23478.515625	-131.359833
23484.375000	-131.246262
23490.234375	-130.984558
23496.093750	-130.986893
23501.953125	-130.451233
23507.812500	-130.263306
23513.671875	-131.372040
23519.531250	-132.515213
23525.390625	-132.426773
23531.250000	-130.529861
23537.109375	-131.458710
23542.968750	-132.287415
23548.828125	-133.268768
23554.687500	-132.808289
23560.546875	-131.901062
23566.406250	-131.165283
23572.265625	-131.713425
23578.125000	-132.625931
23583.984375	-132.249695
23589.843750	-133.032074
23595.703125	-131.339066
23601.562500	-130.978561
23607.421875	-130.629684
23613.281250	-129.867569
23619.140625	-130.611847
23625.000000	-130.615173
23630.859375	-130.069885
23636.718750	-130.058487
23642.578125	-130.125473
23648.437500	-131.104324
23654.296875	-131.246262
23660.156250	-130.842728
23666.015625	-130.191238
23671.875000	-129.058884
23677.734375	-130.072861
23683.593750	-131.833084
23689.453125	-132.307220
23695.312500	-131.379349
23701.171875	-131.214127
23707.031250	-132.053177
23712.890625	-131.284882
23718.750000	-132.561661
23724.609375	-132.882828
23730.468750	-132.074417
23736.328125	-131.142349
23742.187500	-131.847794
23748.046875	-130.411514
23753.906250	-131.075912
23759.765625	-131.076355
23765.625000	-131.377182
23771.484375	-131.489563
23777.343750	-132.799728
23783.203125	-130.610641
23789.062500	-129.863602
23794.921875	-131.695969
23800.781250	-133.583832
23806.640625	-131.806747
23812.500000	-129.817551
23818.359375	-129.337448
23824.218750	-130.124374
23830.078125	-131.505783
23835.937500	-130.514954
23841.796875	-131.211029
23847.656250	-131.827713
23853.515625	-130.349518
23859.375000	-130.344070
23865.234375	-129.945175
23871.093750	-130.040466
23876.953125	-131.976074
23882.812500	-131.944687
23888.671875	-130.483780
23894.531250	-131.539703
23900.390625	-132.391663
23906.250000	-132.562622
23912.109375	-130.536865
23917.968750	-130.650574
23923.828125	-131.147079
23929.687500	-131.447617
23935.546875	-131.287292
23941.406250	-131.488266
23947.265625	-130.594208
23953.125000	-131.776199
23958.984375	-130.505997
23964.843750	-129.877777
23970.703125	-129.150101
23976.562500	-130.223373
23982.421875	-130.705704
23988.281250	-131.693954
23994.140625	-132.549698
