频率 (Hz)	电平 (dB)
5.859375	-94.887390
11.718750	-92.364441
17.578125	-92.079788
23.437500	-93.723595
29.296875	-89.201347
35.156250	-83.123787
41.015625	-85.501442
46.875000	-85.524681
52.734375	-76.833534
58.593750	-70.042099
64.453125	-65.398270
70.312500	-56.722466
76.171875	-51.101177
82.031250	-51.224636
87.890625	-49.552586
93.750000	-42.033054
99.609375	-40.963581
105.468750	-51.177750
111.328125	-56.594620
117.187500	-53.559662
123.046875	-51.997887
128.906250	-52.197460
134.765625	-49.794548
140.625000	-52.284687
146.484375	-55.230045
152.343750	-53.126778
158.203125	-53.991463
164.062500	-56.507420
169.921875	-52.712460
175.781250	-49.005619
181.640625	-50.297089
187.500000	-42.503357
193.359375	-37.347534
199.218750	-39.506355
205.078125	-46.651875
210.937500	-53.395100
216.796875	-49.681931
222.656250	-50.857105
228.515625	-54.604740
234.375000	-54.759918
240.234375	-56.511307
246.093750	-55.283310
251.953125	-53.979195
257.812500	-56.676899
263.671875	-57.730854
269.531250	-53.210476
275.390625	-53.958324
281.250000	-49.959614
287.109375	-47.547390
292.968750	-50.983349
298.828125	-54.616100
304.687500	-56.397854
310.546875	-56.661671
316.406250	-60.678810
322.265625	-58.491348
328.125000	-58.137959
333.984375	-58.332329
339.843750	-57.935230
345.703125	-61.501369
351.562500	-60.243004
357.421875	-57.844387
363.281250	-58.573830
369.140625	-56.589565
375.000000	-56.793636
380.859375	-53.131744
386.718750	-47.600937
392.578125	-49.501732
398.437500	-57.014790
404.296875	-61.613838
410.156250	-64.080528
416.015625	-62.169682
421.875000	-62.876812
427.734375	-62.658302
433.593750	-63.452995
439.453125	-64.176247
445.312500	-64.964348
451.171875	-62.720901
457.031250	-61.088093
462.890625	-61.536568
468.750000	-58.924393
474.609375	-56.225666
480.468750	-53.926659
486.328125	-52.104645
492.187500	-55.822819
498.046875	-60.001698
503.906250	-58.820560
509.765625	-58.930565
515.625000	-60.543182
521.484375	-59.244484
527.343750	-59.274040
533.203125	-61.109989
539.062500	-60.289772
544.921875	-59.385742
550.781250	-60.210083
556.640625	-57.791527
562.500000	-57.374821
568.359375	-56.186081
574.218750	-56.199032
580.078125	-54.521389
585.937500	-52.578625
591.796875	-54.599407
597.656250	-58.415813
603.515625	-60.190830
609.375000	-59.739323
615.234375	-58.104866
621.093750	-59.791805
626.953125	-60.984089
632.812500	-60.971626
638.671875	-61.169521
644.531250	-57.384312
650.390625	-54.662228
656.250000	-54.740368
662.109375	-56.535072
667.968750	-56.485161
673.828125	-55.732883
679.687500	-53.575897
685.546875	-54.394840
691.406250	-57.874027
697.265625	-60.034637
703.125000	-60.460468
708.984375	-59.321804
714.843750	-59.911118
720.703125	-60.863796
726.562500	-60.630226
732.421875	-61.236763
738.281250	-62.721367
744.140625	-60.839336
750.000000	-57.588421
755.859375	-54.331764
761.718750	-54.114807
767.578125	-55.291996
773.437500	-56.242363
779.296875	-56.127159
785.156250	-59.237873
791.015625	-58.757679
796.875000	-58.567928
802.734375	-56.702343
808.593750	-56.595432
814.453125	-57.503124
820.312500	-59.790035
826.171875	-59.680378
832.031250	-60.009834
837.890625	-60.958401
843.750000	-58.357552
849.609375	-56.564220
855.468750	-59.073677
861.328125	-58.868656
867.187500	-56.911972
873.046875	-55.482883
878.906250	-55.041241
884.765625	-54.850872
890.625000	-57.819328
896.484375	-59.144676
902.343750	-58.924267
908.203125	-58.610039
914.062500	-59.518818
919.921875	-57.945122
925.781250	-57.380199
931.640625	-57.857491
937.500000	-59.207703
943.359375	-58.871284
949.218750	-57.368008
955.078125	-56.896435
960.937500	-56.552406
966.796875	-56.569305
972.656250	-56.756626
978.515625	-57.438908
984.375000	-60.021717
990.234375	-60.872402
996.093750	-59.255100
1001.953125	-60.570938
1007.812500	-61.246841
1013.671875	-61.112038
1019.531250	-61.107269
1025.390625	-60.224419
1031.250000	-58.474655
1037.109375	-57.147469
1042.968750	-56.608654
1048.828125	-55.016701
1054.687500	-57.322536
1060.546875	-58.205853
1066.406250	-55.265724
1072.265625	-55.297333
1078.125000	-58.520916
1083.984375	-57.141678
1089.843750	-55.735260
1095.703125	-57.928150
1101.562500	-58.746178
1107.421875	-59.194664
1113.281250	-59.378822
1119.140625	-59.015121
1125.000000	-59.059521
1130.859375	-59.406929
1136.718750	-58.744354
1142.578125	-57.885040
1148.437500	-57.561508
1154.296875	-57.988007
1160.156250	-59.326866
1166.015625	-57.977894
1171.875000	-56.460506
1177.734375	-57.889194
1183.593750	-59.258423
1189.453125	-59.554375
1195.312500	-60.625671
1201.171875	-61.165180
1207.031250	-59.342850
1212.890625	-59.199375
1218.750000	-58.376743
1224.609375	-57.373135
1230.468750	-59.847855
1236.328125	-58.734699
1242.187500	-58.056175
1248.046875	-58.530186
1253.906250	-56.661404
1259.765625	-56.289066
1265.625000	-57.689041
1271.484375	-57.730026
1277.343750	-58.885357
1283.203125	-59.449654
1289.062500	-59.354507
1294.921875	-59.475266
1300.781250	-59.052017
1306.640625	-58.276379
1312.500000	-58.813087
1318.359375	-59.496353
1324.218750	-59.252609
1330.078125	-59.360146
1335.937500	-58.116684
1341.796875	-57.190929
1347.656250	-58.910492
1353.515625	-58.449398
1359.375000	-56.137360
1365.234375	-56.946472
1371.093750	-59.406605
1376.953125	-60.315460
1382.812500	-59.580036
1388.671875	-58.684063
1394.531250	-59.493492
1400.390625	-59.102932
1406.250000	-59.346012
1412.109375	-59.792301
1417.968750	-59.838039
1423.828125	-60.142273
1429.687500	-60.282070
1435.546875	-61.560947
1441.406250	-60.902172
1447.265625	-58.242565
1453.125000	-58.743671
1458.984375	-58.488499
1464.843750	-59.653671
1470.703125	-59.441891
1476.562500	-58.389225
1482.421875	-58.860237
1488.281250	-58.526054
1494.140625	-58.435478
1500.000000	-57.482410
1505.859375	-57.357216
1511.718750	-57.986752
1517.578125	-59.153965
1523.437500	-60.570179
1529.296875	-58.983467
1535.156250	-59.008949
1541.015625	-57.814934
1546.875000	-56.766644
1552.734375	-57.147484
1558.593750	-57.571487
1564.453125	-57.868046
1570.312500	-59.304176
1576.171875	-58.225307
1582.031250	-57.769531
1587.890625	-58.147499
1593.750000	-59.695187
1599.609375	-60.638561
1605.468750	-61.412769
1611.328125	-59.801685
1617.187500	-57.931953
1623.046875	-57.737976
1628.906250	-58.573334
1634.765625	-58.183006
1640.625000	-57.513466
1646.484375	-56.537086
1652.343750	-55.221649
1658.203125	-57.654243
1664.062500	-57.582829
1669.921875	-57.196617
1675.781250	-57.336323
1681.640625	-58.201710
1687.500000	-58.581707
1693.359375	-57.799721
1699.218750	-57.129581
1705.078125	-57.092354
1710.937500	-57.232594
1716.796875	-59.001930
1722.656250	-60.148678
1728.515625	-58.729237
1734.375000	-57.181778
1740.234375	-55.579163
1746.093750	-54.130344
1751.953125	-54.471546
1757.812500	-56.632332
1763.671875	-57.715649
1769.531250	-57.560333
1775.390625	-57.495617
1781.250000	-57.254887
1787.109375	-56.465672
1792.968750	-57.199589
1798.828125	-58.450130
1804.687500	-58.662865
1810.546875	-57.852470
1816.406250	-57.501492
1822.265625	-56.883133
1828.125000	-57.512707
1833.984375	-59.160938
1839.843750	-58.044056
1845.703125	-54.273296
1851.562500	-53.840412
1857.421875	-58.060860
1863.281250	-57.931549
1869.140625	-58.425686
1875.000000	-58.681725
1880.859375	-58.036339
1886.718750	-58.458546
1892.578125	-59.332241
1898.437500	-59.167362
1904.296875	-57.927055
1910.156250	-57.952290
1916.015625	-57.773434
1921.875000	-56.929764
1927.734375	-57.029957
1933.593750	-57.272453
1939.453125	-56.252804
1945.312500	-56.039200
1951.171875	-56.927284
1957.031250	-57.070541
1962.890625	-57.007904
1968.750000	-57.828667
1974.609375	-58.469868
1980.468750	-58.518375
1986.328125	-59.265728
1992.187500	-58.005672
1998.046875	-56.770454
2003.906250	-57.425014
2009.765625	-57.257965
2015.625000	-57.990406
2021.484375	-57.389397
2027.343750	-56.134449
2033.203125	-56.015728
2039.062500	-56.066307
2044.921875	-57.347664
2050.781250	-56.515331
2056.640625	-56.860447
2062.500000	-56.834686
2068.359375	-57.939655
2074.218750	-58.266609
2080.078125	-59.265232
2085.937500	-58.163177
2091.796875	-57.573650
2097.656250	-58.375286
2103.515625	-57.835201
2109.375000	-57.635609
2115.234375	-57.561142
2121.093750	-56.797333
2126.953125	-56.794975
2132.812500	-57.319477
2138.671875	-58.620277
2144.531250	-58.839260
2150.390625	-57.417103
2156.250000	-57.040398
2162.109375	-57.175888
2167.968750	-57.990982
2173.828125	-57.652538
2179.687500	-56.690948
2185.546875	-57.010288
2191.406250	-57.628643
2197.265625	-57.204529
2203.125000	-56.788177
2208.984375	-57.820309
2214.843750	-58.008694
2220.703125	-57.832542
2226.562500	-58.286797
2232.421875	-58.472355
2238.281250	-60.001736
2244.140625	-59.405079
2250.000000	-59.364792
2255.859375	-59.291756
2261.718750	-59.903553
2267.578125	-60.990032
2273.437500	-60.382515
2279.296875	-60.039982
2285.156250	-59.916885
2291.015625	-58.933102
2296.875000	-58.555523
2302.734375	-58.863697
2308.593750	-58.465847
2314.453125	-59.172108
2320.312500	-59.956139
2326.171875	-59.915665
2332.031250	-59.090862
2337.890625	-59.767040
2343.750000	-60.336437
2349.609375	-60.502819
2355.468750	-60.070549
2361.328125	-60.258541
2367.187500	-61.598545
2373.046875	-61.864639
2378.906250	-61.910881
2384.765625	-60.896599
2390.625000	-60.529427
2396.484375	-60.753159
2402.343750	-61.779350
2408.203125	-62.487183
2414.062500	-62.293030
2419.921875	-62.053497
2425.781250	-60.929478
2431.640625	-59.707073
2437.500000	-59.057541
2443.359375	-60.085907
2449.218750	-60.865490
2455.078125	-62.014774
2460.937500	-62.135349
2466.796875	-63.012840
2472.656250	-61.382584
2478.515625	-61.492939
2484.375000	-61.472950
2490.234375	-60.795258
2496.093750	-60.640717
2501.953125	-61.121132
2507.812500	-61.233406
2513.671875	-60.952602
2519.531250	-62.029652
2525.390625	-61.095154
2531.250000	-60.804680
2537.109375	-60.731228
2542.968750	-61.782505
2548.828125	-62.411007
2554.687500	-61.996136
2560.546875	-62.345547
2566.406250	-62.435505
2572.265625	-62.189991
2578.125000	-62.597092
2583.984375	-62.290676
2589.843750	-61.688457
2595.703125	-61.990185
2601.562500	-62.483475
2607.421875	-62.478661
2613.281250	-62.658154
2619.140625	-63.604908
2625.000000	-63.550228
2630.859375	-63.231445
2636.718750	-62.645649
2642.578125	-63.660431
2648.437500	-64.575447
2654.296875	-64.600578
2660.156250	-63.510181
2666.015625	-63.036587
2671.875000	-63.780674
2677.734375	-63.608009
2683.593750	-63.561775
2689.453125	-64.179947
2695.312500	-63.088673
2701.171875	-61.708096
2707.031250	-63.067738
2712.890625	-63.398895
2718.750000	-62.320469
2724.609375	-61.199913
2730.468750	-61.768303
2736.328125	-62.547630
2742.187500	-62.723373
2748.046875	-63.018024
2753.906250	-63.010967
2759.765625	-62.496864
2765.625000	-63.738514
2771.484375	-63.916363
2777.343750	-61.973293
2783.203125	-61.549202
2789.062500	-62.737148
2794.921875	-63.846371
2800.781250	-63.753971
2806.640625	-62.804626
2812.500000	-62.787998
2818.359375	-63.022228
2824.218750	-63.239639
2830.078125	-62.689518
2835.937500	-62.269073
2841.796875	-62.317829
2847.656250	-62.963081
2853.515625	-61.875568
2859.375000	-61.612595
2865.234375	-61.918404
2871.093750	-63.126453
2876.953125	-63.078388
2882.812500	-62.814743
2888.671875	-63.866611
2894.531250	-63.348217
2900.390625	-62.051044
2906.250000	-63.587944
2912.109375	-63.788612
2917.968750	-63.580509
2923.828125	-64.240677
2929.687500	-64.141823
2935.546875	-63.707523
2941.406250	-63.601604
2947.265625	-63.971645
2953.125000	-63.828613
2958.984375	-63.802074
2964.843750	-63.379253
2970.703125	-62.355049
2976.562500	-64.025902
2982.421875	-63.102165
2988.281250	-63.325954
2994.140625	-64.089340
3000.000000	-63.310982
3005.859375	-63.040573
3011.718750	-63.283615
3017.578125	-63.374149
3023.437500	-63.736313
3029.296875	-64.169655
3035.156250	-64.434219
3041.015625	-64.599182
3046.875000	-64.296387
3052.734375	-64.242996
3058.593750	-64.995651
3064.453125	-64.861053
3070.312500	-64.116295
3076.171875	-65.034630
3082.031250	-65.401848
3087.890625	-65.704231
3093.750000	-64.643463
3099.609375	-64.602264
3105.468750	-65.653893
3111.328125	-66.966225
3117.187500	-66.564262
3123.046875	-65.986160
3128.906250	-65.816093
3134.765625	-65.050911
3140.625000	-64.456863
3146.484375	-65.129761
3152.343750	-66.806160
3158.203125	-66.852913
3164.062500	-66.302330
3169.921875	-65.707207
3175.781250	-66.044334
3181.640625	-66.719040
3187.500000	-66.260239
3193.359375	-65.217201
3199.218750	-66.357155
3205.078125	-66.961098
3210.937500	-66.566452
3216.796875	-67.214653
3222.656250	-67.216141
3228.515625	-65.382088
3234.375000	-65.070389
3240.234375	-65.417427
3246.093750	-65.601997
3251.953125	-66.460907
3257.812500	-65.946953
3263.671875	-66.190903
3269.531250	-66.737122
3275.390625	-65.190239
3281.250000	-64.732521
3287.109375	-65.237625
3292.968750	-65.544899
3298.828125	-66.985703
3304.687500	-67.114372
3310.546875	-66.781181
3316.406250	-66.958664
3322.265625	-66.490158
3328.125000	-65.814438
3333.984375	-66.185600
3339.843750	-65.603439
3345.703125	-65.375359
3351.562500	-66.939743
3357.421875	-67.569183
3363.281250	-66.348740
3369.140625	-65.428673
3375.000000	-65.779488
3380.859375	-65.382919
3386.718750	-66.240715
3392.578125	-66.929962
3398.437500	-67.056358
3404.296875	-67.390198
3410.156250	-66.722603
3416.015625	-66.083038
3421.875000	-66.155273
3427.734375	-67.147202
3433.593750	-67.158623
3439.453125	-66.562805
3445.312500	-66.589973
3451.171875	-67.191360
3457.031250	-66.985489
3462.890625	-67.430786
3468.750000	-66.123627
3474.609375	-65.938515
3480.468750	-66.495369
3486.328125	-66.921349
3492.187500	-67.768974
3498.046875	-67.080856
3503.906250	-66.425461
3509.765625	-67.056007
3515.625000	-68.323799
3521.484375	-67.202553
3527.343750	-66.798218
3533.203125	-67.299088
3539.062500	-67.856018
3544.921875	-67.982338
3550.781250	-67.561531
3556.640625	-65.773018
3562.500000	-66.582924
3568.359375	-67.242699
3574.218750	-67.392662
3580.078125	-67.817261
3585.937500	-68.378632
3591.796875	-69.505791
3597.656250	-68.790573
3603.515625	-66.777466
3609.375000	-67.569168
3615.234375	-68.491493
3621.093750	-68.381180
3626.953125	-69.057037
3632.812500	-69.562958
3638.671875	-67.723923
3644.531250	-66.797737
3650.390625	-66.799232
3656.250000	-67.833870
3662.109375	-67.439743
3667.968750	-67.742317
3673.828125	-68.197418
3679.687500	-68.242920
3685.546875	-68.466331
3691.406250	-68.685410
3697.265625	-67.469460
3703.125000	-67.450081
3708.984375	-67.697639
3714.843750	-67.434647
3720.703125	-67.393822
3726.562500	-68.157440
3732.421875	-68.582718
3738.281250	-68.723907
3744.140625	-68.516098
3750.000000	-68.086639
3755.859375	-68.790993
3761.718750	-69.507668
3767.578125	-69.825401
3773.437500	-70.208534
3779.296875	-69.263855
3785.156250	-68.716980
3791.015625	-69.146317
3796.875000	-69.718849
3802.734375	-68.475166
3808.593750	-69.168388
3814.453125	-69.543945
3820.312500	-69.530159
3826.171875	-68.925499
3832.031250	-68.527145
3837.890625	-68.852188
3843.750000	-69.507278
3849.609375	-68.669769
3855.468750	-69.104065
3861.328125	-69.164551
3867.187500	-69.654945
3873.046875	-70.542114
3878.906250	-69.499924
3884.765625	-67.947800
3890.625000	-68.682098
3896.484375	-69.847794
3902.343750	-69.780624
3908.203125	-69.708984
3914.062500	-69.780685
3919.921875	-69.683823
3925.781250	-69.099464
3931.640625	-68.471519
3937.500000	-69.190933
3943.359375	-68.595871
3949.218750	-68.597389
3955.078125	-69.381935
3960.937500	-70.201080
3966.796875	-69.924904
3972.656250	-69.219902
3978.515625	-68.621933
3984.375000	-68.816559
3990.234375	-68.749405
3996.093750	-69.441940
4001.953125	-68.923340
4007.812500	-69.885315
4013.671875	-70.000137
4019.531250	-70.685791
4025.390625	-70.752480
4031.250000	-69.279350
4037.109375	-68.645973
4042.968750	-69.481064
4048.828125	-69.820206
4054.687500	-70.318413
4060.546875	-69.700111
4066.406250	-69.516014
4072.265625	-70.216232
4078.125000	-69.476395
4083.984375	-69.707970
4089.843750	-70.338020
4095.703125	-69.601402
4101.562500	-68.489677
4107.421875	-68.682770
4113.281250	-68.465363
4119.140625	-68.283554
4125.000000	-68.884407
4130.859375	-69.239830
4136.718750	-70.064232
4142.578125	-69.170815
4148.437500	-69.657791
4154.296875	-70.507782
4160.156250	-71.434891
4166.015625	-71.067635
4171.875000	-70.854813
4177.734375	-71.276405
4183.593750	-70.448349
4189.453125	-71.047409
4195.312500	-71.768959
4201.171875	-72.242920
4207.031250	-71.529976
4212.890625	-71.201591
4218.750000	-71.586578
4224.609375	-71.048744
4230.468750	-70.026077
4236.328125	-71.053650
4242.187500	-72.511322
4248.046875	-71.722145
4253.906250	-71.723152
4259.765625	-71.061333
4265.625000	-70.641899
4271.484375	-70.854385
4277.343750	-71.562378
4283.203125	-71.940697
4289.062500	-71.986488
4294.921875	-71.986153
4300.781250	-70.853218
4306.640625	-70.690697
4312.500000	-70.427124
4318.359375	-69.699928
4324.218750	-70.227417
4330.078125	-70.751617
4335.937500	-70.433685
4341.796875	-70.747841
4347.656250	-70.488495
4353.515625	-70.913490
4359.375000	-70.542702
4365.234375	-69.854881
4371.093750	-70.330696
4376.953125	-71.059158
4382.812500	-71.431839
4388.671875	-71.628868
4394.531250	-70.738327
4400.390625	-69.695496
4406.250000	-70.810120
4412.109375	-71.301216
4417.968750	-71.253983
4423.828125	-70.937119
4429.687500	-71.469063
4435.546875	-71.769150
4441.406250	-71.248650
4447.265625	-71.288925
4453.125000	-71.257927
4458.984375	-71.304726
4464.843750	-72.299355
4470.703125	-70.932846
4476.562500	-70.027779
4482.421875	-69.014320
4488.281250	-67.804939
4494.140625	-67.208244
4500.000000	-68.068390
4505.859375	-67.484390
4511.718750	-67.725937
4517.578125	-68.007431
4523.437500	-67.995506
4529.296875	-67.665367
4535.156250	-68.217499
4541.015625	-67.507484
4546.875000	-66.990318
4552.734375	-67.076569
4558.593750	-67.835922
4564.453125	-67.639366
4570.312500	-68.018616
4576.171875	-68.860649
4582.031250	-68.617218
4587.890625	-67.637291
4593.750000	-66.354088
4599.609375	-66.131485
4605.468750	-67.150383
4611.328125	-67.396614
4617.187500	-67.246513
4623.046875	-68.178596
4628.906250	-68.822289
4634.765625	-67.695518
4640.625000	-66.730255
4646.484375	-67.052963
4652.343750	-67.940880
4658.203125	-68.398338
4664.062500	-67.526184
4669.921875	-67.255119
4675.781250	-67.108704
4681.640625	-66.304672
4687.500000	-66.280846
4693.359375	-67.766617
4699.218750	-68.430260
4705.078125	-69.075333
4710.937500	-68.779236
4716.796875	-68.499977
4722.656250	-69.156700
4728.515625	-68.120552
4734.375000	-67.781700
4740.234375	-68.486526
4746.093750	-68.729401
4751.953125	-68.041878
4757.812500	-69.014359
4763.671875	-69.562485
4769.531250	-69.790764
4775.390625	-69.780037
4781.250000	-69.421585
4787.109375	-69.792725
4792.968750	-71.530579
4798.828125	-71.124763
4804.687500	-70.609924
4810.546875	-70.510353
4816.406250	-71.407585
4822.265625	-71.421516
4828.125000	-71.834908
4833.984375	-71.379784
4839.843750	-70.659561
4845.703125	-71.161278
4851.562500	-71.371246
4857.421875	-70.890663
4863.281250	-70.790817
4869.140625	-71.211716
4875.000000	-70.519188
4880.859375	-70.667480
4886.718750	-71.114655
4892.578125	-71.883919
4898.437500	-72.519211
4904.296875	-72.745186
4910.156250	-72.768578
4916.015625	-72.337654
4921.875000	-70.285881
4927.734375	-69.886917
4933.593750	-71.416161
4939.453125	-72.084480
4945.312500	-71.815010
4951.171875	-71.930237
4957.031250	-72.155876
4962.890625	-72.632767
4968.750000	-71.968430
4974.609375	-72.086517
4980.468750	-71.795471
4986.328125	-72.293724
4992.187500	-72.955544
4998.046875	-72.855370
5003.906250	-71.159210
5009.765625	-71.085205
5015.625000	-71.908508
5021.484375	-71.850281
5027.343750	-72.232193
5033.203125	-72.202560
5039.062500	-72.686119
5044.921875	-72.686279
5050.781250	-72.516708
5056.640625	-71.677139
5062.500000	-71.746696
5068.359375	-72.353127
5074.218750	-72.247711
5080.078125	-72.325294
5085.937500	-73.101074
5091.796875	-72.131638
5097.656250	-71.993904
5103.515625	-72.120529
5109.375000	-71.615021
5115.234375	-71.892685
5121.093750	-72.342461
5126.953125	-72.087128
5132.812500	-71.490814
5138.671875	-72.369255
5144.531250	-71.700638
5150.390625	-70.734291
5156.250000	-72.005974
5162.109375	-71.512383
5167.968750	-71.453972
5173.828125	-71.117027
5179.687500	-71.401543
5185.546875	-71.532921
5191.406250	-71.104713
5197.265625	-71.357819
5203.125000	-71.036247
5208.984375	-70.760826
5214.843750	-71.073471
5220.703125	-70.617493
5226.562500	-71.093422
5232.421875	-72.703194
5238.281250	-70.692390
5244.140625	-70.352081
5250.000000	-70.721245
5255.859375	-71.136917
5261.718750	-71.638077
5267.578125	-71.453476
5273.437500	-72.360413
5279.296875	-72.207657
5285.156250	-71.575325
5291.015625	-71.043541
5296.875000	-70.802094
5302.734375	-70.967476
5308.593750	-71.720055
5314.453125	-72.345428
5320.312500	-72.308327
5326.171875	-72.415474
5332.031250	-71.188858
5337.890625	-70.687256
5343.750000	-71.291092
5349.609375	-71.154198
5355.468750	-70.701439
5361.328125	-71.297951
5367.187500	-71.965393
5373.046875	-72.106697
5378.906250	-72.217178
5384.765625	-69.967148
5390.625000	-70.142914
5396.484375	-71.180405
5402.343750	-71.156609
5408.203125	-71.334137
5414.062500	-71.754547
5419.921875	-72.889542
5425.781250	-73.165909
5431.640625	-72.828667
5437.500000	-73.306190
5443.359375	-73.609306
5449.218750	-73.962273
5455.078125	-75.320015
5460.937500	-75.375488
5466.796875	-74.305107
5472.656250	-73.992630
5478.515625	-73.857101
5484.375000	-73.825951
5490.234375	-73.667877
5496.093750	-73.828430
5501.953125	-73.946861
5507.812500	-74.475723
5513.671875	-75.457001
5519.531250	-74.058769
5525.390625	-73.684082
5531.250000	-72.840866
5537.109375	-73.355034
5542.968750	-74.185181
5548.828125	-74.359528
5554.687500	-74.835197
5560.546875	-74.439613
5566.406250	-74.010185
5572.265625	-74.158760
5578.125000	-73.079704
5583.984375	-73.840820
5589.843750	-74.765640
5595.703125	-74.472443
5601.562500	-74.629364
5607.421875	-73.993484
5613.281250	-74.226570
5619.140625	-74.671844
5625.000000	-74.337692
5630.859375	-74.045929
5636.718750	-73.782639
5642.578125	-73.909950
5648.437500	-75.397324
5654.296875	-74.707306
5660.156250	-73.818756
5666.015625	-74.242455
5671.875000	-75.076256
5677.734375	-75.156746
5683.593750	-74.123459
5689.453125	-75.329300
5695.312500	-74.967896
5701.171875	-74.678032
5707.031250	-75.110596
5712.890625	-74.977760
5718.750000	-74.531784
5724.609375	-74.615601
5730.468750	-74.694595
5736.328125	-73.977837
5742.187500	-74.581802
5748.046875	-74.189255
5753.906250	-73.427063
5759.765625	-73.779152
5765.625000	-73.689316
5771.484375	-72.963173
5777.343750	-73.784607
5783.203125	-74.142670
5789.062500	-74.348099
5794.921875	-74.790207
5800.781250	-73.454720
5806.640625	-73.358749
5812.500000	-74.079910
5818.359375	-74.252151
5824.218750	-73.910866
5830.078125	-74.224625
5835.937500	-75.488106
5841.796875	-74.120018
5847.656250	-73.218735
5853.515625	-73.686020
5859.375000	-72.838814
5865.234375	-73.544243
5871.093750	-73.863945
5876.953125	-74.218704
5882.812500	-73.790405
5888.671875	-72.655067
5894.531250	-73.330971
5900.390625	-73.598572
5906.250000	-73.341400
5912.109375	-73.723457
5917.968750	-73.102066
5923.828125	-73.364647
5929.687500	-73.459801
5935.546875	-74.232056
5941.406250	-75.064796
5947.265625	-73.570175
5953.125000	-73.362617
5958.984375	-73.896027
5964.843750	-73.082802
5970.703125	-74.279137
5976.562500	-74.195740
5982.421875	-73.230026
5988.281250	-74.058594
5994.140625	-74.171265
6000.000000	-73.131210
6005.859375	-72.528854
6011.718750	-73.027817
6017.578125	-74.626190
6023.437500	-73.653778
6029.296875	-73.408035
6035.156250	-74.376213
6041.015625	-73.255478
6046.875000	-72.695221
6052.734375	-73.297745
6058.593750	-74.340736
6064.453125	-74.395729
6070.312500	-74.229614
6076.171875	-73.652550
6082.031250	-72.635330
6087.890625	-72.810745
6093.750000	-73.717209
6099.609375	-73.983528
6105.468750	-74.632721
6111.328125	-75.810005
6117.187500	-76.054375
6123.046875	-76.539047
6128.906250	-77.730530
6134.765625	-78.763908
6140.625000	-79.316856
6146.484375	-79.839882
6152.343750	-79.743835
6158.203125	-80.280922
6164.062500	-79.688354
6169.921875	-78.900795
6175.781250	-78.803001
6181.640625	-79.460037
6187.500000	-79.406448
6193.359375	-79.615776
6199.218750	-80.112862
6205.078125	-80.957161
6210.937500	-80.171814
6216.796875	-79.631042
6222.656250	-78.967590
6228.515625	-78.610962
6234.375000	-79.315063
6240.234375	-79.752197
6246.093750	-79.611763
6251.953125	-79.961380
6257.812500	-79.521667
6263.671875	-78.869484
6269.531250	-79.004013
6275.390625	-79.311722
6281.250000	-78.620575
6287.109375	-78.715553
6292.968750	-78.843849
6298.828125	-78.891609
6304.687500	-79.282143
6310.546875	-79.744118
6316.406250	-79.646370
6322.265625	-79.842972
6328.125000	-79.223373
6333.984375	-78.765869
6339.843750	-78.936722
6345.703125	-79.086052
6351.562500	-78.792442
6357.421875	-79.241592
6363.281250	-79.365623
6369.140625	-79.468643
6375.000000	-79.996811
6380.859375	-80.456917
6386.718750	-79.753395
6392.578125	-79.622711
6398.437500	-80.075241
6404.296875	-79.773529
6410.156250	-79.389717
6416.015625	-78.791451
6421.875000	-78.688553
6427.734375	-79.235626
6433.593750	-79.200325
6439.453125	-78.765999
6445.312500	-78.840103
6451.171875	-79.068192
6457.031250	-78.742752
6462.890625	-79.412392
6468.750000	-79.849564
6474.609375	-78.634056
6480.468750	-77.396942
6486.328125	-77.944771
6492.187500	-79.044922
6498.046875	-78.750282
6503.906250	-78.609261
6509.765625	-78.250984
6515.625000	-78.230171
6521.484375	-78.070038
6527.343750	-78.207024
6533.203125	-78.704704
6539.062500	-78.766365
6544.921875	-78.375687
6550.781250	-78.441887
6556.640625	-77.897575
6562.500000	-77.686333
6568.359375	-77.402489
6574.218750	-78.203339
6580.078125	-78.854088
6585.937500	-78.352982
6591.796875	-77.976395
6597.656250	-78.446167
6603.515625	-77.674911
6609.375000	-77.139877
6615.234375	-77.575447
6621.093750	-77.590034
6626.953125	-78.066895
6632.812500	-77.861488
6638.671875	-76.973938
6644.531250	-77.550461
6650.390625	-77.014725
6656.250000	-77.134315
6662.109375	-77.121277
6667.968750	-77.450455
6673.828125	-78.207848
6679.687500	-78.283813
6685.546875	-77.339340
6691.406250	-77.988068
6697.265625	-78.017693
6703.125000	-77.294807
6708.984375	-77.218880
6714.843750	-78.013031
6720.703125	-77.820114
6726.562500	-77.158348
6732.421875	-77.096344
6738.281250	-77.561523
6744.140625	-78.338501
6750.000000	-77.112022
6755.859375	-76.013290
6761.718750	-76.359299
6767.578125	-76.795860
6773.437500	-77.051064
6779.296875	-76.746147
6785.156250	-76.880951
6791.015625	-76.165840
6796.875000	-76.005127
6802.734375	-76.992546
6808.593750	-76.300240
6814.453125	-77.758621
6820.312500	-77.455811
6826.171875	-76.676575
6832.031250	-76.850586
6837.890625	-76.776222
6843.750000	-76.192009
6849.609375	-76.697563
6855.468750	-77.626526
6861.328125	-77.998833
6867.187500	-78.437355
6873.046875	-78.252632
6878.906250	-78.511971
6884.765625	-78.569839
6890.625000	-78.999512
6896.484375	-79.719177
6902.343750	-79.833176
6908.203125	-79.146049
6914.062500	-79.773605
6919.921875	-79.371437
6925.781250	-80.036278
6931.640625	-80.068123
6937.500000	-79.607765
6943.359375	-79.020844
6949.218750	-79.133919
6955.078125	-79.311859
6960.937500	-79.226295
6966.796875	-79.580093
6972.656250	-79.497513
6978.515625	-78.962318
6984.375000	-78.493813
6990.234375	-78.035225
6996.093750	-78.177551
7001.953125	-77.930679
7007.812500	-77.657310
7013.671875	-77.835945
7019.531250	-77.485596
7025.390625	-77.723946
7031.250000	-78.068718
7037.109375	-77.284882
7042.968750	-77.123024
7048.828125	-78.436783
7054.687500	-78.997078
7060.546875	-77.601227
7066.406250	-77.592659
7072.265625	-77.505249
7078.125000	-77.601097
7083.984375	-77.999352
7089.843750	-77.009842
7095.703125	-76.910309
7101.562500	-77.832481
7107.421875	-78.845451
7113.281250	-78.118828
7119.140625	-77.654015
7125.000000	-77.652107
7130.859375	-77.350662
7136.718750	-77.070930
7142.578125	-78.331596
7148.437500	-78.149910
7154.296875	-77.146873
7160.156250	-76.840080
7166.015625	-76.961807
7171.875000	-76.279144
7177.734375	-77.454803
7183.593750	-77.580231
7189.453125	-77.196327
7195.312500	-76.646034
7201.171875	-77.026466
7207.031250	-76.029915
7212.890625	-76.129402
7218.750000	-75.981544
7224.609375	-76.751770
7230.468750	-76.971275
7236.328125	-76.507240
7242.187500	-77.146576
7248.046875	-76.901665
7253.906250	-76.566032
7259.765625	-75.983582
7265.625000	-75.724449
7271.484375	-75.829971
7277.343750	-76.523758
7283.203125	-77.018982
7289.062500	-76.025818
7294.921875	-75.208580
7300.781250	-75.166115
7306.640625	-75.770996
7312.500000	-75.963631
7318.359375	-76.381813
7324.218750	-76.636856
7330.078125	-76.008385
7335.937500	-75.071556
7341.796875	-75.150581
7347.656250	-75.894524
7353.515625	-75.905945
7359.375000	-75.309875
7365.234375	-75.447838
7371.093750	-74.998741
7376.953125	-75.011009
7382.812500	-74.638351
7388.671875	-75.172752
7394.531250	-75.288452
7400.390625	-74.893585
7406.250000	-73.167931
7412.109375	-72.935104
7417.968750	-73.585548
7423.828125	-74.439537
7429.687500	-74.911903
7435.546875	-75.265717
7441.406250	-74.284325
7447.265625	-74.250687
7453.125000	-74.441422
7458.984375	-74.323692
7464.843750	-73.355240
7470.703125	-73.803558
7476.562500	-74.502396
7482.421875	-73.773987
7488.281250	-73.472168
7494.140625	-73.474060
7500.000000	-73.348328
7505.859375	-72.758301
7511.718750	-72.598961
7517.578125	-73.589172
7523.437500	-74.022102
7529.296875	-72.788605
7535.156250	-73.170235
7541.015625	-72.699486
7546.875000	-72.500916
7552.734375	-72.942909
7558.593750	-73.730728
7564.453125	-73.834572
7570.312500	-74.361839
7576.171875	-75.207367
7582.031250	-74.687805
7587.890625	-74.393066
7593.750000	-73.005615
7599.609375	-73.120537
7605.468750	-73.642410
7611.328125	-73.190964
7617.187500	-73.038559
7623.046875	-73.261398
7628.906250	-74.464325
7634.765625	-73.753807
7640.625000	-73.105621
7646.484375	-73.234482
7652.343750	-72.818077
7658.203125	-73.044258
7664.062500	-73.778702
7669.921875	-73.150841
7675.781250	-72.424416
7681.640625	-72.306602
7687.500000	-71.986595
7693.359375	-72.376503
7699.218750	-72.094101
7705.078125	-71.543068
7710.937500	-72.166260
7716.796875	-72.922386
7722.656250	-74.131645
7728.515625	-72.883278
7734.375000	-73.043968
7740.234375	-72.679626
7746.093750	-73.016533
7751.953125	-73.829048
7757.812500	-73.530144
7763.671875	-73.660309
7769.531250	-73.891930
7775.390625	-73.012650
7781.250000	-72.975815
7787.109375	-73.534538
7792.968750	-72.655792
7798.828125	-72.321571
7804.687500	-72.694420
7810.546875	-73.371140
7816.406250	-72.668381
7822.265625	-73.647797
7828.125000	-73.748192
7833.984375	-73.668320
7839.843750	-73.007736
7845.703125	-72.305717
7851.562500	-73.302376
7857.421875	-73.462456
7863.281250	-72.841476
7869.140625	-73.348877
7875.000000	-72.950882
7880.859375	-73.623436
7886.718750	-73.475090
7892.578125	-73.649704
7898.437500	-73.786484
7904.296875	-73.433739
7910.156250	-73.749924
7916.015625	-72.547890
7921.875000	-73.255142
7927.734375	-72.996956
7933.593750	-72.993553
7939.453125	-74.117592
7945.312500	-74.744438
7951.171875	-74.483498
7957.031250	-74.131302
7962.890625	-73.788246
7968.750000	-73.721870
7974.609375	-74.039116
7980.468750	-75.103302
7986.328125	-75.452133
7992.187500	-73.991737
7998.046875	-74.285393
8003.906250	-74.590790
8009.765625	-74.333168
8015.625000	-74.615471
8021.484375	-74.496765
8027.343750	-75.382797
8033.203125	-74.887146
8039.062500	-74.504723
8044.921875	-74.667175
8050.781250	-74.400726
8056.640625	-74.984573
8062.500000	-74.958794
8068.359375	-74.598976
8074.218750	-75.743721
8080.078125	-75.994682
8085.937500	-75.923546
8091.796875	-75.032028
8097.656250	-74.862114
8103.515625	-75.838882
8109.375000	-76.578728
8115.234375	-75.366226
8121.093750	-75.698601
8126.953125	-75.503349
8132.812500	-76.538467
8138.671875	-76.669006
8144.531250	-76.368530
8150.390625	-78.028625
8156.250000	-77.801804
8162.109375	-75.747391
8167.968750	-76.041840
8173.828125	-76.427269
8179.687500	-77.075134
8185.546875	-77.608459
8191.406250	-76.289948
8197.265625	-75.574692
8203.125000	-76.803497
8208.984375	-77.140137
8214.843750	-78.046471
8220.703125	-80.755157
8226.562500	-81.772667
8232.421875	-81.692108
8238.281250	-83.823639
8244.140625	-85.594360
8250.000000	-86.525337
8255.859375	-86.673676
8261.718750	-87.006577
8267.578125	-87.011154
8273.437500	-87.862091
8279.296875	-88.572662
8285.156250	-87.511848
8291.015625	-86.486328
8296.875000	-86.964226
8302.734375	-88.611855
8308.593750	-88.693954
8314.453125	-87.999367
8320.312500	-89.562767
8326.171875	-90.227386
8332.031250	-89.084099
8337.890625	-87.844604
8343.750000	-88.206741
8349.609375	-87.652473
8355.468750	-88.550636
8361.328125	-88.886436
8367.187500	-89.628731
8373.046875	-89.376404
8378.906250	-89.057907
8384.765625	-89.624893
8390.625000	-89.035446
8396.484375	-89.488319
8402.343750	-89.043297
8408.203125	-89.309471
8414.062500	-89.104782
8419.921875	-88.337143
8425.781250	-88.841927
8431.640625	-89.048416
8437.500000	-89.383888
8443.359375	-89.576767
8449.218750	-89.518829
8455.078125	-90.343376
8460.937500	-90.733788
8466.796875	-90.025826
8472.656250	-89.699120
8478.515625	-89.262283
8484.375000	-90.226509
8490.234375	-90.981461
8496.093750	-90.203560
8501.953125	-89.407196
8507.812500	-89.361282
8513.671875	-87.969666
8519.531250	-87.542023
8525.390625	-87.536736
8531.250000	-86.989166
8537.109375	-87.485191
8542.968750	-87.479324
8548.828125	-87.422554
8554.687500	-87.844872
8560.546875	-87.777657
8566.406250	-86.941620
8572.265625	-86.864212
8578.125000	-88.152824
8583.984375	-87.433212
8589.843750	-87.669548
8595.703125	-87.653053
8601.562500	-87.664085
8607.421875	-88.159698
8613.281250	-88.863411
8619.140625	-88.463684
8625.000000	-87.965088
8630.859375	-87.666313
8636.718750	-87.934433
8642.578125	-89.255989
8648.437500	-88.980827
8654.296875	-88.655418
8660.156250	-88.072540
8666.015625	-86.626183
8671.875000	-87.622375
8677.734375	-88.432732
8683.593750	-88.458328
8689.453125	-89.948822
8695.312500	-91.021088
8701.171875	-90.042496
8707.031250	-89.299088
8712.890625	-88.759651
8718.750000	-89.575478
8724.609375	-89.419159
8730.468750	-88.643387
8736.328125	-89.946320
8742.187500	-89.933128
8748.046875	-89.014023
8753.906250	-88.686218
8759.765625	-88.671486
8765.625000	-89.018044
8771.484375	-89.302025
8777.343750	-89.542564
8783.203125	-90.033203
8789.062500	-89.848289
8794.921875	-89.463371
8800.781250	-89.595810
8806.640625	-89.810966
8812.500000	-90.191109
8818.359375	-90.023895
8824.218750	-89.894081
8830.078125	-89.821930
8835.937500	-89.910217
8841.796875	-89.751495
8847.656250	-89.256256
8853.515625	-89.637047
8859.375000	-89.551865
8865.234375	-89.893478
8871.093750	-90.034401
8876.953125	-89.954399
8882.812500	-90.180550
8888.671875	-90.001701
8894.531250	-88.820641
8900.390625	-89.801025
8906.250000	-90.371513
8912.109375	-89.503761
8917.968750	-90.598366
8923.828125	-90.732399
8929.687500	-90.448868
8935.546875	-90.965767
8941.406250	-90.666649
8947.265625	-89.375999
8953.125000	-89.117973
8958.984375	-89.714081
8964.843750	-88.695099
8970.703125	-87.969948
8976.562500	-86.794647
8982.421875	-86.016090
8988.281250	-85.121208
8994.140625	-84.300644
9000.000000	-83.885757
9005.859375	-83.405449
9011.718750	-83.498444
9017.578125	-84.424263
9023.437500	-84.487381
9029.296875	-84.724831
9035.156250	-84.707550
9041.015625	-84.028938
9046.875000	-84.543922
9052.734375	-84.528740
9058.593750	-84.696625
9064.453125	-85.719337
9070.312500	-85.601494
9076.171875	-84.605064
9082.031250	-84.720810
9087.890625	-84.583473
9093.750000	-84.374664
9099.609375	-84.551956
9105.468750	-83.983505
9111.328125	-84.724998
9117.187500	-84.909081
9123.046875	-85.823792
9128.906250	-85.102188
9134.765625	-84.699287
9140.625000	-84.745934
9146.484375	-84.877571
9152.343750	-85.501244
9158.203125	-85.431786
9164.062500	-84.778252
9169.921875	-84.918892
9175.781250	-86.050011
9181.640625	-85.995209
9187.500000	-85.382660
9193.359375	-85.153618
9199.218750	-85.240417
9205.078125	-85.197403
9210.937500	-85.115425
9216.796875	-86.450546
9222.656250	-86.084991
9228.515625	-85.697723
9234.375000	-86.046814
9240.234375	-85.680466
9246.093750	-86.292168
9251.953125	-86.936211
9257.812500	-86.662003
9263.671875	-86.590141
9269.531250	-86.156723
9275.390625	-85.957047
9281.250000	-86.101105
9287.109375	-86.212349
9292.968750	-87.187828
9298.828125	-87.730606
9304.687500	-87.208664
9310.546875	-86.598740
9316.406250	-86.899620
9322.265625	-86.553497
9328.125000	-85.796875
9333.984375	-86.396271
9339.843750	-86.237762
9345.703125	-86.555435
9351.562500	-87.379189
9357.421875	-88.195061
9363.281250	-87.615280
9369.140625	-86.881592
9375.000000	-86.967720
9380.859375	-87.329010
9386.718750	-86.536217
9392.578125	-88.006989
9398.437500	-88.170273
9404.296875	-87.843285
9410.156250	-87.234863
9416.015625	-86.694160
9421.875000	-86.265762
9427.734375	-86.519707
9433.593750	-86.740181
9439.453125	-86.643150
9445.312500	-86.767128
9451.171875	-87.183914
9457.031250	-86.856789
9462.890625	-85.937164
9468.750000	-85.692528
9474.609375	-85.797287
9480.468750	-85.184425
9486.328125	-85.993835
9492.187500	-86.163506
9498.046875	-85.928101
9503.906250	-86.344810
9509.765625	-85.907471
9515.625000	-86.027878
9521.484375	-86.774078
9527.343750	-86.028839
9533.203125	-85.106361
9539.062500	-85.796570
9544.921875	-86.031410
9550.781250	-86.799431
9556.640625	-86.859131
9562.500000	-86.647118
9568.359375	-86.090439
9574.218750	-86.278191
9580.078125	-86.931839
9585.937500	-87.141327
9591.796875	-86.578552
9597.656250	-85.336891
9603.515625	-85.172050
9609.375000	-84.572739
9615.234375	-84.826347
9621.093750	-86.160805
9626.953125	-86.534981
9632.812500	-85.920166
9638.671875	-86.869598
9644.531250	-86.261955
9650.390625	-86.345787
9656.250000	-86.246643
9662.109375	-86.165260
9667.968750	-86.079460
9673.828125	-87.306236
9679.687500	-87.412674
9685.546875	-87.923141
9691.406250	-87.402412
9697.265625	-86.237152
9703.125000	-86.022339
9708.984375	-86.517387
9714.843750	-87.079117
9720.703125	-86.967140
9726.562500	-86.908913
9732.421875	-87.191994
9738.281250	-86.772705
9744.140625	-86.386818
9750.000000	-87.130676
9755.859375	-88.058052
9761.718750	-88.385857
9767.578125	-88.178749
9773.437500	-87.549866
9779.296875	-86.891266
9785.156250	-86.913620
9791.015625	-87.663261
9796.875000	-87.100372
9802.734375	-86.336784
9808.593750	-87.149117
9814.453125	-87.389503
9820.312500	-87.261787
9826.171875	-88.078125
9832.031250	-86.889885
9837.890625	-86.799370
9843.750000	-86.327690
9849.609375	-86.769096
9855.468750	-86.570930
9861.328125	-87.061470
9867.187500	-87.934593
9873.046875	-88.404678
9878.906250	-88.258835
9884.765625	-86.756607
9890.625000	-87.597878
9896.484375	-88.506248
9902.343750	-87.332664
9908.203125	-87.608704
9914.062500	-87.871269
9919.921875	-87.078461
9925.781250	-87.056122
9931.640625	-87.018372
9937.500000	-87.148697
9943.359375	-87.577530
9949.218750	-86.763344
9955.078125	-87.910179
9960.937500	-87.820457
9966.796875	-87.675743
9972.656250	-88.033478
9978.515625	-87.707275
9984.375000	-87.203934
9990.234375	-87.563469
9996.093750	-88.307571
10001.953125	-88.411964
10007.812500	-88.468628
10013.671875	-88.377190
10019.531250	-88.320374
10025.390625	-87.160561
10031.250000	-87.135246
10037.109375	-88.155212
10042.968750	-87.380501
10048.828125	-88.601707
10054.687500	-89.081322
10060.546875	-88.497658
10066.406250	-88.319374
10072.265625	-87.908882
10078.125000	-88.935646
10083.984375	-88.962914
10089.843750	-88.342720
10095.703125	-88.406418
10101.562500	-89.112587
10107.421875	-88.942001
10113.281250	-87.691032
10119.140625	-88.274910
10125.000000	-88.813454
10130.859375	-89.116219
10136.718750	-89.119644
10142.578125	-88.336617
10148.437500	-88.468109
10154.296875	-89.590897
10160.156250	-89.348587
10166.015625	-89.877037
10171.875000	-88.590759
10177.734375	-88.832237
10183.593750	-88.944801
10189.453125	-89.446228
10195.312500	-89.538567
10201.171875	-89.900330
10207.031250	-89.450043
10212.890625	-89.179909
10218.750000	-88.703079
10224.609375	-88.360886
10230.468750	-88.342010
10236.328125	-89.651131
10242.187500	-90.331772
10248.046875	-89.450516
10253.906250	-89.305717
10259.765625	-88.768120
10265.625000	-88.882950
10271.484375	-89.505219
10277.343750	-90.139565
10283.203125	-89.359116
10289.062500	-89.516693
10294.921875	-89.822151
10300.781250	-90.171867
10306.640625	-89.681084
10312.500000	-89.992867
10318.359375	-89.604752
10324.218750	-90.289261
10330.078125	-90.770760
10335.937500	-90.825073
10341.796875	-90.680847
10347.656250	-90.425911
10353.515625	-90.488731
10359.375000	-89.570091
10365.234375	-89.784439
10371.093750	-89.881844
10376.953125	-89.096947
10382.812500	-89.140450
10388.671875	-90.499573
10394.531250	-91.071510
10400.390625	-90.401512
10406.250000	-89.900612
10412.109375	-90.247574
10417.968750	-89.030548
10423.828125	-88.921921
10429.687500	-89.514877
10435.546875	-90.054596
10441.406250	-89.956902
10447.265625	-90.166229
10453.125000	-90.323738
10458.984375	-90.171944
10464.843750	-90.333511
10470.703125	-90.180717
10476.562500	-90.326942
10482.421875	-90.378708
10488.281250	-89.474831
10494.140625	-88.372795
10500.000000	-88.415138
10505.859375	-89.498886
10511.718750	-89.329193
10517.578125	-90.489876
10523.437500	-90.249901
10529.296875	-89.921211
10535.156250	-90.251572
10541.015625	-90.931427
10546.875000	-89.533195
10552.734375	-89.636765
10558.593750	-90.072166
10564.453125	-90.078415
10570.312500	-90.650200
10576.171875	-90.878227
10582.031250	-89.753639
10587.890625	-89.178825
10593.750000	-89.567116
10599.609375	-89.953285
10605.468750	-90.234695
10611.328125	-90.802399
10617.187500	-89.977356
10623.046875	-89.228317
10628.906250	-89.797096
10634.765625	-89.499664
10640.625000	-89.294319
10646.484375	-89.765793
10652.343750	-89.932770
10658.203125	-89.532211
10664.062500	-90.066414
10669.921875	-90.812134
10675.781250	-91.098961
10681.640625	-90.692963
10687.500000	-90.067291
10693.359375	-90.223671
10699.218750	-90.479065
10705.078125	-90.052696
10710.937500	-88.962906
10716.796875	-89.785843
10722.656250	-91.533661
10728.515625	-90.419640
10734.375000	-89.672523
10740.234375	-89.788322
10746.093750	-90.230141
10751.953125	-89.713013
10757.812500	-88.816414
10763.671875	-90.341179
10769.531250	-90.287529
10775.390625	-89.548744
10781.250000	-89.381424
10787.109375	-90.566444
10792.968750	-90.094475
10798.828125	-90.440636
10804.687500	-91.037979
10810.546875	-90.842651
10816.406250	-90.398598
10822.265625	-89.881783
10828.125000	-89.801979
10833.984375	-90.251129
10839.843750	-90.581345
10845.703125	-90.543495
10851.562500	-89.477615
10857.421875	-89.727440
10863.281250	-90.804886
10869.140625	-90.297073
10875.000000	-89.953682
10880.859375	-89.484665
10886.718750	-89.808044
10892.578125	-91.558556
10898.437500	-90.778831
10904.296875	-90.211731
10910.156250	-90.983185
10916.015625	-89.953690
10921.875000	-89.727417
10927.734375	-89.813126
10933.593750	-90.297005
10939.453125	-90.823204
10945.312500	-90.255737
10951.171875	-90.091789
10957.031250	-90.594543
10962.890625	-90.143250
10968.750000	-91.105995
10974.609375	-92.489532
10980.468750	-91.611786
10986.328125	-90.718712
10992.187500	-91.216927
10998.046875	-91.185127
11003.906250	-91.035416
11009.765625	-90.461174
11015.625000	-90.205231
11021.484375	-90.077774
11027.343750	-91.413567
11033.203125	-92.337212
11039.062500	-92.091507
11044.921875	-91.646309
11050.781250	-91.049110
11056.640625	-90.142654
11062.500000	-90.088692
11068.359375	-89.963669
11074.218750	-90.333977
11080.078125	-91.434258
11085.937500	-90.536392
11091.796875	-89.959084
11097.656250	-90.423164
11103.515625	-90.955513
11109.375000	-90.329849
11115.234375	-89.935669
11121.093750	-90.448296
11126.953125	-91.045212
11132.812500	-91.450752
11138.671875	-91.101334
11144.531250	-91.274590
11150.390625	-91.342789
11156.250000	-91.501961
11162.109375	-91.425331
11167.968750	-90.912857
11173.828125	-90.758202
11179.687500	-91.989288
11185.546875	-91.600624
11191.406250	-91.511620
11197.265625	-91.644936
11203.125000	-91.199516
11208.984375	-91.669807
11214.843750	-91.407135
11220.703125	-92.187157
11226.562500	-92.287659
11232.421875	-92.065041
11238.281250	-92.309464
11244.140625	-91.597168
11250.000000	-90.951691
11255.859375	-90.643318
11261.718750	-90.772072
11267.578125	-91.680496
11273.437500	-91.705093
11279.296875	-91.992989
11285.156250	-91.634483
11291.015625	-91.227791
11296.875000	-91.708679
11302.734375	-92.392067
11308.593750	-91.546371
11314.453125	-91.537773
11320.312500	-91.939560
11326.171875	-91.603073
11332.031250	-91.190010
11337.890625	-90.802071
11343.750000	-90.710579
11349.609375	-90.593887
11355.468750	-89.996231
11361.328125	-91.169106
11367.187500	-92.048790
11373.046875	-91.945633
11378.906250	-91.887032
11384.765625	-92.058876
11390.625000	-91.415443
11396.484375	-91.013351
11402.343750	-90.946182
11408.203125	-91.421089
11414.062500	-93.306641
11419.921875	-92.135193
11425.781250	-91.896461
11431.640625	-91.341721
11437.500000	-90.496666
11443.359375	-90.631615
11449.218750	-90.727005
11455.078125	-91.103745
11460.937500	-91.391579
11466.796875	-91.985504
11472.656250	-91.422966
11478.515625	-91.508484
11484.375000	-91.395088
11490.234375	-91.283577
11496.093750	-90.855820
11501.953125	-91.507957
11507.812500	-92.143730
11513.671875	-91.492699
11519.531250	-90.621109
11525.390625	-90.911659
11531.250000	-90.521065
11537.109375	-91.431129
11542.968750	-92.918434
11548.828125	-92.379021
11554.687500	-92.307541
11560.546875	-92.286064
11566.406250	-91.581947
11572.265625	-91.037979
11578.125000	-91.632210
11583.984375	-91.382767
11589.843750	-92.178169
11595.703125	-92.510315
11601.562500	-93.221817
11607.421875	-92.546425
11613.281250	-91.408546
11619.140625	-90.869286
11625.000000	-91.448792
11630.859375	-91.661087
11636.718750	-91.467590
11642.578125	-91.570976
11648.437500	-92.167625
11654.296875	-92.087387
11660.156250	-92.528877
11666.015625	-91.952560
11671.875000	-91.005432
11677.734375	-92.382042
11683.593750	-93.377220
11689.453125	-92.427528
11695.312500	-92.367378
11701.171875	-91.979507
11707.031250	-91.989342
11712.890625	-92.346214
11718.750000	-91.772278
11724.609375	-91.994926
11730.468750	-91.857719
11736.328125	-92.462555
11742.187500	-92.238152
11748.046875	-92.248039
11753.906250	-91.831940
11759.765625	-92.123909
11765.625000	-92.349251
11771.484375	-92.081718
11777.343750	-92.092087
11783.203125	-92.515572
11789.062500	-92.255852
11794.921875	-92.784927
11800.781250	-92.847649
11806.640625	-92.001152
11812.500000	-92.555862
11818.359375	-92.197990
11824.218750	-92.024231
11830.078125	-92.455750
11835.937500	-92.810417
11841.796875	-92.091331
11847.656250	-92.267769
11853.515625	-92.924515
11859.375000	-91.964333
11865.234375	-91.778732
11871.093750	-92.068268
11876.953125	-92.838799
11882.812500	-91.841515
11888.671875	-91.885468
11894.531250	-92.244057
11900.390625	-92.368462
11906.250000	-91.668983
11912.109375	-91.426811
11917.968750	-93.471069
11923.828125	-93.733246
11929.687500	-93.205040
11935.546875	-92.366440
11941.406250	-92.270592
11947.265625	-90.633469
11953.125000	-91.223564
11958.984375	-92.220978
11964.843750	-93.651596
11970.703125	-94.070358
11976.562500	-94.326042
11982.421875	-94.616226
11988.281250	-94.578499
11994.140625	-94.544540
12000.000000	-93.926422
12005.859375	-94.437141
12011.718750	-93.805672
12017.578125	-93.683777
12023.437500	-93.213753
12029.296875	-93.359634
12035.156250	-92.471489
12041.015625	-90.516800
12046.875000	-91.237732
12052.734375	-90.767120
12058.593750	-91.178528
12064.453125	-90.713898
12070.312500	-90.530960
12076.171875	-91.487350
12082.031250	-91.780243
12087.890625	-91.166046
12093.750000	-90.588181
12099.609375	-90.057411
12105.468750	-91.451630
12111.328125	-91.279350
12117.187500	-91.065742
12123.046875	-92.024857
12128.906250	-92.035736
12134.765625	-91.656204
12140.625000	-91.095329
12146.484375	-91.376968
12152.343750	-91.401649
12158.203125	-91.175407
12164.062500	-91.987747
12169.921875	-92.229530
12175.781250	-92.163589
12181.640625	-91.621582
12187.500000	-90.709373
12193.359375	-91.026207
12199.218750	-91.204712
12205.078125	-91.347336
12210.937500	-91.547997
12216.796875	-91.945114
12222.656250	-91.438469
12228.515625	-92.186462
12234.375000	-92.704437
12240.234375	-92.539131
12246.093750	-92.650093
12251.953125	-92.704018
12257.812500	-92.373886
12263.671875	-92.218758
12269.531250	-92.783463
12275.390625	-92.375847
12281.250000	-91.939125
12287.109375	-92.311539
12292.968750	-92.923943
12298.828125	-92.606583
12304.687500	-92.532387
12310.546875	-91.569283
12316.406250	-91.390495
12322.265625	-91.677818
12328.125000	-91.504616
12333.984375	-91.284302
12339.843750	-90.846825
12345.703125	-91.928841
12351.562500	-92.502708
12357.421875	-91.552155
12363.281250	-91.503098
12369.140625	-91.892632
12375.000000	-91.464127
12380.859375	-91.574654
12386.718750	-92.124924
12392.578125	-92.431252
12398.437500	-91.811073
12404.296875	-92.274094
12410.156250	-92.562935
12416.015625	-92.023628
12421.875000	-92.156784
12427.734375	-91.426819
12433.593750	-92.009438
12439.453125	-93.284401
12445.312500	-92.422760
12451.171875	-92.240059
12457.031250	-92.039604
12462.890625	-92.097595
12468.750000	-92.112999
12474.609375	-91.979927
12480.468750	-91.683372
12486.328125	-92.824844
12492.187500	-92.781685
12498.046875	-92.735786
12503.906250	-92.486076
12509.765625	-92.300095
12515.625000	-92.298347
12521.484375	-91.700958
12527.343750	-91.962364
12533.203125	-92.084282
12539.062500	-92.100189
12544.921875	-92.284348
12550.781250	-92.034218
12556.640625	-91.883415
12562.500000	-92.551270
12568.359375	-92.163902
12574.218750	-92.370613
12580.078125	-92.849823
12585.937500	-93.027107
12591.796875	-94.014992
12597.656250	-92.248482
12603.515625	-91.244339
12609.375000	-91.786308
12615.234375	-92.228622
12621.093750	-92.816513
12626.953125	-93.965645
12632.812500	-93.605400
12638.671875	-92.983170
12644.531250	-92.495377
12650.390625	-92.141487
12656.250000	-92.163406
12662.109375	-92.771225
12667.968750	-92.309174
12673.828125	-92.665245
12679.687500	-92.911690
12685.546875	-92.892021
12691.406250	-92.800842
12697.265625	-92.327721
12703.125000	-91.493561
12708.984375	-92.476204
12714.843750	-91.890640
12720.703125	-91.776939
12726.562500	-91.912575
12732.421875	-93.311546
12738.281250	-93.733009
12744.140625	-92.894608
12750.000000	-92.880280
12755.859375	-91.782425
12761.718750	-91.658791
12767.578125	-91.380272
12773.437500	-92.545914
12779.296875	-92.213776
12785.156250	-90.989388
12791.015625	-91.360817
12796.875000	-92.000778
12802.734375	-93.470009
12808.593750	-92.613556
12814.453125	-91.909691
12820.312500	-91.918129
12826.171875	-91.718681
12832.031250	-92.044899
12837.890625	-91.862473
12843.750000	-91.914055
12849.609375	-91.985245
12855.468750	-91.620773
12861.328125	-91.773979
12867.187500	-92.233795
12873.046875	-91.873947
12878.906250	-91.821480
12884.765625	-91.425468
12890.625000	-91.201935
12896.484375	-91.316994
12902.343750	-91.820930
12908.203125	-92.755379
12914.062500	-92.771393
12919.921875	-93.012527
12925.781250	-92.929855
12931.640625	-92.038231
12937.500000	-92.041313
12943.359375	-92.136078
12949.218750	-92.509758
12955.078125	-92.734665
12960.937500	-91.431290
12966.796875	-91.684807
12972.656250	-91.693970
12978.515625	-92.294281
12984.375000	-91.010056
12990.234375	-91.353035
12996.093750	-92.700127
13001.953125	-92.443077
13007.812500	-93.062637
13013.671875	-93.629303
13019.531250	-92.660934
13025.390625	-91.466408
13031.250000	-91.734184
13037.109375	-91.743462
13042.968750	-92.781433
13048.828125	-92.404594
13054.687500	-92.993469
13060.546875	-93.314072
13066.406250	-92.625099
13072.265625	-91.954643
13078.125000	-91.308128
13083.984375	-91.265579
13089.843750	-92.525375
13095.703125	-92.845963
13101.562500	-93.112831
13107.421875	-92.041527
13113.281250	-92.482056
13119.140625	-92.020256
13125.000000	-91.292747
13130.859375	-91.498779
13136.718750	-92.000595
13142.578125	-92.141220
13148.437500	-92.056908
13154.296875	-92.891518
13160.156250	-92.261185
13166.015625	-92.203583
13171.875000	-92.118637
13177.734375	-92.837273
13183.593750	-92.367760
13189.453125	-92.731682
13195.312500	-93.305519
13201.171875	-93.085838
13207.031250	-92.460068
13212.890625	-92.280540
13218.750000	-92.332207
13224.609375	-92.542046
13230.468750	-92.666901
13236.328125	-93.051697
13242.187500	-93.513626
13248.046875	-92.756950
13253.906250	-92.857239
13259.765625	-92.125092
13265.625000	-92.787628
13271.484375	-93.041840
13277.343750	-92.247971
13283.203125	-92.013100
13289.062500	-92.445534
13294.921875	-93.077431
13300.781250	-92.782288
13306.640625	-92.374397
13312.500000	-91.212921
13318.359375	-91.878426
13324.218750	-92.637039
13330.078125	-92.522713
13335.937500	-92.196297
13341.796875	-93.792412
13347.656250	-93.150070
13353.515625	-91.920639
13359.375000	-92.201614
13365.234375	-93.133484
13371.093750	-92.938469
13376.953125	-93.377266
13382.812500	-93.494583
13388.671875	-93.145638
13394.531250	-92.694550
13400.390625	-92.441032
13406.250000	-92.011208
13412.109375	-92.012131
13417.968750	-93.133034
13423.828125	-93.317322
13429.687500	-92.825920
13435.546875	-93.160606
13441.406250	-92.900078
13447.265625	-92.098663
13453.125000	-91.637077
13458.984375	-92.093269
13464.843750	-92.117561
13470.703125	-92.660858
13476.562500	-93.381119
13482.421875	-93.456749
13488.281250	-93.187645
13494.140625	-91.724571
13500.000000	-91.358360
13505.859375	-91.704681
13511.718750	-92.250877
13517.578125	-93.018562
13523.437500	-93.158607
13529.296875	-93.342987
13535.156250	-92.984100
13541.015625	-92.599358
13546.875000	-91.931908
13552.734375	-92.465225
13558.593750	-93.341782
13564.453125	-94.071297
13570.312500	-94.161774
13576.171875	-92.816223
13582.031250	-91.858971
13587.890625	-92.152412
13593.750000	-93.185173
13599.609375	-92.870789
13605.468750	-93.364708
13611.328125	-92.964180
13617.187500	-93.331741
13623.046875	-93.251251
13628.906250	-93.357849
13634.765625	-93.641350
13640.625000	-93.284706
13646.484375	-93.879326
13652.343750	-93.145279
13658.203125	-93.019455
13664.062500	-93.617882
13669.921875	-93.743301
13675.781250	-93.199043
13681.640625	-92.947403
13687.500000	-92.557030
13693.359375	-92.944061
13699.218750	-93.063248
13705.078125	-93.460091
13710.937500	-93.263596
13716.796875	-92.006386
13722.656250	-92.631859
13728.515625	-93.135490
13734.375000	-92.875511
13740.234375	-92.776474
13746.093750	-92.895561
13751.953125	-93.729546
13757.812500	-93.942856
13763.671875	-93.281364
13769.531250	-93.218079
13775.390625	-93.211754
13781.250000	-93.091522
13787.109375	-92.860077
13792.968750	-93.249664
13798.828125	-93.033928
13804.687500	-92.972031
13810.546875	-93.461617
13816.406250	-92.233582
13822.265625	-91.471405
13828.125000	-91.485771
13833.984375	-92.207451
13839.843750	-93.051231
13845.703125	-93.459152
13851.562500	-93.743004
13857.421875	-94.430496
13863.281250	-93.393127
13869.140625	-93.391731
13875.000000	-93.128532
13880.859375	-92.246582
13886.718750	-93.271080
13892.578125	-92.824066
13898.437500	-93.247200
13904.296875	-93.288048
13910.156250	-93.220367
13916.015625	-92.850121
13921.875000	-93.342705
13927.734375	-92.997513
13933.593750	-94.030846
13939.453125	-94.010895
13945.312500	-93.524651
13951.171875	-93.125717
13957.031250	-92.857246
13962.890625	-92.986282
13968.750000	-93.184250
13974.609375	-93.766953
13980.468750	-94.202942
13986.328125	-93.466286
13992.187500	-93.241417
13998.046875	-94.059738
14003.906250	-94.231247
14009.765625	-92.345802
14015.625000	-91.958138
14021.484375	-93.318909
14027.343750	-93.596397
14033.203125	-94.905769
14039.062500	-94.041260
14044.921875	-94.366669
14050.781250	-94.989151
14056.640625	-93.363823
14062.500000	-93.018898
14068.359375	-93.398293
14074.218750	-94.889954
14080.078125	-94.471718
14085.937500	-94.523003
14091.796875	-94.448776
14097.656250	-93.619087
14103.515625	-92.843346
14109.375000	-94.018166
14115.234375	-92.850800
14121.093750	-93.053787
14126.953125	-93.968086
14132.812500	-93.620079
14138.671875	-93.302605
14144.531250	-93.768555
14150.390625	-93.082565
14156.250000	-93.807175
14162.109375	-94.014153
14167.968750	-94.510284
14173.828125	-94.358940
14179.687500	-93.391563
14185.546875	-94.326538
14191.406250	-93.749504
14197.265625	-93.777618
14203.125000	-93.397644
14208.984375	-93.922089
14214.843750	-94.394592
14220.703125	-93.745590
14226.562500	-94.007423
14232.421875	-95.049042
14238.281250	-95.082291
14244.140625	-95.021965
14250.000000	-95.572807
14255.859375	-95.885666
14261.718750	-95.773827
14267.578125	-95.361053
14273.437500	-95.860542
14279.296875	-95.578568
14285.156250	-95.555351
14291.015625	-95.546494
14296.875000	-94.290085
14302.734375	-94.876480
14308.593750	-95.162170
14314.453125	-95.038513
14320.312500	-95.299675
14326.171875	-95.371193
14332.031250	-95.383682
14337.890625	-94.949188
14343.750000	-95.424721
14349.609375	-96.055923
14355.468750	-95.557068
14361.328125	-95.544571
14367.187500	-95.458466
14373.046875	-94.454422
14378.906250	-94.862251
14384.765625	-94.492790
14390.625000	-94.269081
14396.484375	-94.927605
14402.343750	-94.418243
14408.203125	-94.461777
14414.062500	-95.079796
14419.921875	-95.064117
14425.781250	-94.490036
14431.640625	-93.681259
14437.500000	-94.440346
14443.359375	-95.250114
14449.218750	-94.412338
14455.078125	-94.638557
14460.937500	-95.153870
14466.796875	-94.881355
14472.656250	-94.960526
14478.515625	-95.254959
14484.375000	-94.079834
14490.234375	-95.598503
14496.093750	-95.769226
14501.953125	-96.113213
14507.812500	-96.236641
14513.671875	-96.143028
14519.531250	-94.362083
14525.390625	-94.135147
14531.250000	-95.465904
14537.109375	-95.599098
14542.968750	-96.172028
14548.828125	-96.765526
14554.687500	-95.497635
14560.546875	-95.452187
14566.406250	-95.327805
14572.265625	-95.344025
14578.125000	-95.659676
14583.984375	-95.552696
14589.843750	-95.839409
14595.703125	-95.307487
14601.562500	-95.248100
14607.421875	-95.095726
14613.281250	-94.926811
14619.140625	-94.851624
14625.000000	-94.683334
14630.859375	-94.767769
14636.718750	-94.930786
14642.578125	-95.762688
14648.437500	-96.342354
14654.296875	-95.170868
14660.156250	-94.287407
14666.015625	-95.500793
14671.875000	-96.049553
14677.734375	-95.367050
14683.593750	-94.805115
14689.453125	-95.163513
14695.312500	-95.451424
14701.171875	-95.344460
14707.031250	-94.519157
14712.890625	-94.535225
14718.750000	-94.574623
14724.609375	-94.841301
14730.468750	-96.053322
14736.328125	-96.985672
14742.187500	-96.817139
14748.046875	-96.023102
14753.906250	-95.273026
14759.765625	-95.246223
14765.625000	-94.967781
14771.484375	-94.574989
14777.343750	-94.894722
14783.203125	-95.365135
14789.062500	-95.645538
14794.921875	-95.126854
14800.781250	-95.154846
14806.640625	-95.399788
14812.500000	-94.245628
14818.359375	-94.826881
14824.218750	-95.197685
14830.078125	-95.127098
14835.937500	-96.472794
14841.796875	-96.201088
14847.656250	-95.508629
14853.515625	-95.167259
14859.375000	-94.448608
14865.234375	-95.216759
14871.093750	-95.236320
14876.953125	-95.903496
14882.812500	-95.477997
14888.671875	-96.088539
14894.531250	-95.650902
14900.390625	-95.222832
14906.250000	-94.911636
14912.109375	-95.253349
14917.968750	-95.908806
14923.828125	-95.959900
14929.687500	-96.161110
14935.546875	-96.161728
14941.406250	-95.679657
14947.265625	-95.019768
14953.125000	-94.305008
14958.984375	-94.688606
14964.843750	-95.581116
14970.703125	-95.745216
14976.562500	-96.049919
14982.421875	-96.357819
14988.281250	-96.063606
14994.140625	-95.466667
15000.000000	-95.658142
15005.859375	-95.433189
15011.718750	-95.756393
15017.578125	-95.889198
15023.437500	-95.396515
15029.296875	-95.391632
15035.156250	-95.642113
15041.015625	-95.582108
15046.875000	-94.833084
15052.734375	-94.632111
15058.593750	-95.552689
15064.453125	-96.868797
15070.312500	-97.218079
15076.171875	-96.217041
15082.031250	-95.356659
15087.890625	-95.222595
15093.750000	-95.168533
15099.609375	-94.992126
15105.468750	-95.855278
15111.328125	-95.163651
15117.187500	-95.708809
15123.046875	-96.567024
15128.906250	-95.911110
15134.765625	-95.434830
15140.625000	-96.163391
15146.484375	-96.228691
15152.343750	-96.093208
15158.203125	-95.790810
15164.062500	-95.946907
15169.921875	-95.548294
15175.781250	-94.956909
15181.640625	-95.194107
15187.500000	-95.766884
15193.359375	-96.165535
15199.218750	-96.465347
15205.078125	-96.628952
15210.937500	-95.837044
15216.796875	-95.291695
15222.656250	-95.686707
15228.515625	-95.280365
15234.375000	-95.638321
15240.234375	-96.450447
15246.093750	-96.635216
15251.953125	-96.132210
15257.812500	-96.138794
15263.671875	-95.756477
15269.531250	-95.745689
15275.390625	-96.723854
15281.250000	-96.136894
15287.109375	-95.722000
15292.968750	-95.197243
15298.828125	-95.925209
15304.687500	-96.761406
15310.546875	-95.590416
15316.406250	-95.554314
15322.265625	-96.304955
15328.125000	-95.514450
15333.984375	-95.645248
15339.843750	-95.892708
15345.703125	-96.587791
15351.562500	-96.790794
15357.421875	-96.266869
15363.281250	-96.252831
15369.140625	-96.304199
15375.000000	-96.723022
15380.859375	-96.269066
15386.718750	-95.868256
15392.578125	-96.288231
15398.437500	-96.818047
15404.296875	-96.744797
15410.156250	-95.939301
15416.015625	-96.459747
15421.875000	-96.409821
15427.734375	-96.429939
15433.593750	-96.387962
15439.453125	-96.183617
15445.312500	-96.434586
15451.171875	-96.063774
15457.031250	-95.864731
15462.890625	-95.341469
15468.750000	-95.083900
15474.609375	-95.817429
15480.468750	-95.880577
15486.328125	-95.766655
15492.187500	-96.123756
15498.046875	-95.746185
15503.906250	-96.049049
15509.765625	-96.064545
15515.625000	-95.613747
15521.484375	-96.119118
15527.343750	-96.388275
15533.203125	-96.535690
15539.062500	-96.618362
15544.921875	-96.102074
15550.781250	-95.597809
15556.640625	-96.063019
15562.500000	-96.287331
15568.359375	-96.654495
15574.218750	-96.480537
15580.078125	-96.716110
15585.937500	-96.791000
15591.796875	-97.055107
15597.656250	-96.000282
15603.515625	-95.106071
15609.375000	-95.305611
15615.234375	-95.711250
15621.093750	-95.966415
15626.953125	-96.389412
15632.812500	-96.378029
15638.671875	-96.504036
15644.531250	-96.726662
15650.390625	-96.126801
15656.250000	-95.957680
15662.109375	-95.783981
15667.968750	-95.630783
15673.828125	-97.076851
15679.687500	-96.537514
15685.546875	-96.283638
15691.406250	-96.392654
15697.265625	-96.039482
15703.125000	-97.118729
15708.984375	-96.254738
15714.843750	-96.987244
15720.703125	-97.783340
15726.562500	-98.282051
15732.421875	-98.348076
15738.281250	-97.584145
15744.140625	-96.544083
15750.000000	-96.041069
15755.859375	-96.757660
15761.718750	-96.757324
15767.578125	-97.333214
15773.437500	-97.537445
15779.296875	-97.311951
15785.156250	-96.913651
15791.015625	-96.604744
15796.875000	-96.130806
15802.734375	-96.454590
15808.593750	-96.400459
15814.453125	-96.564102
15820.312500	-96.797539
15826.171875	-96.877525
15832.031250	-97.249245
15837.890625	-96.407616
15843.750000	-96.552193
15849.609375	-97.327591
15855.468750	-97.244041
15861.328125	-97.765587
15867.187500	-97.520767
15873.046875	-97.390518
15878.906250	-96.982803
15884.765625	-96.317657
15890.625000	-97.271393
15896.484375	-97.259964
15902.343750	-96.525124
15908.203125	-97.185539
15914.062500	-98.738770
15919.921875	-97.652184
15925.781250	-97.668236
15931.640625	-97.227127
15937.500000	-96.528259
15943.359375	-96.167931
15949.218750	-96.959747
15955.078125	-98.107498
15960.937500	-98.533882
15966.796875	-97.261978
15972.656250	-96.510223
15978.515625	-96.604507
15984.375000	-97.107368
15990.234375	-97.369537
15996.093750	-97.460381
16001.953125	-96.900436
16007.812500	-97.521576
16013.671875	-97.701218
16019.531250	-97.451958
16025.390625	-97.251503
16031.250000	-97.744850
16037.109375	-97.814636
16042.968750	-97.498688
16048.828125	-97.177834
16054.687500	-97.830704
16060.546875	-98.077263
16066.406250	-98.035591
16072.265625	-97.536316
16078.125000	-96.227760
16083.984375	-96.080078
16089.843750	-97.230843
16095.703125	-98.111404
16101.562500	-97.922119
16107.421875	-98.431519
16113.281250	-97.552238
16119.140625	-96.363129
16125.000000	-97.567154
16130.859375	-97.667198
16136.718750	-97.791862
16142.578125	-97.686485
16148.437500	-97.944191
16154.296875	-98.236664
16160.156250	-98.693710
16166.015625	-97.701958
16171.875000	-97.528206
16177.734375	-98.377403
16183.593750	-97.297424
16189.453125	-97.183266
16195.312500	-97.372238
16201.171875	-97.604675
16207.031250	-97.016739
16212.890625	-96.585876
16218.750000	-97.473793
16224.609375	-97.413513
16230.468750	-97.937614
16236.328125	-98.568733
16242.187500	-98.567162
16248.046875	-97.610878
16253.906250	-96.842308
16259.765625	-96.624931
16265.625000	-96.685112
16271.484375	-96.526115
16277.343750	-97.064270
16283.203125	-96.889145
16289.062500	-97.243790
16294.921875	-97.983070
16300.781250	-97.136124
16306.640625	-97.152832
16312.500000	-96.964752
16318.359375	-97.141464
16324.218750	-97.968971
16330.078125	-98.345909
16335.937500	-97.865524
16341.796875	-97.332481
16347.656250	-97.466934
16353.515625	-97.686447
16359.375000	-97.378960
16365.234375	-96.812386
16371.093750	-96.923668
16376.953125	-97.537666
16382.812500	-98.201302
16388.671875	-97.625702
16394.531250	-97.535965
16400.390625	-97.551903
16406.250000	-96.428055
16412.109375	-96.314270
16417.968750	-97.575111
16423.828125	-98.221283
16429.687500	-97.297348
16435.546875	-96.611313
16441.406250	-97.033112
16447.265625	-97.212524
16453.125000	-97.628578
16458.984375	-97.055367
16464.843750	-96.629532
16470.703125	-97.026031
16476.562500	-97.485382
16482.421875	-96.364479
16488.281250	-96.131378
16494.140625	-95.703552
16500.000000	-95.874809
16505.859375	-96.206810
16511.718750	-96.695236
16517.578125	-96.528885
16523.437500	-96.589058
16529.296875	-97.433479
16535.156250	-96.831848
16541.015625	-95.888275
16546.875000	-96.248177
16552.734375	-96.603157
16558.593750	-96.221642
16564.453125	-95.873329
16570.312500	-97.239838
16576.171875	-97.417656
16582.031250	-96.763412
16587.890625	-97.091759
16593.750000	-96.299255
16599.609375	-96.742439
16605.468750	-96.703743
16611.328125	-96.518806
16617.187500	-95.930634
16623.046875	-95.408607
16628.906250	-95.369354
16634.765625	-95.459221
16640.625000	-95.598625
16646.484375	-96.326607
16652.343750	-95.502647
16658.203125	-96.623344
16664.062500	-96.555855
16669.921875	-96.384895
16675.781250	-95.780991
16681.640625	-95.809647
16687.500000	-95.463875
16693.359375	-95.299332
16699.218750	-95.512444
16705.078125	-95.799988
16710.937500	-96.730438
16716.796875	-96.353760
16722.656250	-96.613579
16728.515625	-96.396355
16734.375000	-95.240364
16740.234375	-95.166664
16746.093750	-95.198860
16751.953125	-95.854370
16757.812500	-96.298073
16763.671875	-96.262756
16769.531250	-95.521614
16775.390625	-95.099174
16781.250000	-94.841705
16787.109375	-94.883293
16792.968750	-95.475914
16798.828125	-96.511131
16804.687500	-95.742058
16810.546875	-95.969925
16816.406250	-96.184494
16822.265625	-96.058914
16828.125000	-96.539780
16833.984375	-96.819649
16839.843750	-95.600708
16845.703125	-96.215698
16851.562500	-97.148911
16857.421875	-96.082489
16863.281250	-95.931862
16869.140625	-95.919266
16875.000000	-95.096062
16880.859375	-95.992142
16886.718750	-96.331223
16892.578125	-96.958534
16898.437500	-96.572823
16904.296875	-95.798164
16910.156250	-95.650780
16916.015625	-95.837585
16921.875000	-95.723991
16927.734375	-95.397621
16933.593750	-96.077385
16939.453125	-96.318817
16945.312500	-95.745293
16951.171875	-96.344643
16957.031250	-96.608536
16962.890625	-96.299683
16968.750000	-95.462608
16974.609375	-95.646355
16980.468750	-95.924660
16986.328125	-96.460228
16992.187500	-97.331978
16998.046875	-96.102150
17003.906250	-96.227043
17009.765625	-96.132401
17015.625000	-96.446693
17021.484375	-96.213226
17027.343750	-95.596558
17033.203125	-95.995255
17039.062500	-95.641350
17044.921875	-95.526703
17050.781250	-95.005409
17056.640625	-95.584030
17062.500000	-95.839699
17068.359375	-96.568283
17074.218750	-96.264786
17080.078125	-95.771431
17085.937500	-95.969353
17091.796875	-95.986717
17097.656250	-96.415886
17103.515625	-96.322250
17109.375000	-95.347656
17115.234375	-95.157860
17121.093750	-95.832848
17126.953125	-96.402016
17132.812500	-96.277412
17138.671875	-96.451477
17144.531250	-95.649925
17150.390625	-95.519394
17156.250000	-96.501740
17162.109375	-96.823547
17167.968750	-96.619087
17173.828125	-95.632645
17179.687500	-96.380592
17185.546875	-95.919991
17191.406250	-95.091370
17197.265625	-95.031357
17203.125000	-95.011177
17208.984375	-95.208855
17214.843750	-95.149475
17220.703125	-95.518082
17226.562500	-96.162025
17232.421875	-96.217094
17238.281250	-96.144730
17244.140625	-96.544807
17250.000000	-96.309357
17255.859375	-95.797371
17261.718750	-95.629829
17267.578125	-95.831200
17273.437500	-96.400574
17279.296875	-97.067421
17285.156250	-95.822166
17291.015625	-95.790314
17296.875000	-96.607689
17302.734375	-96.791817
17308.593750	-96.093658
17314.453125	-96.617256
17320.312500	-97.552536
17326.171875	-96.853554
17332.031250	-96.395119
17337.890625	-96.480698
17343.750000	-95.484474
17349.609375	-95.948250
17355.468750	-96.149521
17361.328125	-96.391075
17367.187500	-96.551437
17373.046875	-96.779427
17378.906250	-96.705635
17384.765625	-96.379387
17390.625000	-95.864265
17396.484375	-95.820549
17402.343750	-96.102592
17408.203125	-96.965797
17414.062500	-96.522354
17419.921875	-95.826653
17425.781250	-95.945816
17431.640625	-96.096397
17437.500000	-95.432152
17443.359375	-95.410011
17449.218750	-95.859070
17455.078125	-95.866173
17460.937500	-96.397858
17466.796875	-95.633186
17472.656250	-94.891083
17478.515625	-95.502739
17484.375000	-95.715248
17490.234375	-96.424835
17496.093750	-96.608711
17501.953125	-97.209045
17507.812500	-97.432098
17513.671875	-95.992714
17519.531250	-96.508774
17525.390625	-96.388725
17531.250000	-95.930191
17537.109375	-96.632004
17542.968750	-96.462433
17548.828125	-96.510376
17554.687500	-96.525513
17560.546875	-96.952614
17566.406250	-97.013329
17572.265625	-95.906990
17578.125000	-96.142258
17583.984375	-96.206024
17589.843750	-96.527779
17595.703125	-96.774422
17601.562500	-96.507156
17607.421875	-97.835602
17613.281250	-97.819595
17619.140625	-96.662155
17625.000000	-95.814613
17630.859375	-95.908585
17636.718750	-96.298264
17642.578125	-96.220703
17648.437500	-96.404427
17654.296875	-96.700195
17660.156250	-96.415840
17666.015625	-96.055603
17671.875000	-95.832382
17677.734375	-96.370750
17683.593750	-96.516716
17689.453125	-97.480003
17695.312500	-97.419731
17701.171875	-96.309853
17707.031250	-96.286827
17712.890625	-96.278793
17718.750000	-96.181938
17724.609375	-95.663887
17730.468750	-95.899658
17736.328125	-96.480080
17742.187500	-97.572258
17748.046875	-96.726692
17753.906250	-96.519920
17759.765625	-96.234192
17765.625000	-95.171715
17771.484375	-95.899902
17777.343750	-97.069084
17783.203125	-97.316460
17789.062500	-96.985847
17794.921875	-97.495834
17800.781250	-97.313248
17806.640625	-97.646202
17812.500000	-97.111565
17818.359375	-96.439926
17824.218750	-96.296234
17830.078125	-97.817764
17835.937500	-97.259140
17841.796875	-97.130569
17847.656250	-95.927658
17853.515625	-95.168938
17859.375000	-95.281075
17865.234375	-95.292747
17871.093750	-95.876076
17876.953125	-96.247864
17882.812500	-96.658836
17888.671875	-96.740692
17894.531250	-96.642555
17900.390625	-96.979591
17906.250000	-96.378723
17912.109375	-95.004112
17917.968750	-96.628922
17923.828125	-95.760429
17929.687500	-97.208595
17935.546875	-98.026070
17941.406250	-96.875496
17947.265625	-96.127586
17953.125000	-95.170288
17958.984375	-95.822121
17964.843750	-95.273674
17970.703125	-95.656784
17976.562500	-97.046028
17982.421875	-98.097931
17988.281250	-97.350517
17994.140625	-96.001328
18000.000000	-96.080971
18005.859375	-96.890404
18011.718750	-96.740738
18017.578125	-96.307175
18023.437500	-96.248482
18029.296875	-96.521187
18035.156250	-96.478752
18041.015625	-96.077873
18046.875000	-97.461304
18052.734375	-97.039268
18058.593750	-96.739426
18064.453125	-97.510902
18070.312500	-97.162247
18076.171875	-97.110817
18082.031250	-96.755722
18087.890625	-96.412987
18093.750000	-96.044312
18099.609375	-96.146446
18105.468750	-97.015518
18111.328125	-97.448906
18117.187500	-96.984947
18123.046875	-96.514145
18128.906250	-96.225571
18134.765625	-96.244217
18140.625000	-95.922737
18146.484375	-95.790390
18152.343750	-96.734535
18158.203125	-97.272820
18164.062500	-97.398750
18169.921875	-97.271240
18175.781250	-97.361076
18181.640625	-98.495186
18187.500000	-96.747604
18193.359375	-97.021988
18199.218750	-96.963890
18205.078125	-98.042778
18210.937500	-97.343987
18216.796875	-97.324844
18222.656250	-96.259972
18228.515625	-96.361832
18234.375000	-96.674088
18240.234375	-95.843979
18246.093750	-96.249939
18251.953125	-97.113968
18257.812500	-96.281746
18263.671875	-95.899452
18269.531250	-96.035927
18275.390625	-96.702423
18281.250000	-95.973892
18287.109375	-96.699936
18292.968750	-97.883102
18298.828125	-96.313782
18304.687500	-97.080978
18310.546875	-96.768692
18316.406250	-96.288498
18322.265625	-96.829521
18328.125000	-96.550049
18333.984375	-96.095245
18339.843750	-95.890053
18345.703125	-96.004234
18351.562500	-95.998894
18357.421875	-96.830147
18363.281250	-96.805405
18369.140625	-95.567459
18375.000000	-95.662659
18380.859375	-95.278290
18386.718750	-95.932487
18392.578125	-96.768044
18398.437500	-97.066193
18404.296875	-96.854881
18410.156250	-96.364998
18416.015625	-96.147491
18421.875000	-96.260483
18427.734375	-96.124435
18433.593750	-96.891975
18439.453125	-97.653862
18445.312500	-97.913826
18451.171875	-96.914055
18457.031250	-95.950279
18462.890625	-95.654411
18468.750000	-95.808167
18474.609375	-96.081505
18480.468750	-97.061882
18486.328125	-97.260132
18492.187500	-97.634460
18498.046875	-97.467987
18503.906250	-97.462196
18509.765625	-96.516701
18515.625000	-95.397957
18521.484375	-96.240189
18527.343750	-96.872665
18533.203125	-95.998146
18539.062500	-96.769218
18544.921875	-96.910316
18550.781250	-96.185997
18556.640625	-95.919601
18562.500000	-97.063454
18568.359375	-97.064865
18574.218750	-96.124550
18580.078125	-96.394707
18585.937500	-96.591591
18591.796875	-95.511299
18597.656250	-95.316757
18603.515625	-95.601471
18609.375000	-96.556267
18615.234375	-96.858665
18621.093750	-97.844734
18626.953125	-97.585648
18632.812500	-97.313423
18638.671875	-97.028954
18644.531250	-96.047699
18650.390625	-96.122780
18656.250000	-95.391197
18662.109375	-95.903442
18667.968750	-96.718979
18673.828125	-97.019897
18679.687500	-97.259804
18685.546875	-97.416527
18691.406250	-97.179230
18697.265625	-96.503906
18703.125000	-95.948830
18708.984375	-95.832359
18714.843750	-96.358307
18720.703125	-96.542664
18726.562500	-97.474213
18732.421875	-97.030563
18738.281250	-96.693626
18744.140625	-96.512634
18750.000000	-94.829796
18755.859375	-94.842720
18761.718750	-96.063576
18767.578125	-97.718864
18773.437500	-98.162399
18779.296875	-96.413429
18785.156250	-96.346321
18791.015625	-95.564674
18796.875000	-96.616203
18802.734375	-96.147339
18808.593750	-95.801674
18814.453125	-96.338142
18820.312500	-96.368805
18826.171875	-96.673683
18832.031250	-96.415840
18837.890625	-95.470657
18843.750000	-95.654854
18849.609375	-96.486595
18855.468750	-96.806580
18861.328125	-97.844902
18867.187500	-96.859169
18873.046875	-96.266235
18878.906250	-96.436241
18884.765625	-97.216919
18890.625000	-96.026024
18896.484375	-95.608223
18902.343750	-96.493294
18908.203125	-97.232368
18914.062500	-96.261398
18919.921875	-96.150185
18925.781250	-96.136208
18931.640625	-96.989594
18937.500000	-96.789207
18943.359375	-96.204498
18949.218750	-95.893150
18955.078125	-95.417107
18960.937500	-96.305138
18966.796875	-95.748985
18972.656250	-95.850571
18978.515625	-95.816765
18984.375000	-96.582954
18990.234375	-96.094795
18996.093750	-95.610413
19001.953125	-96.038750
19007.812500	-96.210312
19013.671875	-97.031532
19019.531250	-97.071274
19025.390625	-96.401733
19031.250000	-97.059067
19037.109375	-95.893890
19042.968750	-95.725143
19048.828125	-97.053780
19054.687500	-96.848106
19060.546875	-96.129791
19066.406250	-95.697418
19072.265625	-95.728584
19078.125000	-96.175735
19083.984375	-96.889870
19089.843750	-96.325386
19095.703125	-97.055977
19101.562500	-97.132988
19107.421875	-96.539970
19113.281250	-96.409470
19119.140625	-95.958466
19125.000000	-95.542564
19130.859375	-95.381607
19136.718750	-95.773277
19142.578125	-97.479752
19148.437500	-97.298553
19154.296875	-96.668297
19160.156250	-96.679810
19166.015625	-96.642639
19171.875000	-95.905922
19177.734375	-95.723625
19183.593750	-95.771568
19189.453125	-96.202118
19195.312500	-95.928993
19201.171875	-95.459274
19207.031250	-95.756294
19212.890625	-95.996025
19218.750000	-95.740440
19224.609375	-96.612534
19230.468750	-96.642929
19236.328125	-96.049873
19242.187500	-95.859055
19248.046875	-96.212151
19253.906250	-95.978134
19259.765625	-95.626083
19265.625000	-95.586174
19271.484375	-95.285851
19277.343750	-96.362877
19283.203125	-97.139168
19289.062500	-97.385872
19294.921875	-96.670288
19300.781250	-95.920578
19306.640625	-95.590172
19312.500000	-95.313812
19318.359375	-95.935875
19324.218750	-96.710068
19330.078125	-96.986267
19335.937500	-95.976883
19341.796875	-96.725227
19347.656250	-96.394058
19353.515625	-96.017143
19359.375000	-95.800728
19365.234375	-96.586990
19371.093750	-96.779198
19376.953125	-96.848488
19382.812500	-97.050179
19388.671875	-97.536011
19394.531250	-97.186821
19400.390625	-95.633629
19406.250000	-96.411407
19412.109375	-96.284805
19417.968750	-96.940948
19423.828125	-96.642616
19429.687500	-96.216812
19435.546875	-95.558968
19441.406250	-95.391083
19447.265625	-95.057648
19453.125000	-95.541656
19458.984375	-95.914482
19464.843750	-96.215080
19470.703125	-96.226738
19476.562500	-96.275146
19482.421875	-96.814163
19488.281250	-96.496201
19494.140625	-96.219879
19500.000000	-96.272514
19505.859375	-96.467514
19511.718750	-96.439926
19517.578125	-96.274803
19523.437500	-96.491821
19529.296875	-96.353271
19535.156250	-95.917297
19541.015625	-96.531792
19546.875000	-95.944389
19552.734375	-96.178917
19558.593750	-96.819717
19564.453125	-97.060524
19570.312500	-95.944374
19576.171875	-95.434006
19582.031250	-95.654861
19587.890625	-94.651939
19593.750000	-94.319733
19599.609375	-95.652733
19605.468750	-95.877602
19611.328125	-96.006775
19617.187500	-95.059532
19623.046875	-95.376595
19628.906250	-95.514198
19634.765625	-95.874329
19640.625000	-95.885773
19646.484375	-95.714699
19652.343750	-95.719414
19658.203125	-96.718536
19664.062500	-97.593880
19669.921875	-96.983932
19675.781250	-96.844368
19681.640625	-95.988670
19687.500000	-94.643387
19693.359375	-94.412956
19699.218750	-94.904198
19705.078125	-96.466599
19710.937500	-97.130913
19716.796875	-96.825706
19722.656250	-95.856895
19728.515625	-95.559967
19734.375000	-96.203407
19740.234375	-95.049873
19746.093750	-95.487724
19751.953125	-95.889381
19757.812500	-96.630058
19763.671875	-95.748940
19769.531250	-95.319710
19775.390625	-96.644386
19781.250000	-96.427994
19787.109375	-95.395691
19792.968750	-96.172813
19798.828125	-96.005531
19804.687500	-95.643059
19810.546875	-95.907814
19816.406250	-96.244438
19822.265625	-95.686165
19828.125000	-95.074745
19833.984375	-95.530693
19839.843750	-95.232063
19845.703125	-95.088310
19851.562500	-95.873390
19857.421875	-95.917076
19863.281250	-95.333969
19869.140625	-95.396950
19875.000000	-95.879906
19880.859375	-95.285866
19886.718750	-95.793312
19892.578125	-95.828400
19898.437500	-96.850609
19904.296875	-96.407280
19910.156250	-96.081345
19916.015625	-95.576508
19921.875000	-95.375504
19927.734375	-96.187271
19933.593750	-96.018166
19939.453125	-95.874496
19945.312500	-96.148506
19951.171875	-96.266357
19957.031250	-96.313866
19962.890625	-95.260681
19968.750000	-94.088425
19974.609375	-95.689430
19980.468750	-95.800697
19986.328125	-95.675873
19992.187500	-95.799736
19998.046875	-95.410645
20003.906250	-96.308891
20009.765625	-96.085968
20015.625000	-94.690880
20021.484375	-95.274254
20027.343750	-95.559975
20033.203125	-95.671761
20039.062500	-95.414124
20044.921875	-95.949860
20050.781250	-96.458977
20056.640625	-95.340691
20062.500000	-94.775040
20068.359375	-95.080673
20074.218750	-95.947533
20080.078125	-96.574043
20085.937500	-96.031052
20091.796875	-95.455276
20097.656250	-95.595604
20103.515625	-95.815506
20109.375000	-96.401222
20115.234375	-97.126167
20121.093750	-96.127983
20126.953125	-95.827484
20132.812500	-95.293953
20138.671875	-96.173515
20144.531250	-96.973000
20150.390625	-95.901535
20156.250000	-94.533371
20162.109375	-94.664696
20167.968750	-95.539650
20173.828125	-96.839035
20179.687500	-97.176109
20185.546875	-96.832100
20191.406250	-97.124077
20197.265625	-96.487823
20203.125000	-96.053444
20208.984375	-95.796982
20214.843750	-95.361885
20220.703125	-95.539673
20226.562500	-95.793999
20232.421875	-96.015472
20238.281250	-95.274010
20244.140625	-94.422684
20250.000000	-95.040886
20255.859375	-94.881989
20261.718750	-95.102119
20267.578125	-95.737000
20273.437500	-95.866859
20279.296875	-95.985718
20285.156250	-95.514771
20291.015625	-95.336929
20296.875000	-95.580742
20302.734375	-95.631439
20308.593750	-96.126961
20314.453125	-96.200142
20320.312500	-95.353165
20326.171875	-95.364334
20332.031250	-96.352058
20337.890625	-96.360146
20343.750000	-95.113419
20349.609375	-94.932449
20355.468750	-96.136078
20361.328125	-96.391289
20367.187500	-96.444427
20373.046875	-97.418152
20378.906250	-96.490128
20384.765625	-94.940796
20390.625000	-94.192909
20396.484375	-95.333809
20402.343750	-95.583519
20408.203125	-95.652267
20414.062500	-95.795036
20419.921875	-95.962715
20425.781250	-95.350769
20431.640625	-94.765869
20437.500000	-95.182182
20443.359375	-96.189865
20449.218750	-94.858673
20455.078125	-95.311096
20460.937500	-95.745712
20466.796875	-95.020164
20472.656250	-95.747757
20478.515625	-95.671654
20484.375000	-95.429024
20490.234375	-95.100204
20496.093750	-94.452431
20501.953125	-94.907112
20507.812500	-94.943367
20513.671875	-95.007507
20519.531250	-94.900528
20525.390625	-94.350609
20531.250000	-94.473244
20537.109375	-94.853828
20542.968750	-95.571899
20548.828125	-95.140739
20554.687500	-96.312660
20560.546875	-95.361259
20566.406250	-94.790016
20572.265625	-95.149506
20578.125000	-95.115776
20583.984375	-95.664825
20589.843750	-96.950584
20595.703125	-96.956322
20601.562500	-96.497421
20607.421875	-95.374725
20613.281250	-95.471870
20619.140625	-96.011955
20625.000000	-95.138550
20630.859375	-95.053856
20636.718750	-95.754211
20642.578125	-95.395622
20648.437500	-95.743675
20654.296875	-95.832253
20660.156250	-95.214134
20666.015625	-94.718224
20671.875000	-94.760574
20677.734375	-94.890778
20683.593750	-95.509995
20689.453125	-95.826340
20695.312500	-96.180252
20701.171875	-95.123077
20707.031250	-94.157280
20712.890625	-94.457809
20718.750000	-94.156693
20724.609375	-94.353249
20730.468750	-93.858932
20736.328125	-94.658630
20742.187500	-95.039894
20748.046875	-95.339439
20753.906250	-95.360878
20759.765625	-95.476746
20765.625000	-95.192947
20771.484375	-95.392784
20777.343750	-95.967720
20783.203125	-95.469490
20789.062500	-95.006813
20794.921875	-95.077126
20800.781250	-94.431801
20806.640625	-94.203804
20812.500000	-94.705276
20818.359375	-96.073578
20824.218750	-95.220856
20830.078125	-95.324081
20835.937500	-95.410141
20841.796875	-95.277214
20847.656250	-95.203445
20853.515625	-94.731956
20859.375000	-93.827606
20865.234375	-93.893372
20871.093750	-94.794121
20876.953125	-96.525192
20882.812500	-96.249336
20888.671875	-94.858612
20894.531250	-94.974098
20900.390625	-95.109978
20906.250000	-94.707100
20912.109375	-94.918564
20917.968750	-95.118866
20923.828125	-95.738426
20929.687500	-96.550713
20935.546875	-95.781807
20941.406250	-95.210915
20947.265625	-94.916992
20953.125000	-95.126343
20958.984375	-95.416229
20964.843750	-95.297836
20970.703125	-94.829010
20976.562500	-95.277542
20982.421875	-95.291420
20988.281250	-96.079803
20994.140625	-95.110237
21000.000000	-95.300018
21005.859375	-95.607124
21011.718750	-95.908554
21017.578125	-95.645271
21023.437500	-95.702393
21029.296875	-94.918488
21035.156250	-94.454102
21041.015625	-95.323029
21046.875000	-95.148933
21052.734375	-95.030159
21058.593750	-95.647041
21064.453125	-94.678177
21070.312500	-94.944374
21076.171875	-95.813820
21082.031250	-95.722809
21087.890625	-95.385963
21093.750000	-95.170731
21099.609375	-95.038002
21105.468750	-95.392159
21111.328125	-95.960159
21117.187500	-95.780708
21123.046875	-95.847908
21128.906250	-95.344368
21134.765625	-94.676872
21140.625000	-94.792686
21146.484375	-95.301216
21152.343750	-94.982368
21158.203125	-96.039833
21164.062500	-95.473907
21169.921875	-95.825050
21175.781250	-95.778656
21181.640625	-94.860390
21187.500000	-94.639786
21193.359375	-94.042122
21199.218750	-95.140945
21205.078125	-95.246056
21210.937500	-95.316368
21216.796875	-96.431175
21222.656250	-96.229904
21228.515625	-95.507645
21234.375000	-95.086273
21240.234375	-95.023460
21246.093750	-95.625717
21251.953125	-96.430389
21257.812500	-96.370171
21263.671875	-95.242058
21269.531250	-94.520676
21275.390625	-94.602211
21281.250000	-94.851608
21287.109375	-95.884491
21292.968750	-96.647690
21298.828125	-96.712921
21304.687500	-96.235489
21310.546875	-95.899544
21316.406250	-95.585823
21322.265625	-95.926369
21328.125000	-95.241295
21333.984375	-95.300217
21339.843750	-95.915962
21345.703125	-95.910622
21351.562500	-95.242226
21357.421875	-94.617409
21363.281250	-94.894264
21369.140625	-94.628296
21375.000000	-95.851303
21380.859375	-95.710464
21386.718750	-96.647064
21392.578125	-96.453560
21398.437500	-96.393036
21404.296875	-96.065598
21410.156250	-95.861374
21416.015625	-94.844749
21421.875000	-95.609108
21427.734375	-95.870346
21433.593750	-95.563873
21439.453125	-95.906815
21445.312500	-96.034546
21451.171875	-95.427231
21457.031250	-96.002281
21462.890625	-95.975044
21468.750000	-95.866165
21474.609375	-95.616249
21480.468750	-95.997238
21486.328125	-95.789581
21492.187500	-95.638802
21498.046875	-95.820496
21503.906250	-95.804657
21509.765625	-96.106956
21515.625000	-96.858727
21521.484375	-96.062263
21527.343750	-95.807800
21533.203125	-96.046272
21539.062500	-97.045876
21544.921875	-96.718971
21550.781250	-95.295425
21556.640625	-95.054062
21562.500000	-95.648468
21568.359375	-96.248253
21574.218750	-96.096542
21580.078125	-96.247047
21585.937500	-96.355614
21591.796875	-97.136559
21597.656250	-96.734818
21603.515625	-94.704758
21609.375000	-94.331726
21615.234375	-95.744598
21621.093750	-96.698952
21626.953125	-96.399971
21632.812500	-95.773529
21638.671875	-96.111946
21644.531250	-96.667900
21650.390625	-96.949722
21656.250000	-96.347137
21662.109375	-96.024544
21667.968750	-96.603882
21673.828125	-97.445648
21679.687500	-96.349190
21685.546875	-96.334015
21691.406250	-95.974510
21697.265625	-96.266357
21703.125000	-96.551895
21708.984375	-96.932068
21714.843750	-97.542931
21720.703125	-97.310005
21726.562500	-97.560753
21732.421875	-97.281837
21738.281250	-97.623055
21744.140625	-96.839272
21750.000000	-96.846115
21755.859375	-96.669434
21761.718750	-96.817078
21767.578125	-97.815750
21773.437500	-97.507309
21779.296875	-96.621567
21785.156250	-97.327606
21791.015625	-96.701080
21796.875000	-97.034599
21802.734375	-97.091888
21808.593750	-97.022003
21814.453125	-97.444458
21820.312500	-97.026886
21826.171875	-96.779472
21832.031250	-97.125809
21837.890625	-98.069199
21843.750000	-97.332733
21849.609375	-97.095749
21855.468750	-97.746674
21861.328125	-98.199532
21867.187500	-98.813179
21873.046875	-99.350624
21878.906250	-98.753769
21884.765625	-97.939476
21890.625000	-97.684776
21896.484375	-97.464539
21902.343750	-98.421700
21908.203125	-98.179123
21914.062500	-98.076561
21919.921875	-98.585503
21925.781250	-98.457397
21931.640625	-98.152328
21937.500000	-98.298370
21943.359375	-98.180107
21949.218750	-98.278992
21955.078125	-97.763786
21960.937500	-99.012497
21966.796875	-98.415649
21972.656250	-97.695847
21978.515625	-97.457077
21984.375000	-97.272713
21990.234375	-97.405556
21996.093750	-97.055557
22001.953125	-97.649841
22007.812500	-98.625557
22013.671875	-98.759514
22019.531250	-99.327835
22025.390625	-98.750183
22031.250000	-98.623932
22037.109375	-98.155487
22042.968750	-97.485657
22048.828125	-100.434067
22054.687500	-100.953552
22060.546875	-98.688721
22066.406250	-97.736115
22072.265625	-98.194031
22078.125000	-99.085808
22083.984375	-99.661644
22089.843750	-99.012238
22095.703125	-99.498108
22101.562500	-99.354683
22107.421875	-99.366158
22113.281250	-100.269905
22119.140625	-99.476379
22125.000000	-98.776031
22130.859375	-98.640709
22136.718750	-100.091904
22142.578125	-100.558434
22148.437500	-99.975258
22154.296875	-99.893829
22160.156250	-99.500160
22166.015625	-99.346321
22171.875000	-99.692970
22177.734375	-99.989731
22183.593750	-100.259323
22189.453125	-100.392204
22195.312500	-100.147285
22201.171875	-100.560646
22207.031250	-100.721863
22212.890625	-99.969818
22218.750000	-99.595047
22224.609375	-100.377213
22230.468750	-101.562675
22236.328125	-100.915039
22242.187500	-100.419014
22248.046875	-100.416054
22253.906250	-99.911011
22259.765625	-100.887634
22265.625000	-99.773247
22271.484375	-99.057144
22277.343750	-100.542847
22283.203125	-100.628624
22289.062500	-100.914619
22294.921875	-100.686249
22300.781250	-100.633812
22306.640625	-101.710732
22312.500000	-101.861237
22318.359375	-101.264053
22324.218750	-101.365234
22330.078125	-102.639427
22335.937500	-102.709717
22341.796875	-102.030373
22347.656250	-101.346062
22353.515625	-100.927795
22359.375000	-101.036659
22365.234375	-101.851357
22371.093750	-102.508148
22376.953125	-102.223572
22382.812500	-102.402939
22388.671875	-102.271782
22394.531250	-101.776726
22400.390625	-101.281853
22406.250000	-102.202477
22412.109375	-101.989265
22417.968750	-101.648361
22423.828125	-102.248901
22429.687500	-102.682549
22435.546875	-102.558388
22441.406250	-103.046951
22447.265625	-103.179886
22453.125000	-102.546982
22458.984375	-102.065781
22464.843750	-102.611504
22470.703125	-103.115997
22476.562500	-102.282562
22482.421875	-102.720947
22488.281250	-103.043320
22494.140625	-102.882027
22500.000000	-102.145042
22505.859375	-102.682014
22511.718750	-102.518417
22517.578125	-102.877502
22523.437500	-103.926399
22529.296875	-103.936073
22535.156250	-104.205986
22541.015625	-104.897545
22546.875000	-104.406921
22552.734375	-104.136978
22558.593750	-105.554466
22564.453125	-107.078743
22570.312500	-109.125732
22576.171875	-113.263741
22582.031250	-117.287537
22587.890625	-122.348877
22593.750000	-126.593002
22599.609375	-127.588570
22605.468750	-127.265923
22611.328125	-128.431198
22617.187500	-129.171524
22623.046875	-128.502396
22628.906250	-129.029831
22634.765625	-128.796768
22640.625000	-128.702362
22646.484375	-129.499496
22652.343750	-130.102097
22658.203125	-129.719940
22664.062500	-129.509857
22669.921875	-130.031174
22675.781250	-130.562592
22681.640625	-130.739182
22687.500000	-129.906219
22693.359375	-129.202301
22699.218750	-128.919189
22705.078125	-129.243835
22710.937500	-129.205948
22716.796875	-129.682800
22722.656250	-130.232925
22728.515625	-129.395172
22734.375000	-128.926315
22740.234375	-130.358932
22746.093750	-130.271942
22751.953125	-129.958450
22757.812500	-128.925980
22763.671875	-129.573624
22769.531250	-129.723160
22775.390625	-129.789688
22781.250000	-128.933441
22787.109375	-129.532227
22792.968750	-129.278702
22798.828125	-129.358490
22804.687500	-130.219666
22810.546875	-130.471695
22816.406250	-129.915665
22822.265625	-129.331802
22828.125000	-129.581329
22833.984375	-129.387924
22839.843750	-129.332306
22845.703125	-130.097961
22851.562500	-130.310684
22857.421875	-128.988800
22863.281250	-128.738174
22869.140625	-129.398911
22875.000000	-129.954391
22880.859375	-128.560303
22886.718750	-128.852219
22892.578125	-129.239838
22898.437500	-129.265167
22904.296875	-128.628098
22910.156250	-129.631027
22916.015625	-129.536453
22921.875000	-129.994644
22927.734375	-129.624512
22933.593750	-129.968018
22939.453125	-129.720032
22945.312500	-129.216812
22951.171875	-128.624573
22957.031250	-128.247009
22962.890625	-129.056000
22968.750000	-129.123749
22974.609375	-128.768768
22980.468750	-129.064972
22986.328125	-130.025116
22992.187500	-130.223694
22998.046875	-129.145432
23003.906250	-128.271774
23009.765625	-128.551239
23015.625000	-130.660721
23021.484375	-130.311417
23027.343750	-129.759476
23033.203125	-130.182465
23039.062500	-129.632248
23044.921875	-128.919144
23050.781250	-129.366592
23056.640625	-129.640671
23062.500000	-130.031937
23068.359375	-129.493225
23074.218750	-129.174515
23080.078125	-128.702118
23085.937500	-129.137955
23091.796875	-129.379913
23097.656250	-128.914169
23103.515625	-129.549118
23109.375000	-129.601242
23115.234375	-128.777390
23121.093750	-129.397903
23126.953125	-129.507294
23132.812500	-129.712189
23138.671875	-130.791870
23144.531250	-129.528000
23150.390625	-129.462982
23156.250000	-129.958801
23162.109375	-129.403503
23167.968750	-129.079849
23173.828125	-129.548569
23179.687500	-129.677353
23185.546875	-129.490875
23191.406250	-129.456451
23197.265625	-130.313599
23203.125000	-130.676941
23208.984375	-130.166351
23214.843750	-129.952347
23220.703125	-129.688873
23226.562500	-130.116928
23232.421875	-129.666595
23238.281250	-129.447220
23244.140625	-128.981766
23250.000000	-128.888611
23255.859375	-128.532318
23261.718750	-128.588898
23267.578125	-129.576157
23273.437500	-129.937790
23279.296875	-129.383774
23285.156250	-128.544586
23291.015625	-129.166199
23296.875000	-130.049164
23302.734375	-129.268646
23308.593750	-129.392303
23314.453125	-128.852493
23320.312500	-129.711624
23326.171875	-130.033478
23332.031250	-129.969894
23337.890625	-129.484451
23343.750000	-129.876877
23349.609375	-129.793259
23355.468750	-130.221344
23361.328125	-130.282410
23367.187500	-129.677063
23373.046875	-129.344696
23378.906250	-129.691360
23384.765625	-129.775635
23390.625000	-129.794083
23396.484375	-128.595688
23402.343750	-128.384933
23408.203125	-129.251877
23414.062500	-129.190155
23419.921875	-129.291351
23425.781250	-129.239349
23431.640625	-128.758331
23437.500000	-128.085968
23443.359375	-127.598305
23449.218750	-128.869614
23455.078125	-129.559769
23460.937500	-129.255386
23466.796875	-129.598511
23472.656250	-129.843384
23478.515625	-129.988541
23484.375000	-130.065781
23490.234375	-130.212051
23496.093750	-129.454163
23501.953125	-128.817001
23507.812500	-128.272354
23513.671875	-129.048889
23519.531250	-129.654816
23525.390625	-129.168198
23531.250000	-129.442810
23537.109375	-129.347778
23542.968750	-129.249817
23548.828125	-130.058517
23554.687500	-129.385345
23560.546875	-129.609024
23566.406250	-130.683243
23572.265625	-129.518707
23578.125000	-129.790741
23583.984375	-129.409088
23589.843750	-129.291061
23595.703125	-129.759171
23601.562500	-129.595673
23607.421875	-128.907837
23613.281250	-128.621216
23619.140625	-129.222061
23625.000000	-129.170959
23630.859375	-129.179794
23636.718750	-128.950668
23642.578125	-128.633224
23648.437500	-129.174896
23654.296875	-129.280289
23660.156250	-128.979172
23666.015625	-129.039719
23671.875000	-128.317307
23677.734375	-128.474213
23683.593750	-129.554810
23689.453125	-128.731369
23695.312500	-130.143814
23701.171875	-129.756165
23707.031250	-129.107986
23712.890625	-129.070404
23718.750000	-129.162689
23724.609375	-129.506516
23730.468750	-129.010529
23736.328125	-129.338974
23742.187500	-129.468109
23748.046875	-130.139404
23753.906250	-129.208420
23759.765625	-129.853302
23765.625000	-130.297760
23771.484375	-129.377960
23777.343750	-129.575012
23783.203125	-129.651733
23789.062500	-129.216003
23794.921875	-128.859665
23800.781250	-129.157272
23806.640625	-128.628616
23812.500000	-128.809647
23818.359375	-129.805786
23824.218750	-129.686691
23830.078125	-129.350098
23835.937500	-129.359756
23841.796875	-129.041855
23847.656250	-128.860550
23853.515625	-128.804001
23859.375000	-128.437622
23865.234375	-129.164078
23871.093750	-129.412491
23876.953125	-128.308731
23882.812500	-128.726715
23888.671875	-128.935303
23894.531250	-129.653580
23900.390625	-131.067581
23906.250000	-130.572479
23912.109375	-128.871613
23917.968750	-128.514420
23923.828125	-128.969437
23929.687500	-129.748108
23935.546875	-128.719681
23941.406250	-128.592728
23947.265625	-128.908630
23953.125000	-129.276260
23958.984375	-129.895630
23964.843750	-129.042557
23970.703125	-128.755157
23976.562500	-129.315613
23982.421875	-129.382736
23988.281250	-129.152466
23994.140625	-129.297882
