频率 (Hz)	电平 (dB)
5.859375	-94.448402
11.718750	-99.860153
17.578125	-100.681877
23.437500	-98.896393
29.296875	-101.295280
35.156250	-99.099823
41.015625	-94.694176
46.875000	-87.412849
52.734375	-81.964226
58.593750	-75.077248
64.453125	-71.084145
70.312500	-59.658840
76.171875	-54.326805
82.031250	-59.821354
87.890625	-63.664921
93.750000	-64.128952
99.609375	-62.507458
105.468750	-65.184891
111.328125	-65.919289
117.187500	-67.113869
123.046875	-65.369926
128.906250	-65.199738
134.765625	-66.124962
140.625000	-67.296104
146.484375	-62.329884
152.343750	-58.174206
158.203125	-64.392830
164.062500	-72.097557
169.921875	-70.015167
175.781250	-68.080406
181.640625	-68.062950
187.500000	-72.174126
193.359375	-64.392052
199.218750	-58.302433
205.078125	-61.871704
210.937500	-65.493881
216.796875	-64.770607
222.656250	-59.561413
228.515625	-57.620121
234.375000	-64.709274
240.234375	-70.691605
246.093750	-70.823730
251.953125	-69.993973
257.812500	-68.907501
263.671875	-69.925423
269.531250	-71.496613
275.390625	-67.463699
281.250000	-65.041016
287.109375	-66.464600
292.968750	-69.727745
298.828125	-65.133636
304.687500	-61.543530
310.546875	-63.204536
316.406250	-67.821548
322.265625	-71.250511
328.125000	-66.667061
333.984375	-64.982056
339.843750	-68.583504
345.703125	-69.057976
351.562500	-72.610657
357.421875	-71.817604
363.281250	-67.743660
369.140625	-70.338463
375.000000	-65.867180
380.859375	-63.931450
386.718750	-68.964493
392.578125	-68.058212
398.437500	-62.059193
404.296875	-64.079880
410.156250	-68.380508
416.015625	-70.477516
421.875000	-72.901367
427.734375	-70.439781
433.593750	-67.902321
439.453125	-67.689056
445.312500	-68.495544
451.171875	-67.179558
457.031250	-65.872932
462.890625	-67.519783
468.750000	-69.110458
474.609375	-69.654648
480.468750	-70.280006
486.328125	-70.833435
492.187500	-69.528137
498.046875	-68.339455
503.906250	-70.129494
509.765625	-71.058495
515.625000	-71.082329
521.484375	-71.208008
527.343750	-68.786263
533.203125	-66.728745
539.062500	-68.716820
544.921875	-69.174706
550.781250	-67.931458
556.640625	-70.058136
562.500000	-71.275871
568.359375	-70.145760
574.218750	-68.875641
580.078125	-70.838760
585.937500	-73.173637
591.796875	-73.186096
597.656250	-71.568710
603.515625	-71.187172
609.375000	-71.974602
615.234375	-72.119431
621.093750	-71.213806
626.953125	-72.133492
632.812500	-72.290421
638.671875	-69.516403
644.531250	-69.534309
650.390625	-68.233147
656.250000	-70.047157
662.109375	-73.274208
667.968750	-72.292580
673.828125	-73.459732
679.687500	-70.270767
685.546875	-68.271500
691.406250	-69.317123
697.265625	-69.965919
703.125000	-71.233070
708.984375	-74.640800
714.843750	-75.275787
720.703125	-74.284058
726.562500	-74.419334
732.421875	-73.423019
738.281250	-73.109619
744.140625	-72.270935
750.000000	-69.503212
755.859375	-68.531685
761.718750	-70.451820
767.578125	-69.547798
773.437500	-71.731499
779.296875	-74.013649
785.156250	-73.261360
791.015625	-71.293854
796.875000	-71.737267
802.734375	-69.988274
808.593750	-69.599731
814.453125	-71.054649
820.312500	-68.526237
826.171875	-66.982758
832.031250	-67.572296
837.890625	-68.704208
843.750000	-68.611137
849.609375	-69.243927
855.468750	-71.321289
861.328125	-71.288605
867.187500	-71.730118
873.046875	-70.044022
878.906250	-68.408302
884.765625	-70.351768
890.625000	-72.119278
896.484375	-68.842636
902.343750	-67.458672
908.203125	-68.342148
914.062500	-69.465736
919.921875	-70.776253
925.781250	-69.302956
931.640625	-68.441147
937.500000	-69.011551
943.359375	-70.654831
949.218750	-70.697357
955.078125	-72.270821
960.937500	-70.775574
966.796875	-70.879990
972.656250	-72.596390
978.515625	-70.199753
984.375000	-67.631424
990.234375	-67.598740
996.093750	-69.138252
1001.953125	-69.766525
1007.812500	-71.470581
1013.671875	-67.968803
1019.531250	-66.216560
1025.390625	-68.844040
1031.250000	-71.083206
1037.109375	-66.900368
1042.968750	-65.890930
1048.828125	-67.479164
1054.687500	-67.475494
1060.546875	-66.491104
1066.406250	-69.006371
1072.265625	-69.117828
1078.125000	-67.328789
1083.984375	-67.193481
1089.843750	-68.865593
1095.703125	-69.975822
1101.562500	-72.060890
1107.421875	-70.022163
1113.281250	-68.908554
1119.140625	-68.501732
1125.000000	-68.296661
1130.859375	-68.515167
1136.718750	-66.245567
1142.578125	-67.414436
1148.437500	-68.376488
1154.296875	-68.387375
1160.156250	-68.353241
1166.015625	-69.780876
1171.875000	-69.841095
1177.734375	-69.474373
1183.593750	-68.692902
1189.453125	-70.393486
1195.312500	-71.458916
1201.171875	-67.752274
1207.031250	-66.832375
1212.890625	-66.446251
1218.750000	-65.712158
1224.609375	-66.458099
1230.468750	-68.055840
1236.328125	-69.603317
1242.187500	-69.045197
1248.046875	-68.380875
1253.906250	-68.638596
1259.765625	-68.571152
1265.625000	-69.817596
1271.484375	-70.581451
1277.343750	-69.427727
1283.203125	-68.407349
1289.062500	-68.058052
1294.921875	-69.522552
1300.781250	-70.453415
1306.640625	-70.074463
1312.500000	-68.929344
1318.359375	-67.489250
1324.218750	-69.514664
1330.078125	-69.965088
1335.937500	-70.279327
1341.796875	-69.874130
1347.656250	-67.548668
1353.515625	-64.848579
1359.375000	-66.164452
1365.234375	-67.546036
1371.093750	-68.706039
1376.953125	-67.640427
1382.812500	-66.993988
1388.671875	-68.648796
1394.531250	-68.681686
1400.390625	-68.546379
1406.250000	-68.875305
1412.109375	-68.627655
1417.968750	-68.208420
1423.828125	-67.747231
1429.687500	-69.137184
1435.546875	-69.702934
1441.406250	-66.975487
1447.265625	-66.945793
1453.125000	-67.631317
1458.984375	-65.850601
1464.843750	-65.969955
1470.703125	-69.056274
1476.562500	-71.111526
1482.421875	-72.501236
1488.281250	-68.563873
1494.140625	-67.904991
1500.000000	-67.226875
1505.859375	-67.209160
1511.718750	-68.564705
1517.578125	-66.097404
1523.437500	-66.618401
1529.296875	-71.242302
1535.156250	-70.711220
1541.015625	-71.455208
1546.875000	-72.480797
1552.734375	-72.294769
1558.593750	-72.267235
1564.453125	-72.361755
1570.312500	-72.286949
1576.171875	-71.739883
1582.031250	-69.528809
1587.890625	-70.383347
1593.750000	-69.918388
1599.609375	-69.227707
1605.468750	-69.741127
1611.328125	-71.652946
1617.187500	-70.712242
1623.046875	-70.418839
1628.906250	-70.516098
1634.765625	-69.571640
1640.625000	-71.699509
1646.484375	-71.244347
1652.343750	-69.527878
1658.203125	-70.837395
1664.062500	-70.568451
1669.921875	-69.984169
1675.781250	-70.226700
1681.640625	-70.446884
1687.500000	-69.457748
1693.359375	-69.826920
1699.218750	-69.696289
1705.078125	-70.365852
1710.937500	-70.973671
1716.796875	-71.780937
1722.656250	-71.478729
1728.515625	-73.881195
1734.375000	-72.128960
1740.234375	-71.712891
1746.093750	-72.806801
1751.953125	-72.402184
1757.812500	-72.527893
1763.671875	-71.927483
1769.531250	-72.234497
1775.390625	-72.494423
1781.250000	-69.964455
1787.109375	-69.664345
1792.968750	-71.007423
1798.828125	-71.119522
1804.687500	-70.842735
1810.546875	-70.931778
1816.406250	-72.024078
1822.265625	-70.386871
1828.125000	-68.844200
1833.984375	-70.034073
1839.843750	-69.623672
1845.703125	-67.223129
1851.562500	-67.651917
1857.421875	-71.124786
1863.281250	-71.658745
1869.140625	-71.347610
1875.000000	-70.209885
1880.859375	-69.180229
1886.718750	-71.356163
1892.578125	-70.773628
1898.437500	-71.362137
1904.296875	-71.469933
1910.156250	-71.532837
1916.015625	-72.313957
1921.875000	-72.451057
1927.734375	-73.201805
1933.593750	-73.677422
1939.453125	-73.003159
1945.312500	-71.851257
1951.171875	-72.687729
1957.031250	-72.316048
1962.890625	-73.100586
1968.750000	-73.340660
1974.609375	-71.359131
1980.468750	-71.571411
1986.328125	-72.484726
1992.187500	-71.248657
1998.046875	-70.408104
2003.906250	-71.427963
2009.765625	-72.127090
2015.625000	-72.203346
2021.484375	-72.325310
2027.343750	-72.784210
2033.203125	-73.804207
2039.062500	-71.679100
2044.921875	-71.500145
2050.781250	-70.928207
2056.640625	-71.544983
2062.500000	-71.908501
2068.359375	-72.126968
2074.218750	-72.498711
2080.078125	-72.718910
2085.937500	-71.638367
2091.796875	-71.797844
2097.656250	-72.122887
2103.515625	-71.284767
2109.375000	-72.103989
2115.234375	-71.174072
2121.093750	-71.579880
2126.953125	-71.715187
2132.812500	-71.649246
2138.671875	-70.855614
2144.531250	-71.389099
2150.390625	-71.421463
2156.250000	-71.817673
2162.109375	-71.773727
2167.968750	-72.525536
2173.828125	-72.500534
2179.687500	-70.606758
2185.546875	-71.431885
2191.406250	-72.587158
2197.265625	-73.231979
2203.125000	-73.500587
2208.984375	-73.666451
2214.843750	-73.414619
2220.703125	-72.825821
2226.562500	-72.027161
2232.421875	-72.938385
2238.281250	-72.640610
2244.140625	-70.759186
2250.000000	-70.516136
2255.859375	-71.792908
2261.718750	-71.945274
2267.578125	-72.510185
2273.437500	-72.531456
2279.296875	-73.166664
2285.156250	-71.689445
2291.015625	-71.151237
2296.875000	-71.800423
2302.734375	-73.078918
2308.593750	-73.209534
2314.453125	-73.510902
2320.312500	-73.808723
2326.171875	-71.995415
2332.031250	-72.387970
2337.890625	-72.616783
2343.750000	-71.759422
2349.609375	-73.030701
2355.468750	-72.672958
2361.328125	-74.080635
2367.187500	-74.974747
2373.046875	-72.482819
2378.906250	-72.775627
2384.765625	-72.886368
2390.625000	-72.800255
2396.484375	-71.552620
2402.343750	-71.193092
2408.203125	-72.003136
2414.062500	-72.853096
2419.921875	-73.333549
2425.781250	-74.030113
2431.640625	-73.415710
2437.500000	-73.371925
2443.359375	-74.245453
2449.218750	-74.229828
2455.078125	-73.343254
2460.937500	-73.686356
2466.796875	-73.775436
2472.656250	-72.307487
2478.515625	-72.094360
2484.375000	-73.476082
2490.234375	-73.809616
2496.093750	-74.619019
2501.953125	-74.326508
2507.812500	-74.128525
2513.671875	-73.786713
2519.531250	-73.468826
2525.390625	-72.102837
2531.250000	-73.075928
2537.109375	-73.501350
2542.968750	-73.551857
2548.828125	-73.732506
2554.687500	-75.636002
2560.546875	-76.003807
2566.406250	-74.561043
2572.265625	-74.150742
2578.125000	-74.994576
2583.984375	-74.587914
2589.843750	-74.283516
2595.703125	-75.093895
2601.562500	-75.565247
2607.421875	-75.436325
2613.281250	-75.716705
2619.140625	-76.557327
2625.000000	-76.909950
2630.859375	-75.370766
2636.718750	-77.525772
2642.578125	-78.280609
2648.437500	-77.063423
2654.296875	-76.682693
2660.156250	-76.056847
2666.015625	-75.712585
2671.875000	-76.895927
2677.734375	-76.701546
2683.593750	-77.103020
2689.453125	-78.678848
2695.312500	-78.569267
2701.171875	-77.829788
2707.031250	-77.269020
2712.890625	-75.703575
2718.750000	-75.912849
2724.609375	-77.682602
2730.468750	-76.627449
2736.328125	-76.237518
2742.187500	-78.167336
2748.046875	-77.482582
2753.906250	-75.842232
2759.765625	-76.330605
2765.625000	-76.713028
2771.484375	-77.137947
2777.343750	-77.969612
2783.203125	-79.163834
2789.062500	-79.196564
2794.921875	-79.054382
2800.781250	-76.981514
2806.640625	-75.324707
2812.500000	-76.011345
2818.359375	-75.197945
2824.218750	-74.679436
2830.078125	-76.653427
2835.937500	-77.054916
2841.796875	-77.443695
2847.656250	-76.248085
2853.515625	-75.187599
2859.375000	-76.555519
2865.234375	-77.903511
2871.093750	-78.152870
2876.953125	-77.881355
2882.812500	-76.788689
2888.671875	-77.259140
2894.531250	-77.678864
2900.390625	-76.825012
2906.250000	-76.160240
2912.109375	-76.770569
2917.968750	-78.372353
2923.828125	-78.877716
2929.687500	-77.855186
2935.546875	-77.405060
2941.406250	-76.788361
2947.265625	-76.422928
2953.125000	-76.405678
2958.984375	-78.433212
2964.843750	-78.303696
2970.703125	-76.823128
2976.562500	-74.698509
2982.421875	-75.317978
2988.281250	-75.318382
2994.140625	-75.968895
3000.000000	-76.929062
3005.859375	-75.577522
3011.718750	-74.663857
3017.578125	-74.651070
3023.437500	-75.758743
3029.296875	-75.475327
3035.156250	-74.777374
3041.015625	-74.673592
3046.875000	-76.091995
3052.734375	-76.330650
3058.593750	-77.417236
3064.453125	-76.356888
3070.312500	-76.040504
3076.171875	-76.056999
3082.031250	-77.340416
3087.890625	-77.611221
3093.750000	-77.339905
3099.609375	-77.574341
3105.468750	-78.123680
3111.328125	-77.574982
3117.187500	-77.314194
3123.046875	-77.201294
3128.906250	-76.407043
3134.765625	-76.950562
3140.625000	-77.275009
3146.484375	-78.888840
3152.343750	-79.228622
3158.203125	-78.881798
3164.062500	-79.563026
3169.921875	-79.056770
3175.781250	-78.212914
3181.640625	-77.431030
3187.500000	-78.170967
3193.359375	-79.483826
3199.218750	-78.860092
3205.078125	-78.184021
3210.937500	-79.295242
3216.796875	-80.687218
3222.656250	-80.145523
3228.515625	-78.435364
3234.375000	-78.665169
3240.234375	-80.560440
3246.093750	-79.320816
3251.953125	-79.865410
3257.812500	-78.551102
3263.671875	-78.006699
3269.531250	-79.152771
3275.390625	-79.101768
3281.250000	-78.458984
3287.109375	-78.553703
3292.968750	-79.227768
3298.828125	-79.125648
3304.687500	-80.229210
3310.546875	-79.524368
3316.406250	-78.998779
3322.265625	-79.137962
3328.125000	-80.465652
3333.984375	-79.396927
3339.843750	-78.860214
3345.703125	-79.433212
3351.562500	-79.670364
3357.421875	-79.471130
3363.281250	-78.842247
3369.140625	-78.753151
3375.000000	-80.258316
3380.859375	-80.366859
3386.718750	-78.808647
3392.578125	-77.968468
3398.437500	-78.841064
3404.296875	-79.839668
3410.156250	-79.970268
3416.015625	-78.887634
3421.875000	-77.519814
3427.734375	-77.267418
3433.593750	-77.997505
3439.453125	-78.781181
3445.312500	-79.666359
3451.171875	-81.000023
3457.031250	-81.435471
3462.890625	-80.366676
3468.750000	-79.529007
3474.609375	-80.050934
3480.468750	-80.234436
3486.328125	-80.046761
3492.187500	-80.025551
3498.046875	-80.468826
3503.906250	-81.001282
3509.765625	-80.566864
3515.625000	-81.043884
3521.484375	-81.362648
3527.343750	-81.037262
3533.203125	-81.216492
3539.062500	-81.105560
3544.921875	-80.075638
3550.781250	-79.716171
3556.640625	-79.900650
3562.500000	-79.334808
3568.359375	-80.730713
3574.218750	-81.921112
3580.078125	-81.088112
3585.937500	-80.572411
3591.796875	-81.017632
3597.656250	-81.229836
3603.515625	-81.554558
3609.375000	-80.960052
3615.234375	-80.724312
3621.093750	-80.252213
3626.953125	-79.937538
3632.812500	-81.208923
3638.671875	-82.137383
3644.531250	-82.155800
3650.390625	-81.839745
3656.250000	-82.791573
3662.109375	-81.980705
3667.968750	-80.382637
3673.828125	-80.231171
3679.687500	-82.457832
3685.546875	-82.782631
3691.406250	-80.499504
3697.265625	-79.256500
3703.125000	-80.214355
3708.984375	-80.499481
3714.843750	-81.437561
3720.703125	-82.365829
3726.562500	-83.248650
3732.421875	-84.019768
3738.281250	-84.214371
3744.140625	-82.963432
3750.000000	-82.206612
3755.859375	-83.247139
3761.718750	-83.635773
3767.578125	-83.455818
3773.437500	-82.621170
3779.296875	-83.908432
3785.156250	-83.815300
3791.015625	-83.102318
3796.875000	-81.973259
3802.734375	-82.414589
3808.593750	-83.177811
3814.453125	-83.325775
3820.312500	-83.050980
3826.171875	-83.765450
3832.031250	-82.701103
3837.890625	-82.568176
3843.750000	-82.303383
3849.609375	-83.397499
3855.468750	-83.384552
3861.328125	-82.540787
3867.187500	-83.091156
3873.046875	-82.374306
3878.906250	-81.559380
3884.765625	-82.723495
3890.625000	-83.835388
3896.484375	-83.044945
3902.343750	-83.714844
3908.203125	-83.303574
3914.062500	-84.984100
3919.921875	-84.195358
3925.781250	-83.478401
3931.640625	-82.744453
3937.500000	-82.433327
3943.359375	-83.001297
3949.218750	-85.013687
3955.078125	-84.358429
3960.937500	-84.287956
3966.796875	-83.662712
3972.656250	-82.529861
3978.515625	-83.372406
3984.375000	-83.963669
3990.234375	-83.835144
3996.093750	-83.291878
4001.953125	-84.211853
4007.812500	-84.566223
4013.671875	-85.217896
4019.531250	-85.262138
4025.390625	-83.779816
4031.250000	-83.836746
4037.109375	-84.076775
4042.968750	-83.860840
4048.828125	-83.982254
4054.687500	-83.641273
4060.546875	-84.361618
4066.406250	-84.038628
4072.265625	-84.333664
4078.125000	-82.627869
4083.984375	-82.673569
4089.843750	-84.472488
4095.703125	-84.953484
4101.562500	-85.283020
4107.421875	-86.024956
4113.281250	-84.458954
4119.140625	-83.623611
4125.000000	-83.653122
4130.859375	-83.142235
4136.718750	-83.425667
4142.578125	-83.713165
4148.437500	-85.119888
4154.296875	-86.452690
4160.156250	-86.138748
4166.015625	-86.581085
4171.875000	-85.812157
4177.734375	-86.646439
4183.593750	-86.019669
4189.453125	-86.705589
4195.312500	-87.546013
4201.171875	-85.628433
4207.031250	-85.732246
4212.890625	-86.201508
4218.750000	-85.748291
4224.609375	-85.589668
4230.468750	-86.204651
4236.328125	-86.186684
4242.187500	-85.364571
4248.046875	-85.345383
4253.906250	-86.049088
4259.765625	-86.358437
4265.625000	-86.236290
4271.484375	-85.461731
4277.343750	-86.217751
4283.203125	-86.255859
4289.062500	-86.602470
4294.921875	-86.713127
4300.781250	-86.388168
4306.640625	-85.714943
4312.500000	-85.985611
4318.359375	-87.167542
4324.218750	-87.012268
4330.078125	-85.810806
4335.937500	-86.589859
4341.796875	-86.096657
4347.656250	-86.782097
4353.515625	-87.510406
4359.375000	-86.734894
4365.234375	-85.265991
4371.093750	-84.571198
4376.953125	-85.118362
4382.812500	-85.505356
4388.671875	-86.263336
4394.531250	-86.880020
4400.390625	-86.049835
4406.250000	-85.646255
4412.109375	-85.264534
4417.968750	-86.014221
4423.828125	-87.276596
4429.687500	-87.479446
4435.546875	-87.250282
4441.406250	-85.989937
4447.265625	-85.305138
4453.125000	-86.106064
4458.984375	-86.252167
4464.843750	-86.124550
4470.703125	-85.587357
4476.562500	-85.239975
4482.421875	-85.261711
4488.281250	-84.439842
4494.140625	-83.301949
4500.000000	-82.480858
4505.859375	-82.931068
4511.718750	-83.600288
4517.578125	-83.642204
4523.437500	-83.875160
4529.296875	-83.920067
4535.156250	-82.806633
4541.015625	-81.993729
4546.875000	-83.259026
4552.734375	-83.636162
4558.593750	-83.478119
4564.453125	-84.139053
4570.312500	-83.283440
4576.171875	-81.752663
4582.031250	-81.790802
4587.890625	-83.043869
4593.750000	-83.741379
4599.609375	-82.635574
4605.468750	-81.679947
4611.328125	-82.191696
4617.187500	-82.719612
4623.046875	-83.658546
4628.906250	-83.222542
4634.765625	-83.572350
4640.625000	-82.494705
4646.484375	-84.055115
4652.343750	-84.839035
4658.203125	-84.040352
4664.062500	-83.119225
4669.921875	-83.373077
4675.781250	-83.233376
4681.640625	-83.282028
4687.500000	-82.679680
4693.359375	-83.345367
4699.218750	-83.216805
4705.078125	-82.916252
4710.937500	-84.818642
4716.796875	-83.848022
4722.656250	-82.899681
4728.515625	-83.748398
4734.375000	-84.724022
4740.234375	-83.813705
4746.093750	-83.545837
4751.953125	-84.258102
4757.812500	-85.193535
4763.671875	-86.660233
4769.531250	-86.725006
4775.390625	-86.601791
4781.250000	-86.223991
4787.109375	-84.874809
4792.968750	-85.866272
4798.828125	-86.262367
4804.687500	-86.380630
4810.546875	-84.252090
4816.406250	-83.395607
4822.265625	-84.431221
4828.125000	-86.008133
4833.984375	-86.273323
4839.843750	-86.386711
4845.703125	-86.936768
4851.562500	-86.512138
4857.421875	-85.572289
4863.281250	-84.321541
4869.140625	-85.364128
4875.000000	-86.308495
4880.859375	-87.041321
4886.718750	-86.080360
4892.578125	-85.198441
4898.437500	-87.503830
4904.296875	-87.294334
4910.156250	-86.180473
4916.015625	-86.192833
4921.875000	-86.431541
4927.734375	-86.392426
4933.593750	-86.912338
4939.453125	-86.340210
4945.312500	-85.564262
4951.171875	-86.613556
4957.031250	-86.700363
4962.890625	-86.365128
4968.750000	-86.052963
4974.609375	-85.590103
4980.468750	-85.042664
4986.328125	-84.232552
4992.187500	-84.757339
4998.046875	-86.204002
5003.906250	-84.644569
5009.765625	-85.108101
5015.625000	-84.992012
5021.484375	-84.560760
5027.343750	-85.388245
5033.203125	-86.770653
5039.062500	-87.134468
5044.921875	-85.891037
5050.781250	-85.123978
5056.640625	-86.135719
5062.500000	-86.475487
5068.359375	-86.374504
5074.218750	-87.204933
5080.078125	-86.899246
5085.937500	-86.523575
5091.796875	-87.105072
5097.656250	-86.308105
5103.515625	-86.357338
5109.375000	-86.175598
5115.234375	-86.529709
5121.093750	-86.257477
5126.953125	-86.280403
5132.812500	-87.351433
5138.671875	-87.196510
5144.531250	-86.389648
5150.390625	-85.857681
5156.250000	-85.306015
5162.109375	-85.989868
5167.968750	-86.107643
5173.828125	-86.641747
5179.687500	-86.834244
5185.546875	-86.284889
5191.406250	-85.483009
5197.265625	-85.952438
5203.125000	-87.024818
5208.984375	-87.898506
5214.843750	-87.235710
5220.703125	-86.906166
5226.562500	-86.699867
5232.421875	-85.336884
5238.281250	-86.011154
5244.140625	-87.832558
5250.000000	-87.437042
5255.859375	-86.532829
5261.718750	-87.154388
5267.578125	-86.514038
5273.437500	-85.301636
5279.296875	-85.288719
5285.156250	-85.480164
5291.015625	-86.002876
5296.875000	-85.774086
5302.734375	-85.003937
5308.593750	-85.291725
5314.453125	-85.642975
5320.312500	-85.501671
5326.171875	-85.130112
5332.031250	-85.861053
5337.890625	-85.837540
5343.750000	-85.782242
5349.609375	-85.887474
5355.468750	-85.855957
5361.328125	-85.772568
5367.187500	-85.322716
5373.046875	-84.666885
5378.906250	-84.647469
5384.765625	-85.312416
5390.625000	-85.073051
5396.484375	-84.433258
5402.343750	-85.269867
5408.203125	-86.486153
5414.062500	-87.155380
5419.921875	-88.592819
5425.781250	-89.457207
5431.640625	-88.708885
5437.500000	-89.042015
5443.359375	-88.723900
5449.218750	-88.286003
5455.078125	-88.331963
5460.937500	-89.081100
5466.796875	-89.626373
5472.656250	-88.215019
5478.515625	-88.234756
5484.375000	-88.926361
5490.234375	-88.257301
5496.093750	-88.453331
5501.953125	-88.631210
5507.812500	-89.151054
5513.671875	-89.857872
5519.531250	-89.118599
5525.390625	-88.306602
5531.250000	-88.339714
5537.109375	-87.672066
5542.968750	-87.979462
5548.828125	-88.695930
5554.687500	-88.767067
5560.546875	-88.792114
5566.406250	-88.310585
5572.265625	-87.763931
5578.125000	-88.698090
5583.984375	-87.909744
5589.843750	-88.134468
5595.703125	-88.922386
5601.562500	-89.508049
5607.421875	-89.125710
5613.281250	-89.219177
5619.140625	-88.258728
5625.000000	-88.345818
5630.859375	-88.530022
5636.718750	-89.359016
5642.578125	-88.705170
5648.437500	-87.936218
5654.296875	-88.285698
5660.156250	-88.797050
5666.015625	-88.126198
5671.875000	-87.544342
5677.734375	-87.925903
5683.593750	-88.904617
5689.453125	-88.476974
5695.312500	-88.215828
5701.171875	-88.540916
5707.031250	-88.720612
5712.890625	-88.550301
5718.750000	-87.715797
5724.609375	-87.656868
5730.468750	-87.818123
5736.328125	-87.897041
5742.187500	-87.758560
5748.046875	-88.662956
5753.906250	-88.270233
5759.765625	-87.608742
5765.625000	-87.565941
5771.484375	-87.205254
5777.343750	-87.055962
5783.203125	-87.433670
5789.062500	-88.383514
5794.921875	-89.007431
5800.781250	-88.603165
5806.640625	-88.116287
5812.500000	-88.180725
5818.359375	-88.528824
5824.218750	-88.879608
5830.078125	-87.966011
5835.937500	-88.870979
5841.796875	-88.769569
5847.656250	-88.180054
5853.515625	-88.124313
5859.375000	-89.134018
5865.234375	-88.632111
5871.093750	-88.390640
5876.953125	-87.462479
5882.812500	-87.021584
5888.671875	-87.811852
5894.531250	-87.511047
5900.390625	-87.759842
5906.250000	-87.125130
5912.109375	-86.438904
5917.968750	-87.466011
5923.828125	-88.695160
5929.687500	-89.232399
5935.546875	-87.941917
5941.406250	-86.957848
5947.265625	-87.956978
5953.125000	-88.038193
5958.984375	-88.036530
5964.843750	-88.447594
5970.703125	-89.000946
5976.562500	-88.936600
5982.421875	-89.349892
5988.281250	-88.521431
5994.140625	-87.032387
6000.000000	-86.902748
6005.859375	-86.571045
6011.718750	-86.932945
6017.578125	-88.072311
6023.437500	-88.317513
6029.296875	-88.179573
6035.156250	-88.775917
6041.015625	-88.217789
6046.875000	-88.052788
6052.734375	-87.794319
6058.593750	-87.152267
6064.453125	-86.009628
6070.312500	-86.739288
6076.171875	-87.881630
6082.031250	-87.941895
6087.890625	-88.322639
6093.750000	-88.361259
6099.609375	-87.911705
6105.468750	-88.590286
6111.328125	-90.135788
6117.187500	-91.721695
6123.046875	-91.597443
6128.906250	-91.572083
6134.765625	-92.890984
6140.625000	-93.947845
6146.484375	-93.761086
6152.343750	-94.334442
6158.203125	-93.815979
6164.062500	-94.437157
6169.921875	-94.534554
6175.781250	-94.320450
6181.640625	-94.104134
6187.500000	-93.339455
6193.359375	-93.285561
6199.218750	-93.464241
6205.078125	-94.105392
6210.937500	-94.480057
6216.796875	-95.805832
6222.656250	-94.294373
6228.515625	-92.892220
6234.375000	-93.401093
6240.234375	-94.216133
6246.093750	-94.115387
6251.953125	-93.680489
6257.812500	-94.835876
6263.671875	-94.113144
6269.531250	-92.903984
6275.390625	-92.951782
6281.250000	-93.029953
6287.109375	-92.199707
6292.968750	-92.013962
6298.828125	-93.515587
6304.687500	-94.213524
6310.546875	-94.551651
6316.406250	-93.322998
6322.265625	-91.772400
6328.125000	-92.318466
6333.984375	-93.386185
6339.843750	-92.503281
6345.703125	-93.068573
6351.562500	-93.175148
6357.421875	-93.609970
6363.281250	-92.754951
6369.140625	-92.774193
6375.000000	-93.553909
6380.859375	-93.547745
6386.718750	-93.200691
6392.578125	-92.724495
6398.437500	-93.377846
6404.296875	-92.553841
6410.156250	-93.084366
6416.015625	-93.444336
6421.875000	-93.015823
6427.734375	-93.077385
6433.593750	-92.973694
6439.453125	-92.542938
6445.312500	-93.521286
6451.171875	-92.908440
6457.031250	-92.633430
6462.890625	-93.146729
6468.750000	-93.111832
6474.609375	-91.776573
6480.468750	-91.860252
6486.328125	-92.862503
6492.187500	-93.153656
6498.046875	-93.046165
6503.906250	-93.216927
6509.765625	-93.247391
6515.625000	-92.476288
6521.484375	-91.807632
6527.343750	-92.484352
6533.203125	-92.145195
6539.062500	-92.298904
6544.921875	-93.967979
6550.781250	-94.063652
6556.640625	-92.052177
6562.500000	-91.672737
6568.359375	-91.714493
6574.218750	-91.677582
6580.078125	-92.812912
6585.937500	-93.913368
6591.796875	-93.756500
6597.656250	-92.296532
6603.515625	-91.155975
6609.375000	-91.993156
6615.234375	-91.510895
6621.093750	-91.849983
6626.953125	-92.939987
6632.812500	-92.340302
6638.671875	-92.484390
6644.531250	-92.517197
6650.390625	-92.122375
6656.250000	-92.281509
6662.109375	-92.574753
6667.968750	-92.802467
6673.828125	-91.989670
6679.687500	-91.794739
6685.546875	-92.377708
6691.406250	-92.507401
6697.265625	-91.986633
6703.125000	-91.474930
6708.984375	-91.748337
6714.843750	-92.093727
6720.703125	-91.576195
6726.562500	-91.905235
6732.421875	-91.506958
6738.281250	-92.321831
6744.140625	-91.547318
6750.000000	-92.181763
6755.859375	-92.325256
6761.718750	-92.636200
6767.578125	-93.161652
6773.437500	-94.196411
6779.296875	-91.990211
6785.156250	-91.360573
6791.015625	-92.039047
6796.875000	-92.302475
6802.734375	-92.761345
6808.593750	-92.630196
6814.453125	-93.188042
6820.312500	-93.078667
6826.171875	-93.312729
6832.031250	-93.102814
6837.890625	-91.749878
6843.750000	-91.305588
6849.609375	-92.152412
6855.468750	-92.653175
6861.328125	-93.026405
6867.187500	-92.842987
6873.046875	-93.760651
6878.906250	-94.278328
6884.765625	-94.825256
6890.625000	-95.166626
6896.484375	-94.550667
6902.343750	-95.122353
6908.203125	-94.905762
6914.062500	-94.176491
6919.921875	-93.599510
6925.781250	-93.980576
6931.640625	-94.286926
6937.500000	-94.109062
6943.359375	-93.684891
6949.218750	-93.579750
6955.078125	-94.162025
6960.937500	-94.307564
6966.796875	-94.245453
6972.656250	-94.150490
6978.515625	-94.358719
6984.375000	-94.144714
6990.234375	-93.277039
6996.093750	-93.201851
7001.953125	-94.486557
7007.812500	-94.951996
7013.671875	-94.400826
7019.531250	-92.778946
7025.390625	-92.164230
7031.250000	-93.046745
7037.109375	-93.836449
7042.968750	-93.608429
7048.828125	-94.487816
7054.687500	-94.663719
7060.546875	-94.344070
7066.406250	-94.079491
7072.265625	-92.324501
7078.125000	-92.108490
7083.984375	-92.196861
7089.843750	-92.441978
7095.703125	-93.088570
7101.562500	-93.379395
7107.421875	-93.419601
7113.281250	-92.959450
7119.140625	-91.372910
7125.000000	-92.378075
7130.859375	-91.719238
7136.718750	-91.598122
7142.578125	-92.738762
7148.437500	-94.294891
7154.296875	-93.578178
7160.156250	-92.682495
7166.015625	-92.394005
7171.875000	-91.535973
7177.734375	-92.356247
7183.593750	-93.032341
7189.453125	-93.639397
7195.312500	-93.229012
7201.171875	-91.803329
7207.031250	-91.902031
7212.890625	-90.844261
7218.750000	-91.409431
7224.609375	-91.817589
7230.468750	-91.860580
7236.328125	-92.116287
7242.187500	-92.114677
7248.046875	-91.510468
7253.906250	-90.901245
7259.765625	-90.392708
7265.625000	-91.377205
7271.484375	-91.585304
7277.343750	-91.301529
7283.203125	-90.798157
7289.062500	-91.425575
7294.921875	-91.633911
7300.781250	-90.880630
7306.640625	-91.154518
7312.500000	-91.054085
7318.359375	-90.325890
7324.218750	-91.001724
7330.078125	-91.090790
7335.937500	-90.404434
7341.796875	-91.288292
7347.656250	-91.366638
7353.515625	-90.171112
7359.375000	-89.830772
7365.234375	-91.065361
7371.093750	-90.409775
7376.953125	-89.501671
7382.812500	-90.006371
7388.671875	-90.217949
7394.531250	-91.021469
7400.390625	-90.336380
7406.250000	-88.993904
7412.109375	-90.187683
7417.968750	-90.308754
7423.828125	-89.948280
7429.687500	-90.279312
7435.546875	-90.793282
7441.406250	-90.432121
7447.265625	-88.894455
7453.125000	-89.558029
7458.984375	-89.627464
7464.843750	-89.099701
7470.703125	-90.175117
7476.562500	-89.772934
7482.421875	-89.012764
7488.281250	-89.505234
7494.140625	-89.567467
7500.000000	-89.889694
7505.859375	-89.266388
7511.718750	-89.536819
7517.578125	-89.063568
7523.437500	-88.394989
7529.296875	-88.705978
7535.156250	-89.246277
7541.015625	-88.457413
7546.875000	-87.884033
7552.734375	-89.111839
7558.593750	-89.493736
7564.453125	-88.870178
7570.312500	-89.026245
7576.171875	-90.351067
7582.031250	-90.087746
7587.890625	-89.041977
7593.750000	-88.193443
7599.609375	-88.373917
7605.468750	-89.546791
7611.328125	-89.460320
7617.187500	-89.420341
7623.046875	-89.125359
7628.906250	-88.391052
7634.765625	-88.416779
7640.625000	-87.593430
7646.484375	-87.332146
7652.343750	-88.051071
7658.203125	-89.021675
7664.062500	-88.681053
7669.921875	-88.826088
7675.781250	-88.943581
7681.640625	-88.889435
7687.500000	-89.006485
7693.359375	-89.492882
7699.218750	-90.045464
7705.078125	-89.889595
7710.937500	-88.448830
7716.796875	-87.631180
7722.656250	-88.689430
7728.515625	-88.146393
7734.375000	-87.446014
7740.234375	-88.255348
7746.093750	-88.548874
7751.953125	-88.559868
7757.812500	-88.067429
7763.671875	-88.523102
7769.531250	-88.746109
7775.390625	-89.429512
7781.250000	-89.012604
7787.109375	-87.759773
7792.968750	-87.821915
7798.828125	-86.819595
7804.687500	-87.951851
7810.546875	-88.317802
7816.406250	-88.248886
7822.265625	-88.588295
7828.125000	-88.523354
7833.984375	-88.535988
7839.843750	-88.926491
7845.703125	-89.021904
7851.562500	-89.421082
7857.421875	-89.712349
7863.281250	-89.950867
7869.140625	-89.766029
7875.000000	-88.675880
7880.859375	-88.562592
7886.718750	-89.424805
7892.578125	-89.828644
7898.437500	-90.304970
7904.296875	-89.703758
7910.156250	-89.755516
7916.015625	-90.283234
7921.875000	-89.489510
7927.734375	-89.510841
7933.593750	-90.194847
7939.453125	-90.520920
7945.312500	-89.736031
7951.171875	-88.723999
7957.031250	-89.227913
7962.890625	-89.507393
7968.750000	-89.614258
7974.609375	-89.122726
7980.468750	-89.987305
7986.328125	-89.648979
7992.187500	-89.901443
7998.046875	-91.744637
8003.906250	-91.322762
8009.765625	-91.214294
8015.625000	-90.403877
8021.484375	-89.701157
8027.343750	-90.557755
8033.203125	-90.897522
8039.062500	-91.449532
8044.921875	-90.136658
8050.781250	-90.036118
8056.640625	-90.266922
8062.500000	-90.417259
8068.359375	-91.126236
8074.218750	-90.319534
8080.078125	-90.590660
8085.937500	-91.649765
8091.796875	-92.415390
8097.656250	-92.924484
8103.515625	-92.041946
8109.375000	-91.734985
8115.234375	-91.942764
8121.093750	-91.665573
8126.953125	-91.022758
8132.812500	-92.234978
8138.671875	-93.486549
8144.531250	-92.304840
8150.390625	-91.959869
8156.250000	-91.756813
8162.109375	-91.587051
8167.968750	-92.512939
8173.828125	-93.014229
8179.687500	-93.014954
8185.546875	-93.187752
8191.406250	-93.590462
8197.265625	-93.675064
8203.125000	-92.669395
8208.984375	-92.747574
8214.843750	-93.448402
8220.703125	-95.087067
8226.562500	-97.091408
8232.421875	-99.058578
8238.281250	-99.974998
8244.140625	-101.311813
8250.000000	-103.061386
8255.859375	-103.545799
8261.718750	-104.027283
8267.578125	-104.053848
8273.437500	-103.510857
8279.296875	-103.663666
8285.156250	-104.047943
8291.015625	-103.616287
8296.875000	-103.815430
8302.734375	-104.589661
8308.593750	-104.400497
8314.453125	-104.095436
8320.312500	-104.953484
8326.171875	-104.742172
8332.031250	-105.019463
8337.890625	-105.620010
8343.750000	-106.148514
8349.609375	-104.570618
8355.468750	-104.668404
8361.328125	-105.079178
8367.187500	-105.776985
8373.046875	-105.883217
8378.906250	-104.943619
8384.765625	-105.838646
8390.625000	-105.427269
8396.484375	-104.783905
8402.343750	-105.673355
8408.203125	-105.652985
8414.062500	-105.543198
8419.921875	-106.097740
8425.781250	-106.600098
8431.640625	-105.838234
8437.500000	-105.091904
8443.359375	-105.156029
8449.218750	-105.800568
8455.078125	-107.125374
8460.937500	-107.159943
8466.796875	-105.902016
8472.656250	-105.947250
8478.515625	-106.145226
8484.375000	-105.633354
8490.234375	-105.184814
8496.093750	-105.866333
8501.953125	-105.436424
8507.812500	-105.665405
8513.671875	-104.532898
8519.531250	-102.449387
8525.390625	-102.169991
8531.250000	-103.245499
8537.109375	-104.119186
8542.968750	-104.397575
8548.828125	-103.653244
8554.687500	-104.410828
8560.546875	-105.742195
8566.406250	-105.039841
8572.265625	-103.477386
8578.125000	-103.756020
8583.984375	-104.768272
8589.843750	-104.647690
8595.703125	-104.212776
8601.562500	-104.762535
8607.421875	-105.372780
8613.281250	-104.204018
8619.140625	-103.929253
8625.000000	-104.781876
8630.859375	-105.170471
8636.718750	-104.971962
8642.578125	-106.035736
8648.437500	-107.307159
8654.296875	-106.693336
8660.156250	-106.094101
8666.015625	-105.430756
8671.875000	-104.420822
8677.734375	-104.309486
8683.593750	-104.604721
8689.453125	-106.009613
8695.312500	-106.355232
8701.171875	-106.173233
8707.031250	-105.036263
8712.890625	-104.983528
8718.750000	-104.645462
8724.609375	-105.464073
8730.468750	-106.799301
8736.328125	-105.570778
8742.187500	-105.820824
8748.046875	-106.880676
8753.906250	-106.140106
8759.765625	-105.423561
8765.625000	-104.226532
8771.484375	-105.017387
8777.343750	-105.650757
8783.203125	-106.715607
8789.062500	-107.373375
8794.921875	-107.389153
8800.781250	-107.670609
8806.640625	-106.726395
8812.500000	-106.622292
8818.359375	-106.388954
8824.218750	-107.115379
8830.078125	-107.590645
8835.937500	-107.270409
8841.796875	-107.757401
8847.656250	-108.321701
8853.515625	-106.720840
8859.375000	-106.903763
8865.234375	-106.055840
8871.093750	-106.531456
8876.953125	-107.983170
8882.812500	-107.060326
8888.671875	-106.716599
8894.531250	-107.094391
8900.390625	-106.596840
8906.250000	-107.455185
8912.109375	-107.516815
8917.968750	-108.859802
8923.828125	-109.450279
8929.687500	-109.002563
8935.546875	-108.364929
8941.406250	-107.474297
8947.265625	-107.072449
8953.125000	-107.597794
8958.984375	-106.699532
8964.843750	-105.567101
8970.703125	-104.669434
8976.562500	-103.384392
8982.421875	-101.191124
8988.281250	-100.305298
8994.140625	-100.505638
9000.000000	-100.251747
9005.859375	-100.453629
9011.718750	-101.575439
9017.578125	-101.201340
9023.437500	-101.659027
9029.296875	-100.689888
9035.156250	-101.062050
9041.015625	-100.696457
9046.875000	-100.314484
9052.734375	-100.263611
9058.593750	-100.454430
9064.453125	-101.299500
9070.312500	-102.266884
9076.171875	-102.215935
9082.031250	-101.437675
9087.890625	-100.943871
9093.750000	-101.520966
9099.609375	-101.132576
9105.468750	-101.096626
9111.328125	-99.767426
9117.187500	-100.535362
9123.046875	-100.815056
9128.906250	-101.289894
9134.765625	-101.689102
9140.625000	-100.807121
9146.484375	-101.324852
9152.343750	-101.091003
9158.203125	-101.170364
9164.062500	-101.593407
9169.921875	-102.426888
9175.781250	-101.744408
9181.640625	-100.755814
9187.500000	-100.972092
9193.359375	-101.914452
9199.218750	-101.762726
9205.078125	-102.375641
9210.937500	-102.778206
9216.796875	-102.286232
9222.656250	-102.612740
9228.515625	-101.878685
9234.375000	-100.882652
9240.234375	-101.490662
9246.093750	-100.954880
9251.953125	-101.278900
9257.812500	-101.222198
9263.671875	-101.856239
9269.531250	-101.513550
9275.390625	-100.072731
9281.250000	-99.993401
9287.109375	-100.627953
9292.968750	-101.519333
9298.828125	-101.719597
9304.687500	-101.495300
9310.546875	-101.518646
9316.406250	-100.556664
9322.265625	-99.804092
9328.125000	-100.595238
9333.984375	-101.456963
9339.843750	-101.736198
9345.703125	-101.725632
9351.562500	-103.406555
9357.421875	-103.092545
9363.281250	-101.868240
9369.140625	-101.231102
9375.000000	-102.061424
9380.859375	-101.958542
9386.718750	-101.597656
9392.578125	-102.226730
9398.437500	-104.114090
9404.296875	-103.267227
9410.156250	-103.080734
9416.015625	-102.961349
9421.875000	-102.024078
9427.734375	-101.509880
9433.593750	-101.798363
9439.453125	-102.157936
9445.312500	-102.345268
9451.171875	-102.069603
9457.031250	-101.524216
9462.890625	-99.506554
9468.750000	-99.270180
9474.609375	-99.888145
9480.468750	-101.964905
9486.328125	-102.732803
9492.187500	-101.371284
9498.046875	-100.943192
9503.906250	-99.760895
9509.765625	-100.861946
9515.625000	-101.268684
9521.484375	-101.424896
9527.343750	-101.290520
9533.203125	-101.468704
9539.062500	-102.390244
9544.921875	-101.420792
9550.781250	-100.146667
9556.640625	-100.442444
9562.500000	-101.309334
9568.359375	-101.653488
9574.218750	-100.673775
9580.078125	-101.396347
9585.937500	-102.574982
9591.796875	-101.512665
9597.656250	-101.159088
9603.515625	-100.671387
9609.375000	-101.190308
9615.234375	-100.631004
9621.093750	-101.182434
9626.953125	-103.241859
9632.812500	-102.407494
9638.671875	-101.672089
9644.531250	-102.475365
9650.390625	-101.358139
9656.250000	-102.384407
9662.109375	-102.378273
9667.968750	-102.549088
9673.828125	-101.998756
9679.687500	-101.843063
9685.546875	-101.564590
9691.406250	-101.448570
9697.265625	-102.029533
9703.125000	-102.221550
9708.984375	-102.205750
9714.843750	-102.264946
9720.703125	-102.845215
9726.562500	-103.135017
9732.421875	-102.147003
9738.281250	-100.931427
9744.140625	-101.381126
9750.000000	-101.142372
9755.859375	-102.155624
9761.718750	-102.714912
9767.578125	-102.097710
9773.437500	-102.315796
9779.296875	-101.837402
9785.156250	-102.447144
9791.015625	-102.904823
9796.875000	-101.823166
9802.734375	-101.551399
9808.593750	-102.470512
9814.453125	-103.547279
9820.312500	-103.874535
9826.171875	-102.564278
9832.031250	-102.337051
9837.890625	-101.805740
9843.750000	-102.239410
9849.609375	-103.053978
9855.468750	-103.867500
9861.328125	-104.424217
9867.187500	-103.777565
9873.046875	-103.132568
9878.906250	-102.680138
9884.765625	-102.744522
9890.625000	-103.640816
9896.484375	-103.841560
9902.343750	-103.026138
9908.203125	-102.253189
9914.062500	-102.621437
9919.921875	-103.187119
9925.781250	-102.713249
9931.640625	-102.676361
9937.500000	-103.145157
9943.359375	-102.384651
9949.218750	-101.762688
9955.078125	-102.711578
9960.937500	-103.225136
9966.796875	-102.497528
9972.656250	-102.387459
9978.515625	-103.312233
9984.375000	-103.066010
9990.234375	-102.996086
9996.093750	-102.898140
10001.953125	-103.709045
10007.812500	-104.035103
10013.671875	-103.052223
10019.531250	-102.177986
10025.390625	-102.854317
10031.250000	-102.728127
10037.109375	-103.287018
10042.968750	-104.031517
10048.828125	-104.322769
10054.687500	-104.171257
10060.546875	-103.653625
10066.406250	-103.763695
10072.265625	-103.614960
10078.125000	-103.077354
10083.984375	-103.067871
10089.843750	-103.127640
10095.703125	-103.593658
10101.562500	-103.188866
10107.421875	-102.635124
10113.281250	-102.709274
10119.140625	-103.155678
10125.000000	-103.486732
10130.859375	-103.117691
10136.718750	-103.576332
10142.578125	-103.834007
10148.437500	-104.699966
10154.296875	-104.164337
10160.156250	-103.188591
10166.015625	-102.987556
10171.875000	-103.597740
10177.734375	-104.259094
10183.593750	-103.929878
10189.453125	-104.357445
10195.312500	-103.893448
10201.171875	-103.558357
10207.031250	-103.737465
10212.890625	-104.343452
10218.750000	-104.471451
10224.609375	-104.474770
10230.468750	-103.133644
10236.328125	-103.089111
10242.187500	-105.227638
10248.046875	-104.962959
10253.906250	-105.028984
10259.765625	-104.598358
10265.625000	-104.001938
10271.484375	-103.702255
10277.343750	-104.542572
10283.203125	-105.539963
10289.062500	-104.695419
10294.921875	-104.206268
10300.781250	-103.520485
10306.640625	-103.740334
10312.500000	-102.928741
10318.359375	-103.602188
10324.218750	-105.035439
10330.078125	-104.574188
10335.937500	-105.796562
10341.796875	-105.713890
10347.656250	-104.684868
10353.515625	-103.272743
10359.375000	-103.257950
10365.234375	-104.374580
10371.093750	-104.772476
10376.953125	-104.264221
10382.812500	-105.844635
10388.671875	-105.421677
10394.531250	-104.881836
10400.390625	-105.570160
10406.250000	-105.716415
10412.109375	-105.328812
10417.968750	-104.637772
10423.828125	-104.119522
10429.687500	-104.622658
10435.546875	-105.270302
10441.406250	-105.697121
10447.265625	-105.366272
10453.125000	-103.713966
10458.984375	-103.909927
10464.843750	-104.367302
10470.703125	-104.009262
10476.562500	-104.574532
10482.421875	-106.038048
10488.281250	-105.408249
10494.140625	-104.261635
10500.000000	-104.553162
10505.859375	-104.870827
10511.718750	-104.932007
10517.578125	-105.146561
10523.437500	-106.041168
10529.296875	-105.179413
10535.156250	-104.219940
10541.015625	-104.363884
10546.875000	-104.274902
10552.734375	-105.181953
10558.593750	-105.340080
10564.453125	-105.724655
10570.312500	-105.861160
10576.171875	-106.114258
10582.031250	-105.335846
10587.890625	-104.743103
10593.750000	-104.856956
10599.609375	-105.393913
10605.468750	-105.916077
10611.328125	-105.233467
10617.187500	-105.355156
10623.046875	-104.847595
10628.906250	-104.959366
10634.765625	-106.036461
10640.625000	-105.749825
10646.484375	-106.313316
10652.343750	-106.560425
10658.203125	-105.905914
10664.062500	-106.765923
10669.921875	-106.236992
10675.781250	-105.920395
10681.640625	-105.117416
10687.500000	-105.074814
10693.359375	-105.298080
10699.218750	-105.829803
10705.078125	-106.675751
10710.937500	-106.306313
10716.796875	-106.449898
10722.656250	-105.189812
10728.515625	-105.669258
10734.375000	-106.484802
10740.234375	-106.795036
10746.093750	-107.022560
10751.953125	-107.030106
10757.812500	-107.396324
10763.671875	-107.596954
10769.531250	-106.685181
10775.390625	-106.405655
10781.250000	-105.827904
10787.109375	-106.748199
10792.968750	-106.347969
10798.828125	-106.571518
10804.687500	-107.341354
10810.546875	-106.746910
10816.406250	-106.941238
10822.265625	-106.169609
10828.125000	-106.383247
10833.984375	-106.412209
10839.843750	-106.086121
10845.703125	-106.607292
10851.562500	-107.265778
10857.421875	-107.648285
10863.281250	-105.735168
10869.140625	-105.832321
10875.000000	-107.034004
10880.859375	-107.194168
10886.718750	-107.138031
10892.578125	-107.101906
10898.437500	-107.097633
10904.296875	-106.288979
10910.156250	-106.205627
10916.015625	-106.476761
10921.875000	-107.030144
10927.734375	-106.796310
10933.593750	-106.123955
10939.453125	-106.487518
10945.312500	-106.801865
10951.171875	-107.167290
10957.031250	-106.521248
10962.890625	-105.781891
10968.750000	-106.101280
10974.609375	-107.078056
10980.468750	-107.116226
10986.328125	-107.811630
10992.187500	-107.425606
10998.046875	-107.424347
11003.906250	-107.395142
11009.765625	-106.227959
11015.625000	-106.103958
11021.484375	-106.373276
11027.343750	-107.006676
11033.203125	-107.424484
11039.062500	-108.201439
11044.921875	-108.554413
11050.781250	-107.836784
11056.640625	-106.916733
11062.500000	-107.441650
11068.359375	-109.011650
11074.218750	-108.313217
11080.078125	-107.379959
11085.937500	-106.456955
11091.796875	-106.799049
11097.656250	-107.570740
11103.515625	-107.626251
11109.375000	-107.727478
11115.234375	-107.747574
11121.093750	-108.453926
11126.953125	-107.469574
11132.812500	-106.935905
11138.671875	-107.856262
11144.531250	-107.664085
11150.390625	-108.415497
11156.250000	-108.360336
11162.109375	-107.412613
11167.968750	-107.848343
11173.828125	-108.761086
11179.687500	-107.369377
11185.546875	-106.488220
11191.406250	-106.551567
11197.265625	-107.116219
11203.125000	-107.393265
11208.984375	-108.206978
11214.843750	-108.034378
11220.703125	-107.417694
11226.562500	-107.780792
11232.421875	-108.759277
11238.281250	-108.211418
11244.140625	-107.542274
11250.000000	-107.338127
11255.859375	-107.178726
11261.718750	-108.163239
11267.578125	-109.171829
11273.437500	-108.874969
11279.296875	-107.705475
11285.156250	-107.247589
11291.015625	-107.220673
11296.875000	-107.879730
11302.734375	-108.168091
11308.593750	-108.561394
11314.453125	-108.562492
11320.312500	-107.942909
11326.171875	-107.989441
11332.031250	-108.021263
11337.890625	-108.196938
11343.750000	-107.962868
11349.609375	-108.091019
11355.468750	-107.756836
11361.328125	-108.977921
11367.187500	-109.059563
11373.046875	-108.436050
11378.906250	-107.695496
11384.765625	-107.702705
11390.625000	-108.320862
11396.484375	-107.787102
11402.343750	-108.016655
11408.203125	-107.987854
11414.062500	-108.891678
11419.921875	-108.248863
11425.781250	-108.021698
11431.640625	-108.311623
11437.500000	-108.266594
11443.359375	-107.391365
11449.218750	-107.809509
11455.078125	-108.486641
11460.937500	-108.303566
11466.796875	-108.468727
11472.656250	-108.603050
11478.515625	-108.743881
11484.375000	-108.511162
11490.234375	-107.510910
11496.093750	-107.391495
11501.953125	-107.733177
11507.812500	-108.767441
11513.671875	-109.477127
11519.531250	-108.875496
11525.390625	-108.934654
11531.250000	-109.011192
11537.109375	-108.379494
11542.968750	-109.038399
11548.828125	-108.619705
11554.687500	-108.887451
11560.546875	-109.163506
11566.406250	-108.775848
11572.265625	-108.811554
11578.125000	-107.929283
11583.984375	-107.815300
11589.843750	-108.419701
11595.703125	-109.260010
11601.562500	-109.246750
11607.421875	-107.933372
11613.281250	-108.491608
11619.140625	-109.200096
11625.000000	-108.346169
11630.859375	-108.390434
11636.718750	-109.279861
11642.578125	-109.649879
11648.437500	-108.604660
11654.296875	-109.125694
11660.156250	-109.563141
11666.015625	-109.187820
11671.875000	-108.842186
11677.734375	-108.398323
11683.593750	-108.349014
11689.453125	-108.289436
11695.312500	-109.642670
11701.171875	-109.673721
11707.031250	-108.999107
11712.890625	-107.481483
11718.750000	-107.971992
11724.609375	-108.580353
11730.468750	-108.989685
11736.328125	-109.397949
11742.187500	-109.005348
11748.046875	-108.502510
11753.906250	-108.765549
11759.765625	-108.740936
11765.625000	-108.484947
11771.484375	-109.153358
11777.343750	-108.621979
11783.203125	-108.739540
11789.062500	-109.072350
11794.921875	-109.598587
11800.781250	-109.549835
11806.640625	-109.160263
11812.500000	-108.886620
11818.359375	-109.534241
11824.218750	-108.942169
11830.078125	-108.873260
11835.937500	-108.710159
11841.796875	-108.871147
11847.656250	-108.619110
11853.515625	-108.767532
11859.375000	-108.427055
11865.234375	-108.319992
11871.093750	-109.203514
11876.953125	-110.133011
11882.812500	-109.395401
11888.671875	-108.364426
11894.531250	-108.373505
11900.390625	-108.936813
11906.250000	-108.211929
11912.109375	-107.875076
11917.968750	-107.833275
11923.828125	-108.093224
11929.687500	-110.031334
11935.546875	-109.837219
11941.406250	-108.915428
11947.265625	-108.720406
11953.125000	-108.476944
11958.984375	-109.418480
11964.843750	-109.923660
11970.703125	-110.769691
11976.562500	-110.984367
11982.421875	-110.931023
11988.281250	-110.420952
11994.140625	-110.651344
12000.000000	-111.183533
12005.859375	-111.075523
12011.718750	-110.791397
12017.578125	-111.242691
12023.437500	-110.473297
12029.296875	-110.863670
12035.156250	-109.925125
12041.015625	-108.104042
12046.875000	-107.366432
12052.734375	-107.593796
12058.593750	-108.763420
12064.453125	-108.737373
12070.312500	-108.814865
12076.171875	-108.091904
12082.031250	-108.273643
12087.890625	-108.683235
12093.750000	-107.582077
12099.609375	-107.450134
12105.468750	-108.819084
12111.328125	-108.993156
12117.187500	-107.740372
12123.046875	-108.109772
12128.906250	-108.521461
12134.765625	-108.470238
12140.625000	-107.994659
12146.484375	-108.124496
12152.343750	-108.968307
12158.203125	-108.397675
12164.062500	-108.853882
12169.921875	-109.839294
12175.781250	-109.391251
12181.640625	-108.628418
12187.500000	-108.253586
12193.359375	-108.326149
12199.218750	-109.166069
12205.078125	-109.971825
12210.937500	-111.349670
12216.796875	-109.952156
12222.656250	-108.994942
12228.515625	-107.872940
12234.375000	-107.371155
12240.234375	-107.955986
12246.093750	-108.510010
12251.953125	-108.185555
12257.812500	-108.483307
12263.671875	-109.093063
12269.531250	-108.637642
12275.390625	-107.846451
12281.250000	-108.314301
12287.109375	-108.886841
12292.968750	-109.096115
12298.828125	-109.088074
12304.687500	-109.046921
12310.546875	-108.493690
12316.406250	-108.448410
12322.265625	-108.237808
12328.125000	-108.031738
12333.984375	-108.319138
12339.843750	-108.585808
12345.703125	-108.695526
12351.562500	-108.900169
12357.421875	-108.944405
12363.281250	-108.588028
12369.140625	-109.264885
12375.000000	-108.581741
12380.859375	-108.924088
12386.718750	-109.103165
12392.578125	-108.376122
12398.437500	-108.572746
12404.296875	-108.488586
12410.156250	-108.619583
12416.015625	-108.353539
12421.875000	-108.016891
12427.734375	-108.036728
12433.593750	-109.063271
12439.453125	-110.149712
12445.312500	-109.857643
12451.171875	-108.990898
12457.031250	-109.085861
12462.890625	-109.107536
12468.750000	-109.083237
12474.609375	-108.125084
12480.468750	-108.237213
12486.328125	-109.670387
12492.187500	-109.819603
12498.046875	-109.557350
12503.906250	-109.317635
12509.765625	-109.522102
12515.625000	-109.908440
12521.484375	-108.674660
12527.343750	-107.962791
12533.203125	-108.274506
12539.062500	-108.687401
12544.921875	-108.964157
12550.781250	-108.421814
12556.640625	-108.458359
12562.500000	-108.709633
12568.359375	-109.163292
12574.218750	-108.726425
12580.078125	-109.773529
12585.937500	-109.221519
12591.796875	-109.922462
12597.656250	-110.059013
12603.515625	-109.101006
12609.375000	-109.361328
12615.234375	-109.414162
12621.093750	-109.419769
12626.953125	-109.964333
12632.812500	-109.252121
12638.671875	-109.406982
12644.531250	-109.511711
12650.390625	-109.599571
12656.250000	-109.194054
12662.109375	-109.668930
12667.968750	-109.252876
12673.828125	-108.351128
12679.687500	-108.681335
12685.546875	-109.709190
12691.406250	-110.255165
12697.265625	-109.741974
12703.125000	-109.324158
12708.984375	-108.987495
12714.843750	-109.626083
12720.703125	-110.461365
12726.562500	-110.643791
12732.421875	-110.251770
12738.281250	-109.561882
12744.140625	-108.968338
12750.000000	-108.382240
12755.859375	-108.341217
12761.718750	-109.399094
12767.578125	-109.530472
12773.437500	-109.233566
12779.296875	-109.399269
12785.156250	-109.738846
12791.015625	-108.593529
12796.875000	-108.632980
12802.734375	-108.614296
12808.593750	-109.073051
12814.453125	-110.192421
12820.312500	-110.191109
12826.171875	-109.930466
12832.031250	-109.927513
12837.890625	-109.160934
12843.750000	-108.891937
12849.609375	-108.641479
12855.468750	-108.560921
12861.328125	-109.516296
12867.187500	-109.270256
12873.046875	-109.799957
12878.906250	-109.973831
12884.765625	-108.715538
12890.625000	-108.020195
12896.484375	-109.587387
12902.343750	-109.406502
12908.203125	-109.881973
12914.062500	-109.643288
12919.921875	-109.757629
12925.781250	-109.243408
12931.640625	-108.884186
12937.500000	-110.135658
12943.359375	-110.653450
12949.218750	-111.422867
12955.078125	-110.275780
12960.937500	-109.642708
12966.796875	-110.320099
12972.656250	-108.926277
12978.515625	-108.187790
12984.375000	-108.406105
12990.234375	-109.614143
12996.093750	-109.725555
13001.953125	-109.469254
13007.812500	-109.554443
13013.671875	-109.565559
13019.531250	-109.885269
13025.390625	-109.843536
13031.250000	-109.173462
13037.109375	-109.050209
13042.968750	-109.504768
13048.828125	-110.498611
13054.687500	-111.446236
13060.546875	-109.735390
13066.406250	-109.683365
13072.265625	-109.011978
13078.125000	-109.202316
13083.984375	-109.500755
13089.843750	-109.002335
13095.703125	-109.798019
13101.562500	-109.614067
13107.421875	-109.578270
13113.281250	-110.418114
13119.140625	-109.409668
13125.000000	-109.188782
13130.859375	-109.668045
13136.718750	-109.861389
13142.578125	-110.380524
13148.437500	-111.156448
13154.296875	-110.569649
13160.156250	-109.564934
13166.015625	-108.759743
13171.875000	-108.688805
13177.734375	-109.193893
13183.593750	-109.621338
13189.453125	-110.402428
13195.312500	-109.727982
13201.171875	-109.796043
13207.031250	-110.490723
13212.890625	-110.126259
13218.750000	-110.299118
13224.609375	-110.525467
13230.468750	-109.888573
13236.328125	-110.229546
13242.187500	-110.253662
13248.046875	-109.478844
13253.906250	-110.236176
13259.765625	-110.373871
13265.625000	-109.755264
13271.484375	-109.048904
13277.343750	-110.030151
13283.203125	-110.823387
13289.062500	-110.633842
13294.921875	-110.159653
13300.781250	-110.021187
13306.640625	-110.169067
13312.500000	-109.725632
13318.359375	-109.624290
13324.218750	-109.703720
13330.078125	-111.168007
13335.937500	-111.776649
13341.796875	-110.878174
13347.656250	-110.540886
13353.515625	-110.385132
13359.375000	-109.949852
13365.234375	-109.658638
13371.093750	-110.032967
13376.953125	-110.271904
13382.812500	-110.581505
13388.671875	-110.531693
13394.531250	-110.362106
13400.390625	-111.164383
13406.250000	-110.408592
13412.109375	-110.350464
13417.968750	-110.272957
13423.828125	-110.977119
13429.687500	-110.607079
13435.546875	-110.086258
13441.406250	-109.168961
13447.265625	-109.657524
13453.125000	-109.571121
13458.984375	-109.168060
13464.843750	-110.227531
13470.703125	-111.007332
13476.562500	-111.218666
13482.421875	-110.037674
13488.281250	-109.510414
13494.140625	-109.991402
13500.000000	-109.929863
13505.859375	-110.244705
13511.718750	-110.556824
13517.578125	-110.821312
13523.437500	-111.124825
13529.296875	-110.088966
13535.156250	-109.235237
13541.015625	-110.299492
13546.875000	-110.787254
13552.734375	-111.043465
13558.593750	-110.651855
13564.453125	-109.892181
13570.312500	-110.967445
13576.171875	-111.466660
13582.031250	-111.216034
13587.890625	-111.105156
13593.750000	-110.990868
13599.609375	-109.525757
13605.468750	-109.745720
13611.328125	-110.956612
13617.187500	-111.339478
13623.046875	-110.622231
13628.906250	-110.844879
13634.765625	-109.473701
13640.625000	-109.736786
13646.484375	-110.121094
13652.343750	-111.349014
13658.203125	-111.411667
13664.062500	-110.745621
13669.921875	-110.521637
13675.781250	-110.077866
13681.640625	-110.462624
13687.500000	-111.518387
13693.359375	-112.050186
13699.218750	-110.557663
13705.078125	-110.557320
13710.937500	-110.205818
13716.796875	-110.576866
13722.656250	-109.761635
13728.515625	-110.256142
13734.375000	-110.752846
13740.234375	-111.536812
13746.093750	-111.100166
13751.953125	-110.700401
13757.812500	-110.435860
13763.671875	-110.618393
13769.531250	-111.807304
13775.390625	-111.297928
13781.250000	-110.676193
13787.109375	-111.693611
13792.968750	-111.878868
13798.828125	-111.692810
13804.687500	-111.255707
13810.546875	-110.881264
13816.406250	-111.105949
13822.265625	-110.533226
13828.125000	-111.196609
13833.984375	-111.181709
13839.843750	-111.567215
13845.703125	-111.921257
13851.562500	-111.842941
13857.421875	-111.309967
13863.281250	-110.203232
13869.140625	-110.157616
13875.000000	-111.084526
13880.859375	-111.432961
13886.718750	-111.250938
13892.578125	-110.905212
13898.437500	-111.275208
13904.296875	-111.538834
13910.156250	-110.489586
13916.015625	-110.192001
13921.875000	-110.626640
13927.734375	-110.946121
13933.593750	-111.551208
13939.453125	-111.733536
13945.312500	-112.454559
13951.171875	-111.129921
13957.031250	-110.850471
13962.890625	-110.045929
13968.750000	-109.907555
13974.609375	-110.868813
13980.468750	-110.983894
13986.328125	-111.990303
13992.187500	-112.093002
13998.046875	-111.325600
14003.906250	-111.453377
14009.765625	-112.236511
14015.625000	-112.405922
14021.484375	-111.140633
14027.343750	-110.538086
14033.203125	-110.883034
14039.062500	-111.303055
14044.921875	-111.009621
14050.781250	-110.290985
14056.640625	-110.404533
14062.500000	-111.148605
14068.359375	-111.566460
14074.218750	-111.594650
14080.078125	-110.964272
14085.937500	-111.731323
14091.796875	-111.075981
14097.656250	-110.334938
14103.515625	-110.712486
14109.375000	-110.749214
14115.234375	-110.141113
14121.093750	-110.589394
14126.953125	-111.806992
14132.812500	-111.823433
14138.671875	-110.563377
14144.531250	-109.668747
14150.390625	-109.304680
14156.250000	-110.015076
14162.109375	-110.404907
14167.968750	-110.981003
14173.828125	-111.057236
14179.687500	-111.239128
14185.546875	-111.907944
14191.406250	-111.185677
14197.265625	-110.571999
14203.125000	-110.238022
14208.984375	-110.271210
14214.843750	-110.499237
14220.703125	-111.206848
14226.562500	-112.015999
14232.421875	-110.920746
14238.281250	-110.779633
14244.140625	-111.455490
14250.000000	-110.433762
14255.859375	-110.016129
14261.718750	-111.277206
14267.578125	-111.129417
14273.437500	-111.207169
14279.296875	-110.848679
14285.156250	-110.906693
14291.015625	-110.016373
14296.875000	-109.937492
14302.734375	-110.707382
14308.593750	-111.225471
14314.453125	-111.751915
14320.312500	-111.837624
14326.171875	-111.031471
14332.031250	-110.781952
14337.890625	-110.920128
14343.750000	-110.828270
14349.609375	-110.773193
14355.468750	-111.089386
14361.328125	-111.948242
14367.187500	-110.651184
14373.046875	-110.530411
14378.906250	-110.539627
14384.765625	-109.731857
14390.625000	-111.039215
14396.484375	-110.797218
14402.343750	-111.599030
14408.203125	-112.339699
14414.062500	-111.245811
14419.921875	-110.033310
14425.781250	-110.304939
14431.640625	-110.437248
14437.500000	-111.829758
14443.359375	-111.137772
14449.218750	-110.938927
14455.078125	-110.941864
14460.937500	-110.447327
14466.796875	-110.614090
14472.656250	-111.824104
14478.515625	-112.061096
14484.375000	-111.117271
14490.234375	-110.933533
14496.093750	-111.813644
14501.953125	-111.597000
14507.812500	-112.760635
14513.671875	-112.302315
14519.531250	-111.680519
14525.390625	-112.361443
14531.250000	-112.328011
14537.109375	-110.983917
14542.968750	-111.150970
14548.828125	-110.925735
14554.687500	-111.412735
14560.546875	-111.768005
14566.406250	-111.267303
14572.265625	-111.291138
14578.125000	-111.375130
14583.984375	-111.230545
14589.843750	-110.851555
14595.703125	-111.421326
14601.562500	-111.257729
14607.421875	-111.647560
14613.281250	-111.235634
14619.140625	-111.037666
14625.000000	-111.021835
14630.859375	-110.786041
14636.718750	-110.820435
14642.578125	-111.485909
14648.437500	-111.353622
14654.296875	-110.914619
14660.156250	-111.810249
14666.015625	-111.868500
14671.875000	-111.609085
14677.734375	-110.630035
14683.593750	-110.649612
14689.453125	-110.808716
14695.312500	-111.411491
14701.171875	-111.246796
14707.031250	-111.565826
14712.890625	-111.327034
14718.750000	-110.613548
14724.609375	-110.518311
14730.468750	-111.432396
14736.328125	-111.792259
14742.187500	-111.098770
14748.046875	-110.577278
14753.906250	-111.023911
14759.765625	-111.042595
14765.625000	-110.746109
14771.484375	-110.948265
14777.343750	-111.807091
14783.203125	-112.225563
14789.062500	-111.962807
14794.921875	-111.213135
14800.781250	-111.756638
14806.640625	-111.256058
14812.500000	-111.236389
14818.359375	-111.506165
14824.218750	-110.844856
14830.078125	-110.883957
14835.937500	-111.479156
14841.796875	-110.724564
14847.656250	-111.237900
14853.515625	-111.593323
14859.375000	-110.963913
14865.234375	-111.271179
14871.093750	-111.093689
14876.953125	-110.988495
14882.812500	-112.090866
14888.671875	-112.060699
14894.531250	-111.839874
14900.390625	-110.978073
14906.250000	-111.223495
14912.109375	-111.371094
14917.968750	-111.331299
14923.828125	-110.810204
14929.687500	-111.958893
14935.546875	-111.337234
14941.406250	-110.873360
14947.265625	-111.031197
14953.125000	-110.379845
14958.984375	-110.686852
14964.843750	-110.973671
14970.703125	-110.852821
14976.562500	-111.465721
14982.421875	-111.057526
14988.281250	-110.243813
14994.140625	-110.071609
15000.000000	-109.944366
15005.859375	-109.539368
15011.718750	-109.913612
15017.578125	-109.949722
15023.437500	-110.665619
15029.296875	-111.202339
15035.156250	-110.396873
15041.015625	-109.978973
15046.875000	-109.810623
15052.734375	-109.812523
15058.593750	-110.004852
15064.453125	-110.289169
15070.312500	-110.843758
15076.171875	-110.508812
15082.031250	-110.183876
15087.890625	-109.828163
15093.750000	-109.228134
15099.609375	-109.040108
15105.468750	-109.550522
15111.328125	-111.572029
15117.187500	-111.140656
15123.046875	-110.559509
15128.906250	-109.423210
15134.765625	-109.341064
15140.625000	-109.987915
15146.484375	-109.344849
15152.343750	-110.604324
15158.203125	-110.468056
15164.062500	-110.036705
15169.921875	-109.877174
15175.781250	-109.508064
15181.640625	-110.130623
15187.500000	-110.254051
15193.359375	-109.815666
15199.218750	-109.878448
15205.078125	-110.106789
15210.937500	-110.003586
15216.796875	-110.893188
15222.656250	-111.096588
15228.515625	-110.297722
15234.375000	-109.422661
15240.234375	-110.292030
15246.093750	-110.367363
15251.953125	-110.407043
15257.812500	-109.977707
15263.671875	-110.219719
15269.531250	-110.366219
15275.390625	-110.647247
15281.250000	-110.856056
15287.109375	-110.257950
15292.968750	-110.153786
15298.828125	-110.136177
15304.687500	-110.605408
15310.546875	-110.208565
15316.406250	-109.765938
15322.265625	-110.180328
15328.125000	-110.139290
15333.984375	-110.375572
15339.843750	-109.645065
15345.703125	-110.170586
15351.562500	-110.579346
15357.421875	-109.843536
15363.281250	-109.128593
15369.140625	-109.306831
15375.000000	-109.321236
15380.859375	-110.054871
15386.718750	-110.640686
15392.578125	-109.568199
15398.437500	-109.701248
15404.296875	-110.520302
15410.156250	-109.378548
15416.015625	-109.527077
15421.875000	-109.389145
15427.734375	-109.725769
15433.593750	-110.771500
15439.453125	-110.729828
15445.312500	-110.606567
15451.171875	-110.453697
15457.031250	-110.480827
15462.890625	-109.697960
15468.750000	-109.654198
15474.609375	-109.933411
15480.468750	-109.450981
15486.328125	-109.553169
15492.187500	-110.471306
15498.046875	-111.206184
15503.906250	-110.544968
15509.765625	-109.643707
15515.625000	-110.110588
15521.484375	-110.595413
15527.343750	-110.614563
15533.203125	-110.155273
15539.062500	-109.997597
15544.921875	-109.937050
15550.781250	-110.071190
15556.640625	-110.250908
15562.500000	-110.106667
15568.359375	-110.120049
15574.218750	-110.272385
15580.078125	-110.560249
15585.937500	-111.011871
15591.796875	-111.182899
15597.656250	-110.545670
15603.515625	-109.789299
15609.375000	-108.972099
15615.234375	-109.428047
15621.093750	-110.197571
15626.953125	-110.731140
15632.812500	-111.409615
15638.671875	-110.767487
15644.531250	-109.318794
15650.390625	-109.547302
15656.250000	-110.393120
15662.109375	-109.945969
15667.968750	-110.465118
15673.828125	-110.469849
15679.687500	-110.277199
15685.546875	-109.958130
15691.406250	-110.112907
15697.265625	-110.049240
15703.125000	-109.746323
15708.984375	-110.802261
15714.843750	-110.366447
15720.703125	-110.158058
15726.562500	-110.165680
15732.421875	-111.134880
15738.281250	-110.961571
15744.140625	-109.905022
15750.000000	-109.165649
15755.859375	-109.573341
15761.718750	-110.089333
15767.578125	-110.108215
15773.437500	-110.554703
15779.296875	-110.316986
15785.156250	-110.530525
15791.015625	-110.157265
15796.875000	-110.389503
15802.734375	-110.104362
15808.593750	-110.285583
15814.453125	-110.100723
15820.312500	-109.319992
15826.171875	-108.856300
15832.031250	-109.692612
15837.890625	-109.640495
15843.750000	-110.158684
15849.609375	-109.871292
15855.468750	-109.918282
15861.328125	-110.230530
15867.187500	-110.747192
15873.046875	-110.003288
15878.906250	-109.950096
15884.765625	-109.079483
15890.625000	-108.769142
15896.484375	-108.962624
15902.343750	-109.841278
15908.203125	-110.233452
15914.062500	-110.174576
15919.921875	-109.997841
15925.781250	-110.204575
15931.640625	-109.537415
15937.500000	-109.073692
15943.359375	-109.679047
15949.218750	-110.095917
15955.078125	-110.469376
15960.937500	-109.950966
15966.796875	-110.108673
15972.656250	-109.635788
15978.515625	-109.834770
15984.375000	-109.985031
15990.234375	-110.550529
15996.093750	-111.391510
16001.953125	-110.868362
16007.812500	-109.961731
16013.671875	-110.012115
16019.531250	-109.947350
16025.390625	-109.829590
16031.250000	-109.521980
16037.109375	-109.332939
16042.968750	-110.338249
16048.828125	-110.682266
16054.687500	-110.773346
16060.546875	-110.382111
16066.406250	-111.361427
16072.265625	-111.194550
16078.125000	-109.929909
16083.984375	-109.966324
16089.843750	-110.663322
16095.703125	-110.469711
16101.562500	-111.054520
16107.421875	-110.482780
16113.281250	-109.923149
16119.140625	-109.428078
16125.000000	-109.713516
16130.859375	-111.243393
16136.718750	-111.044868
16142.578125	-110.155037
16148.437500	-109.585037
16154.296875	-110.113144
16160.156250	-110.068840
16166.015625	-110.284706
16171.875000	-109.887199
16177.734375	-110.033073
16183.593750	-109.444954
16189.453125	-109.844780
16195.312500	-110.469742
16201.171875	-110.731041
16207.031250	-109.998466
16212.890625	-110.167213
16218.750000	-109.906235
16224.609375	-111.229698
16230.468750	-110.669212
16236.328125	-109.845047
16242.187500	-109.871399
16248.046875	-111.185646
16253.906250	-110.783546
16259.765625	-110.765198
16265.625000	-110.865753
16271.484375	-110.145638
16277.343750	-110.356224
16283.203125	-110.913086
16289.062500	-111.866417
16294.921875	-111.113678
16300.781250	-110.309334
16306.640625	-110.626030
16312.500000	-110.632607
16318.359375	-109.752754
16324.218750	-110.304329
16330.078125	-110.779243
16335.937500	-110.285110
16341.796875	-109.915375
16347.656250	-110.169983
16353.515625	-109.478539
16359.375000	-109.763695
16365.234375	-110.193092
16371.093750	-110.879288
16376.953125	-110.098801
16382.812500	-110.741989
16388.671875	-110.510704
16394.531250	-110.209564
16400.390625	-110.496803
16406.250000	-110.297829
16412.109375	-110.367104
16417.968750	-109.736420
16423.828125	-110.188301
16429.687500	-110.405449
16435.546875	-109.909126
16441.406250	-109.624176
16447.265625	-110.665199
16453.125000	-109.475639
16458.984375	-109.691154
16464.843750	-109.454689
16470.703125	-110.661621
16476.562500	-111.270767
16482.421875	-110.455772
16488.281250	-110.153786
16494.140625	-109.562881
16500.000000	-108.202156
16505.859375	-107.677284
16511.718750	-109.529861
16517.578125	-110.375961
16523.437500	-109.872124
16529.296875	-110.075005
16535.156250	-111.408241
16541.015625	-110.876862
16546.875000	-110.022545
16552.734375	-109.889870
16558.593750	-110.357780
16564.453125	-110.764572
16570.312500	-110.670990
16576.171875	-111.312439
16582.031250	-110.749138
16587.890625	-109.407921
16593.750000	-110.599472
16599.609375	-110.804665
16605.468750	-110.600128
16611.328125	-110.780449
16617.187500	-110.814339
16623.046875	-110.907707
16628.906250	-109.723625
16634.765625	-109.406281
16640.625000	-108.696121
16646.484375	-109.327393
16652.343750	-110.579514
16658.203125	-110.852341
16664.062500	-110.465172
16669.921875	-110.814499
16675.781250	-110.843033
16681.640625	-110.674629
16687.500000	-110.466393
16693.359375	-109.474495
16699.218750	-110.253708
16705.078125	-109.865555
16710.937500	-110.372673
16716.796875	-110.167374
16722.656250	-108.963615
16728.515625	-108.758583
16734.375000	-109.295387
16740.234375	-108.925095
16746.093750	-108.707520
16751.953125	-109.639511
16757.812500	-110.110268
16763.671875	-110.286301
16769.531250	-109.951874
16775.390625	-110.423492
16781.250000	-109.949310
16787.109375	-109.037788
16792.968750	-109.210892
16798.828125	-109.965973
16804.687500	-111.021324
16810.546875	-110.480713
16816.406250	-109.535828
16822.265625	-109.423637
16828.125000	-109.675758
16833.984375	-110.400497
16839.843750	-110.698112
16845.703125	-110.785004
16851.562500	-110.511978
16857.421875	-110.569099
16863.281250	-110.484665
16869.140625	-110.077431
16875.000000	-110.178444
16880.859375	-110.158920
16886.718750	-110.282051
16892.578125	-110.544456
16898.437500	-109.982254
16904.296875	-110.002014
16910.156250	-109.099350
16916.015625	-108.492027
16921.875000	-109.122459
16927.734375	-109.083145
16933.593750	-110.656616
16939.453125	-110.549683
16945.312500	-110.860199
16951.171875	-112.106651
16957.031250	-111.394386
16962.890625	-110.261177
16968.750000	-109.187744
16974.609375	-108.779274
16980.468750	-109.735466
16986.328125	-110.641983
16992.187500	-109.423347
16998.046875	-109.311951
17003.906250	-109.516663
17009.765625	-109.330154
17015.625000	-109.702957
17021.484375	-109.746185
17027.343750	-110.629250
17033.203125	-110.060226
17039.062500	-109.817879
17044.921875	-111.242828
17050.781250	-110.644958
17056.640625	-110.112549
17062.500000	-109.956963
17068.359375	-110.030640
17074.218750	-110.130501
17080.078125	-109.947250
17085.937500	-110.605370
17091.796875	-110.091164
17097.656250	-109.799110
17103.515625	-109.686592
17109.375000	-109.686562
17115.234375	-110.415001
17121.093750	-110.271713
17126.953125	-110.278152
17132.812500	-110.495941
17138.671875	-110.082840
17144.531250	-110.241493
17150.390625	-109.339661
17156.250000	-109.047852
17162.109375	-109.686264
17167.968750	-110.518211
17173.828125	-109.844383
17179.687500	-109.656281
17185.546875	-109.880585
17191.406250	-109.005905
17197.265625	-108.334869
17203.125000	-108.752617
17208.984375	-109.862160
17214.843750	-109.989647
17220.703125	-110.982430
17226.562500	-110.841614
17232.421875	-110.654434
17238.281250	-111.516693
17244.140625	-112.095833
17250.000000	-112.037750
17255.859375	-111.738808
17261.718750	-111.545982
17267.578125	-112.613312
17273.437500	-112.793655
17279.296875	-112.800186
17285.156250	-112.701141
17291.015625	-112.747765
17296.875000	-111.869461
17302.734375	-111.285606
17308.593750	-110.979721
17314.453125	-111.685165
17320.312500	-113.044891
17326.171875	-112.283096
17332.031250	-112.231407
17337.890625	-112.940216
17343.750000	-111.875778
17349.609375	-111.668900
17355.468750	-111.643463
17361.328125	-111.633667
17367.187500	-112.076836
17373.046875	-111.880234
17378.906250	-111.788406
17384.765625	-111.682770
17390.625000	-111.212402
17396.484375	-110.718613
17402.343750	-110.674393
17408.203125	-110.800377
17414.062500	-112.327072
17419.921875	-112.827988
17425.781250	-112.825096
17431.640625	-112.000732
17437.500000	-111.455879
17443.359375	-110.886368
17449.218750	-110.858444
17455.078125	-112.372589
17460.937500	-112.120689
17466.796875	-111.409187
17472.656250	-112.390747
17478.515625	-112.317825
17484.375000	-112.141441
17490.234375	-111.409958
17496.093750	-111.859993
17501.953125	-112.502090
17507.812500	-112.298965
17513.671875	-111.948898
17519.531250	-112.036018
17525.390625	-111.573906
17531.250000	-110.656410
17537.109375	-110.991425
17542.968750	-111.326897
17548.828125	-111.831169
17554.687500	-112.021248
17560.546875	-112.071289
17566.406250	-112.185883
17572.265625	-111.817635
17578.125000	-111.946434
17583.984375	-111.417519
17589.843750	-112.298195
17595.703125	-112.119370
17601.562500	-111.968712
17607.421875	-112.201637
17613.281250	-111.618889
17619.140625	-111.780289
17625.000000	-111.739380
17630.859375	-111.197517
17636.718750	-111.737091
17642.578125	-111.757187
17648.437500	-112.467079
17654.296875	-112.079659
17660.156250	-111.439682
17666.015625	-111.155052
17671.875000	-111.238518
17677.734375	-111.204475
17683.593750	-112.000549
17689.453125	-112.531860
17695.312500	-111.754219
17701.171875	-111.777405
17707.031250	-111.216705
17712.890625	-111.572449
17718.750000	-111.664330
17724.609375	-112.172058
17730.468750	-112.767258
17736.328125	-113.487709
17742.187500	-112.136047
17748.046875	-112.772224
17753.906250	-112.420189
17759.765625	-111.869675
17765.625000	-112.534599
17771.484375	-111.211113
17777.343750	-111.199730
17783.203125	-111.877312
17789.062500	-112.530655
17794.921875	-111.953407
17800.781250	-112.145668
17806.640625	-111.667221
17812.500000	-111.183937
17818.359375	-112.066086
17824.218750	-111.999161
17830.078125	-111.843781
17835.937500	-112.035904
17841.796875	-110.935310
17847.656250	-111.064667
17853.515625	-111.895798
17859.375000	-111.874886
17865.234375	-111.839386
17871.093750	-111.963188
17876.953125	-111.472717
17882.812500	-112.326729
17888.671875	-112.116371
17894.531250	-112.634911
17900.390625	-113.142189
17906.250000	-111.988266
17912.109375	-111.984215
17917.968750	-111.862549
17923.828125	-112.227959
17929.687500	-112.390312
17935.546875	-112.038971
17941.406250	-111.561890
17947.265625	-111.734665
17953.125000	-111.556671
17958.984375	-111.300964
17964.843750	-112.337471
17970.703125	-112.980766
17976.562500	-111.617531
17982.421875	-112.350052
17988.281250	-112.203156
17994.140625	-111.854454
18000.000000	-111.173378
18005.859375	-111.415504
18011.718750	-111.444824
18017.578125	-112.399246
18023.437500	-112.067001
18029.296875	-111.993568
18035.156250	-112.090302
18041.015625	-111.386871
18046.875000	-111.559532
18052.734375	-110.986801
18058.593750	-111.019653
18064.453125	-112.075539
18070.312500	-111.040077
18076.171875	-111.225136
18082.031250	-111.708153
18087.890625	-111.139740
18093.750000	-111.012428
18099.609375	-111.274269
18105.468750	-111.126709
18111.328125	-111.865402
18117.187500	-112.043045
18123.046875	-111.155853
18128.906250	-112.095787
18134.765625	-111.146309
18140.625000	-110.801620
18146.484375	-110.730927
18152.343750	-111.251740
18158.203125	-110.811798
18164.062500	-111.564186
18169.921875	-112.256104
18175.781250	-112.028839
18181.640625	-111.918831
18187.500000	-110.831490
18193.359375	-111.032898
18199.218750	-111.966591
18205.078125	-111.682617
18210.937500	-112.286209
18216.796875	-113.402214
18222.656250	-112.420700
18228.515625	-111.092926
18234.375000	-111.061768
18240.234375	-111.370499
18246.093750	-112.864182
18251.953125	-112.997505
18257.812500	-112.617203
18263.671875	-111.947212
18269.531250	-111.346443
18275.390625	-111.207146
18281.250000	-110.948517
18287.109375	-111.857841
18292.968750	-111.664307
18298.828125	-111.081970
18304.687500	-110.722084
18310.546875	-110.847519
18316.406250	-111.479324
18322.265625	-110.776932
18328.125000	-109.904091
18333.984375	-110.481514
18339.843750	-110.784119
18345.703125	-111.128860
18351.562500	-111.975365
18357.421875	-112.500053
18363.281250	-111.171295
18369.140625	-111.777992
18375.000000	-111.849373
18380.859375	-111.123627
18386.718750	-111.477913
18392.578125	-112.040665
18398.437500	-111.195236
18404.296875	-112.148018
18410.156250	-111.902817
18416.015625	-110.901299
18421.875000	-111.052620
18427.734375	-111.137886
18433.593750	-111.157738
18439.453125	-111.647499
18445.312500	-111.787758
18451.171875	-110.900452
18457.031250	-111.364960
18462.890625	-111.872177
18468.750000	-111.320465
18474.609375	-111.706322
18480.468750	-111.133064
18486.328125	-110.824776
18492.187500	-111.074883
18498.046875	-111.768761
18503.906250	-110.943359
18509.765625	-111.056618
18515.625000	-111.123901
18521.484375	-111.552864
18527.343750	-111.768921
18533.203125	-110.998428
18539.062500	-111.476425
18544.921875	-111.138466
18550.781250	-110.911263
18556.640625	-110.812759
18562.500000	-111.287239
18568.359375	-111.250404
18574.218750	-111.368332
18580.078125	-110.601776
18585.937500	-109.821404
18591.796875	-110.995193
18597.656250	-111.474922
18603.515625	-111.100433
18609.375000	-110.321068
18615.234375	-110.704163
18621.093750	-111.393402
18626.953125	-111.960770
18632.812500	-111.703011
18638.671875	-111.371826
18644.531250	-110.616745
18650.390625	-111.022133
18656.250000	-110.220566
18662.109375	-109.916832
18667.968750	-110.870186
18673.828125	-111.900116
18679.687500	-111.289627
18685.546875	-110.769974
18691.406250	-110.783730
18697.265625	-110.408707
18703.125000	-109.812325
18708.984375	-110.896378
18714.843750	-111.537064
18720.703125	-111.422226
18726.562500	-111.648933
18732.421875	-111.067513
18738.281250	-112.371323
18744.140625	-111.208878
18750.000000	-110.676529
18755.859375	-110.632248
18761.718750	-111.540817
18767.578125	-112.108368
18773.437500	-111.309738
18779.296875	-110.779221
18785.156250	-110.886917
18791.015625	-111.112770
18796.875000	-111.236641
18802.734375	-110.833916
18808.593750	-110.988503
18814.453125	-111.118568
18820.312500	-111.053207
18826.171875	-112.263885
18832.031250	-111.064774
18837.890625	-109.902573
18843.750000	-110.636444
18849.609375	-111.449608
18855.468750	-111.504662
18861.328125	-110.722954
18867.187500	-111.050652
18873.046875	-112.428467
18878.906250	-111.141281
18884.765625	-110.422470
18890.625000	-111.397705
18896.484375	-111.464561
18902.343750	-111.641586
18908.203125	-111.412819
18914.062500	-111.380463
18919.921875	-111.347321
18925.781250	-110.881310
18931.640625	-110.541313
18937.500000	-111.109543
18943.359375	-111.139557
18949.218750	-111.209808
18955.078125	-112.014763
18960.937500	-111.911446
18966.796875	-110.309753
18972.656250	-110.765099
18978.515625	-111.056404
18984.375000	-111.278580
18990.234375	-111.116302
18996.093750	-110.951065
19001.953125	-110.543381
19007.812500	-111.309425
19013.671875	-110.273216
19019.531250	-111.639900
19025.390625	-111.657005
19031.250000	-111.293457
19037.109375	-111.818794
19042.968750	-111.862762
19048.828125	-111.436417
19054.687500	-111.575127
19060.546875	-111.221336
19066.406250	-111.096321
19072.265625	-110.670250
19078.125000	-109.771133
19083.984375	-110.513107
19089.843750	-111.004333
19095.703125	-110.993973
19101.562500	-111.649239
19107.421875	-111.211815
19113.281250	-111.258827
19119.140625	-111.104172
19125.000000	-110.387672
19130.859375	-110.360405
19136.718750	-110.631416
19142.578125	-110.675781
19148.437500	-110.785683
19154.296875	-111.391205
19160.156250	-110.672691
19166.015625	-110.114586
19171.875000	-109.939125
19177.734375	-110.739540
19183.593750	-111.062271
19189.453125	-110.479294
19195.312500	-110.560791
19201.171875	-110.980949
19207.031250	-110.538475
19212.890625	-110.036095
19218.750000	-110.218796
19224.609375	-110.124702
19230.468750	-110.938644
19236.328125	-111.152023
19242.187500	-111.469955
19248.046875	-110.759117
19253.906250	-110.577820
19259.765625	-110.744072
19265.625000	-110.740608
19271.484375	-110.851501
19277.343750	-111.730591
19283.203125	-111.221596
19289.062500	-111.186920
19294.921875	-110.476494
19300.781250	-110.272293
19306.640625	-110.697899
19312.500000	-110.986267
19318.359375	-110.347458
19324.218750	-110.260933
19330.078125	-110.881790
19335.937500	-111.568047
19341.796875	-110.809334
19347.656250	-110.196991
19353.515625	-110.629227
19359.375000	-110.529015
19365.234375	-109.469620
19371.093750	-109.424545
19376.953125	-110.756714
19382.812500	-110.504814
19388.671875	-111.278610
19394.531250	-111.060356
19400.390625	-110.709900
19406.250000	-110.146637
19412.109375	-111.276688
19417.968750	-110.544006
19423.828125	-110.023956
19429.687500	-110.616768
19435.546875	-111.235184
19441.406250	-111.094368
19447.265625	-110.251389
19453.125000	-110.035065
19458.984375	-110.576256
19464.843750	-110.473892
19470.703125	-111.430649
19476.562500	-110.986320
19482.421875	-110.446785
19488.281250	-110.550400
19494.140625	-110.534424
19500.000000	-110.221962
19505.859375	-109.839493
19511.718750	-111.480362
19517.578125	-111.003296
19523.437500	-110.813332
19529.296875	-110.370590
19535.156250	-110.696968
19541.015625	-110.265892
19546.875000	-110.650673
19552.734375	-109.795151
19558.593750	-110.349243
19564.453125	-110.689804
19570.312500	-110.776939
19576.171875	-111.104836
19582.031250	-110.195969
19587.890625	-109.816681
19593.750000	-109.725273
19599.609375	-110.209709
19605.468750	-110.153244
19611.328125	-110.583359
19617.187500	-110.275017
19623.046875	-110.162811
19628.906250	-109.976181
19634.765625	-109.969406
19640.625000	-109.922600
19646.484375	-110.177292
19652.343750	-110.250366
19658.203125	-110.720558
19664.062500	-110.932846
19669.921875	-110.923363
19675.781250	-110.356644
19681.640625	-110.468040
19687.500000	-110.051125
19693.359375	-109.771637
19699.218750	-109.434036
19705.078125	-110.645134
19710.937500	-111.252350
19716.796875	-110.345856
19722.656250	-109.821838
19728.515625	-109.225258
19734.375000	-108.989822
19740.234375	-109.273003
19746.093750	-110.630150
19751.953125	-111.387405
19757.812500	-111.842506
19763.671875	-110.570824
19769.531250	-110.343636
19775.390625	-109.901634
19781.250000	-109.760796
19787.109375	-109.276573
19792.968750	-109.589005
19798.828125	-109.668907
19804.687500	-109.600456
19810.546875	-111.179985
19816.406250	-111.166611
19822.265625	-110.012421
19828.125000	-109.784447
19833.984375	-110.923058
19839.843750	-109.373032
19845.703125	-110.321655
19851.562500	-111.056274
19857.421875	-110.415581
19863.281250	-111.129028
19869.140625	-110.696457
19875.000000	-110.090553
19880.859375	-109.829277
19886.718750	-110.427406
19892.578125	-111.045403
19898.437500	-110.497055
19904.296875	-109.952278
19910.156250	-109.209892
19916.015625	-109.448730
19921.875000	-110.032539
19927.734375	-109.451454
19933.593750	-109.740814
19939.453125	-109.926682
19945.312500	-109.893654
19951.171875	-109.385422
19957.031250	-109.645042
19962.890625	-109.453621
19968.750000	-109.463844
19974.609375	-110.227188
19980.468750	-110.234436
19986.328125	-110.355194
19992.187500	-109.955223
19998.046875	-109.499603
20003.906250	-109.663231
20009.765625	-109.741753
20015.625000	-109.885979
20021.484375	-109.996262
20027.343750	-109.658134
20033.203125	-110.042015
20039.062500	-110.194397
20044.921875	-109.935242
20050.781250	-110.955902
20056.640625	-110.627670
20062.500000	-110.517769
20068.359375	-110.050568
20074.218750	-110.426003
20080.078125	-110.652031
20085.937500	-110.387657
20091.796875	-110.189980
20097.656250	-109.848061
20103.515625	-108.348724
20109.375000	-108.649864
20115.234375	-109.693878
20121.093750	-110.206429
20126.953125	-110.918633
20132.812500	-111.040665
20138.671875	-109.682953
20144.531250	-109.864632
20150.390625	-109.357826
20156.250000	-109.157425
20162.109375	-108.768608
20167.968750	-109.612595
20173.828125	-109.910301
20179.687500	-109.041359
20185.546875	-109.084496
20191.406250	-109.519211
20197.265625	-109.714539
20203.125000	-109.570168
20208.984375	-109.897362
20214.843750	-109.919899
20220.703125	-109.836861
20226.562500	-110.164543
20232.421875	-110.215820
20238.281250	-109.656212
20244.140625	-109.075935
20250.000000	-110.563042
20255.859375	-111.069595
20261.718750	-111.019386
20267.578125	-110.279305
20273.437500	-109.947304
20279.296875	-110.146027
20285.156250	-109.791435
20291.015625	-108.727486
20296.875000	-109.453316
20302.734375	-109.803314
20308.593750	-109.900185
20314.453125	-111.117409
20320.312500	-111.193481
20326.171875	-110.220009
20332.031250	-110.668015
20337.890625	-110.080551
20343.750000	-110.307411
20349.609375	-110.420959
20355.468750	-109.069847
20361.328125	-109.256271
20367.187500	-109.060463
20373.046875	-108.782951
20378.906250	-109.640671
20384.765625	-109.111740
20390.625000	-109.538849
20396.484375	-109.398430
20402.343750	-109.939758
20408.203125	-110.298973
20414.062500	-110.612602
20419.921875	-110.423813
20425.781250	-109.689705
20431.640625	-109.369888
20437.500000	-109.128273
20443.359375	-108.978874
20449.218750	-109.837341
20455.078125	-109.930916
20460.937500	-109.928284
20466.796875	-110.237183
20472.656250	-109.700539
20478.515625	-109.239540
20484.375000	-109.797104
20490.234375	-109.727661
20496.093750	-109.149033
20501.953125	-109.529633
20507.812500	-110.688080
20513.671875	-110.444763
20519.531250	-109.971359
20525.390625	-110.092438
20531.250000	-110.032425
20537.109375	-109.586647
20542.968750	-109.678619
20548.828125	-110.137688
20554.687500	-110.221725
20560.546875	-110.243256
20566.406250	-109.743492
20572.265625	-109.147339
20578.125000	-108.877281
20583.984375	-109.632637
20589.843750	-110.317780
20595.703125	-110.945435
20601.562500	-110.639160
20607.421875	-109.850067
20613.281250	-110.427589
20619.140625	-110.056366
20625.000000	-109.594650
20630.859375	-110.142815
20636.718750	-110.088112
20642.578125	-109.923256
20648.437500	-110.598068
20654.296875	-110.163849
20660.156250	-110.228004
20666.015625	-110.459732
20671.875000	-109.232620
20677.734375	-108.967720
20683.593750	-110.497223
20689.453125	-110.440773
20695.312500	-110.749084
20701.171875	-110.570259
20707.031250	-109.906677
20712.890625	-110.341698
20718.750000	-111.020721
20724.609375	-110.688202
20730.468750	-109.534210
20736.328125	-109.551788
20742.187500	-110.061638
20748.046875	-109.667801
20753.906250	-109.747673
20759.765625	-109.451881
20765.625000	-109.245041
20771.484375	-110.729469
20777.343750	-110.367294
20783.203125	-110.018814
20789.062500	-110.069443
20794.921875	-110.287895
20800.781250	-109.590271
20806.640625	-109.578041
20812.500000	-109.039520
20818.359375	-109.544212
20824.218750	-109.128784
20830.078125	-109.241074
20835.937500	-110.055244
20841.796875	-110.690895
20847.656250	-110.688179
20853.515625	-109.880836
20859.375000	-109.774765
20865.234375	-109.867561
20871.093750	-109.775414
20876.953125	-110.163994
20882.812500	-110.423477
20888.671875	-109.751900
20894.531250	-109.908463
20900.390625	-109.447533
20906.250000	-110.072929
20912.109375	-110.817017
20917.968750	-110.185989
20923.828125	-111.062668
20929.687500	-111.554153
20935.546875	-111.389526
20941.406250	-110.939857
20947.265625	-109.969643
20953.125000	-109.728111
20958.984375	-109.949799
20964.843750	-110.662773
20970.703125	-111.218018
20976.562500	-110.282776
20982.421875	-109.755867
20988.281250	-110.368240
20994.140625	-111.223999
21000.000000	-110.322891
21005.859375	-110.474678
21011.718750	-110.875580
21017.578125	-109.354057
21023.437500	-109.646370
21029.296875	-110.127609
21035.156250	-110.496071
21041.015625	-110.739288
21046.875000	-110.131775
21052.734375	-109.732925
21058.593750	-109.684647
21064.453125	-110.384506
21070.312500	-111.288307
21076.171875	-111.518669
21082.031250	-111.982330
21087.890625	-110.864304
21093.750000	-109.999130
21099.609375	-110.360054
21105.468750	-110.523170
21111.328125	-110.899475
21117.187500	-111.492279
21123.046875	-110.819580
21128.906250	-109.962654
21134.765625	-110.401573
21140.625000	-110.952255
21146.484375	-110.979240
21152.343750	-110.494492
21158.203125	-110.501503
21164.062500	-110.845139
21169.921875	-110.215706
21175.781250	-109.674080
21181.640625	-111.113205
21187.500000	-111.255280
21193.359375	-110.956894
21199.218750	-110.522202
21205.078125	-111.537231
21210.937500	-112.054550
21216.796875	-112.244904
21222.656250	-111.464218
21228.515625	-110.119186
21234.375000	-109.900429
21240.234375	-110.975143
21246.093750	-111.989975
21251.953125	-111.680092
21257.812500	-111.372719
21263.671875	-110.343315
21269.531250	-110.306381
21275.390625	-110.585838
21281.250000	-110.524223
21287.109375	-110.612961
21292.968750	-110.286064
21298.828125	-110.342842
21304.687500	-110.313057
21310.546875	-109.480782
21316.406250	-109.668907
21322.265625	-110.027489
21328.125000	-110.931190
21333.984375	-111.125809
21339.843750	-111.425262
21345.703125	-111.247314
21351.562500	-111.103966
21357.421875	-111.458611
21363.281250	-111.328545
21369.140625	-110.252014
21375.000000	-109.747070
21380.859375	-110.455872
21386.718750	-110.101501
21392.578125	-110.542473
21398.437500	-111.279839
21404.296875	-110.791069
21410.156250	-110.889267
21416.015625	-111.188332
21421.875000	-111.662849
21427.734375	-112.192696
21433.593750	-113.137291
21439.453125	-112.087059
21445.312500	-112.311302
21451.171875	-112.572601
21457.031250	-111.993790
21462.890625	-111.801392
21468.750000	-111.719681
21474.609375	-110.817986
21480.468750	-111.178085
21486.328125	-111.300667
21492.187500	-111.370331
21498.046875	-111.516220
21503.906250	-111.203201
21509.765625	-111.494308
21515.625000	-111.330475
21521.484375	-111.264107
21527.343750	-112.245186
21533.203125	-111.887184
21539.062500	-112.287384
21544.921875	-111.789307
21550.781250	-110.629364
21556.640625	-110.270958
21562.500000	-110.711166
21568.359375	-111.106003
21574.218750	-110.550537
21580.078125	-111.811119
21585.937500	-111.659019
21591.796875	-112.507156
21597.656250	-111.932259
21603.515625	-111.830696
21609.375000	-112.010117
21615.234375	-111.800400
21621.093750	-111.349930
21626.953125	-113.137146
21632.812500	-112.351166
21638.671875	-111.762581
21644.531250	-111.358246
21650.390625	-111.144943
21656.250000	-111.346596
21662.109375	-111.996307
21667.968750	-112.342201
21673.828125	-112.054924
21679.687500	-111.834618
21685.546875	-111.969261
21691.406250	-111.349846
21697.265625	-111.093712
21703.125000	-111.085358
21708.984375	-110.887085
21714.843750	-111.668716
21720.703125	-112.063782
21726.562500	-112.633522
21732.421875	-112.821159
21738.281250	-112.700943
21744.140625	-112.189682
21750.000000	-112.301086
21755.859375	-113.062744
21761.718750	-112.636436
21767.578125	-112.543839
21773.437500	-113.172638
21779.296875	-113.240089
21785.156250	-112.114349
21791.015625	-111.762085
21796.875000	-111.650337
21802.734375	-112.975563
21808.593750	-112.998314
21814.453125	-112.607460
21820.312500	-113.552162
21826.171875	-113.661545
21832.031250	-112.531761
21837.890625	-112.148468
21843.750000	-111.688927
21849.609375	-111.682190
21855.468750	-112.591965
21861.328125	-112.835915
21867.187500	-113.329575
21873.046875	-113.574226
21878.906250	-114.126740
21884.765625	-114.188728
21890.625000	-112.884789
21896.484375	-112.759918
21902.343750	-113.354523
21908.203125	-113.385475
21914.062500	-113.972488
21919.921875	-112.685928
21925.781250	-112.193588
21931.640625	-113.504578
21937.500000	-113.865952
21943.359375	-114.362320
21949.218750	-113.989563
21955.078125	-114.170631
21960.937500	-114.904327
21966.796875	-114.159576
21972.656250	-113.394363
21978.515625	-113.436722
21984.375000	-113.368553
21990.234375	-113.217216
21996.093750	-113.265434
22001.953125	-113.981529
22007.812500	-114.219353
22013.671875	-114.723351
22019.531250	-113.249863
22025.390625	-113.505943
22031.250000	-114.651649
22037.109375	-113.925812
22042.968750	-113.569824
22048.828125	-113.580849
22054.687500	-114.571983
22060.546875	-114.354614
22066.406250	-113.569290
22072.265625	-112.840012
22078.125000	-112.795921
22083.984375	-113.707191
22089.843750	-113.765991
22095.703125	-114.288155
22101.562500	-115.481750
22107.421875	-114.597496
22113.281250	-114.667389
22119.140625	-113.875298
22125.000000	-113.596214
22130.859375	-114.196159
22136.718750	-114.856483
22142.578125	-114.288261
22148.437500	-114.614685
22154.296875	-114.835991
22160.156250	-114.639137
22166.015625	-113.939384
22171.875000	-113.702957
22177.734375	-114.529861
22183.593750	-114.383842
22189.453125	-114.706703
22195.312500	-115.097130
22201.171875	-115.406845
22207.031250	-115.277573
22212.890625	-115.773834
22218.750000	-116.072441
22224.609375	-115.587646
22230.468750	-115.049660
22236.328125	-114.301979
22242.187500	-114.168602
22248.046875	-115.477058
22253.906250	-115.377701
22259.765625	-114.877113
22265.625000	-115.708832
22271.484375	-116.360786
22277.343750	-115.802536
22283.203125	-115.396698
22289.062500	-115.488594
22294.921875	-115.776421
22300.781250	-114.984245
22306.640625	-114.292641
22312.500000	-114.599846
22318.359375	-116.381805
22324.218750	-115.626709
22330.078125	-114.916359
22335.937500	-116.185150
22341.796875	-116.356781
22347.656250	-116.472244
22353.515625	-116.321136
22359.375000	-115.315567
22365.234375	-115.412117
22371.093750	-115.997253
22376.953125	-116.082085
22382.812500	-115.633583
22388.671875	-116.289513
22394.531250	-116.649445
22400.390625	-116.748962
22406.250000	-115.953056
22412.109375	-116.134071
22417.968750	-117.045952
22423.828125	-116.683647
22429.687500	-114.256630
22435.546875	-115.429413
22441.406250	-117.831703
22447.265625	-117.161415
22453.125000	-117.032845
22458.984375	-116.837402
22464.843750	-116.841728
22470.703125	-117.023338
22476.562500	-116.483574
22482.421875	-116.872932
22488.281250	-116.348595
22494.140625	-116.179497
22500.000000	-116.498657
22505.859375	-117.496948
22511.718750	-117.531357
22517.578125	-117.651421
22523.437500	-117.802948
22529.296875	-117.525696
22535.156250	-116.442421
22541.015625	-117.102203
22546.875000	-118.325607
22552.734375	-118.319008
22558.593750	-118.428871
22564.453125	-120.823082
22570.312500	-124.207466
22576.171875	-126.103828
22582.031250	-129.458679
22587.890625	-131.730194
22593.750000	-132.266785
22599.609375	-132.045685
22605.468750	-131.419769
22611.328125	-131.609756
22617.187500	-131.536591
22623.046875	-131.835251
22628.906250	-131.801697
22634.765625	-132.871140
22640.625000	-133.194870
22646.484375	-132.165009
22652.343750	-131.641220
22658.203125	-131.456146
22664.062500	-132.461212
22669.921875	-132.379517
22675.781250	-131.822754
22681.640625	-132.025879
22687.500000	-132.799866
22693.359375	-131.722092
22699.218750	-131.804382
22705.078125	-132.039490
22710.937500	-131.873810
22716.796875	-132.853302
22722.656250	-132.333679
22728.515625	-131.975555
22734.375000	-132.242706
22740.234375	-132.461884
22746.093750	-132.055344
22751.953125	-131.700607
22757.812500	-131.227448
22763.671875	-131.009888
22769.531250	-131.176712
22775.390625	-131.101410
22781.250000	-131.701874
22787.109375	-132.231567
22792.968750	-132.187805
22798.828125	-132.859451
22804.687500	-132.872894
22810.546875	-132.056244
22816.406250	-131.737000
22822.265625	-131.023224
22828.125000	-131.053589
22833.984375	-131.550980
22839.843750	-131.763306
22845.703125	-131.551300
22851.562500	-130.844131
22857.421875	-131.914093
22863.281250	-132.226501
22869.140625	-132.560913
22875.000000	-132.166656
22880.859375	-131.976379
22886.718750	-133.020355
22892.578125	-133.280731
22898.437500	-133.059357
22904.296875	-133.227951
22910.156250	-132.044586
22916.015625	-131.315170
22921.875000	-131.096481
22927.734375	-131.679794
22933.593750	-131.331741
22939.453125	-132.148636
22945.312500	-132.311417
22951.171875	-131.930832
22957.031250	-131.192078
22962.890625	-131.091354
22968.750000	-131.277313
22974.609375	-131.912201
22980.468750	-132.458817
22986.328125	-131.698700
22992.187500	-131.160919
22998.046875	-131.276505
23003.906250	-131.348907
23009.765625	-131.310318
23015.625000	-132.352814
23021.484375	-131.882294
23027.343750	-132.371429
23033.203125	-132.946350
23039.062500	-132.349670
23044.921875	-132.230423
23050.781250	-131.610413
23056.640625	-131.630585
23062.500000	-131.813675
23068.359375	-131.946625
23074.218750	-132.001205
23080.078125	-132.556671
23085.937500	-132.116608
23091.796875	-131.845337
23097.656250	-131.362335
23103.515625	-131.731293
23109.375000	-130.436935
23115.234375	-131.128403
23121.093750	-132.340027
23126.953125	-132.804886
23132.812500	-131.760284
23138.671875	-132.074081
23144.531250	-132.523026
23150.390625	-132.895676
23156.250000	-132.753708
23162.109375	-132.364243
23167.968750	-132.681808
23173.828125	-131.818954
23179.687500	-131.876251
23185.546875	-132.538422
23191.406250	-132.793900
23197.265625	-131.764877
23203.125000	-131.942215
23208.984375	-132.084335
23214.843750	-132.529282
23220.703125	-133.464905
23226.562500	-132.466873
23232.421875	-131.714844
23238.281250	-131.346497
23244.140625	-131.718628
23250.000000	-131.061935
23255.859375	-131.318878
23261.718750	-131.850571
23267.578125	-131.876709
23273.437500	-132.388657
23279.296875	-132.997269
23285.156250	-132.841812
23291.015625	-131.965424
23296.875000	-131.351944
23302.734375	-132.130081
23308.593750	-132.147369
23314.453125	-132.009872
23320.312500	-132.003510
23326.171875	-131.490921
23332.031250	-131.403061
23337.890625	-132.629852
23343.750000	-132.789673
23349.609375	-132.339127
23355.468750	-132.533524
23361.328125	-132.061066
23367.187500	-131.876785
23373.046875	-132.201157
23378.906250	-132.020615
23384.765625	-131.908508
23390.625000	-131.340622
23396.484375	-131.162125
23402.343750	-131.552307
23408.203125	-132.257919
23414.062500	-132.646133
23419.921875	-132.419449
23425.781250	-132.703812
23431.640625	-133.173630
23437.500000	-132.975769
23443.359375	-132.855331
23449.218750	-132.092606
23455.078125	-132.513260
23460.937500	-132.161148
23466.796875	-131.293274
23472.656250	-132.062775
23478.515625	-131.824661
23484.375000	-131.598740
23490.234375	-132.401138
23496.093750	-132.421753
23501.953125	-132.105118
23507.812500	-131.300812
23513.671875	-131.185638
23519.531250	-131.829056
23525.390625	-131.675491
23531.250000	-131.538239
23537.109375	-132.247772
23542.968750	-132.419937
23548.828125	-131.231720
23554.687500	-130.990952
23560.546875	-132.562607
23566.406250	-131.411591
23572.265625	-130.927734
23578.125000	-132.009552
23583.984375	-132.268677
23589.843750	-132.443329
23595.703125	-131.675247
23601.562500	-131.088135
23607.421875	-131.577576
23613.281250	-131.148651
23619.140625	-131.351318
23625.000000	-131.775345
23630.859375	-131.768204
23636.718750	-131.986984
23642.578125	-132.158447
23648.437500	-131.585602
23654.296875	-131.136520
23660.156250	-132.096939
23666.015625	-132.748291
23671.875000	-132.437241
23677.734375	-132.682449
23683.593750	-132.734711
23689.453125	-132.477997
23695.312500	-132.255020
23701.171875	-132.386200
23707.031250	-132.897675
23712.890625	-132.989532
23718.750000	-132.648941
23724.609375	-131.864731
23730.468750	-132.153442
23736.328125	-132.138702
23742.187500	-132.197250
23748.046875	-132.484283
23753.906250	-131.640015
23759.765625	-132.756287
23765.625000	-133.085297
23771.484375	-132.218750
23777.343750	-132.247803
23783.203125	-132.712769
23789.062500	-132.423813
23794.921875	-132.174896
23800.781250	-131.480347
23806.640625	-130.995850
23812.500000	-131.157486
23818.359375	-132.039032
23824.218750	-132.268326
23830.078125	-132.352356
23835.937500	-132.143005
23841.796875	-132.123062
23847.656250	-132.949554
23853.515625	-133.026535
23859.375000	-131.907257
23865.234375	-132.024689
23871.093750	-131.631851
23876.953125	-131.465149
23882.812500	-132.157455
23888.671875	-132.824554
23894.531250	-132.604660
23900.390625	-132.950607
23906.250000	-131.191238
23912.109375	-131.364365
23917.968750	-132.436249
23923.828125	-132.041000
23929.687500	-130.845856
23935.546875	-131.540054
23941.406250	-132.504517
23947.265625	-131.932861
23953.125000	-131.876389
23958.984375	-131.751205
23964.843750	-131.289032
23970.703125	-131.680557
23976.562500	-131.830566
23982.421875	-131.707703
23988.281250	-131.784332
23994.140625	-131.907257
